0;1000 Miglia - 1927-1933 Volume 1;Racing / Car / Chase View;Games:0/1000Miglia1000Miglia.Slave;0;0;0;0
0;1000cc Turbo;Racing / Bike / Chase View;Games:0/1000ccTurbo1000ccTurbo.Slave;0;0;0;0
0;1869 - Erlebte Geschichte (Teil 1) (AGA) (German);Strategy / Trading;Games:0/1869AGADe1869AGADe.Slave;0;0;0;0
0;1869 - Erlebte Geschichte (Teil 1) (German);Strategy / Trading;Games:0/1869De1869De.Slave;0;0;0;0
0;1869 - History Experience (Part 1);Strategy / Trading;Games:0/18691869.Slave;0;0;0;0
0;1869 - History Experience (Part 1) (AGA);Strategy / Trading;Games:0/1869AGA1869AGA.Slave;0;0;0;0
0;1869 - History Experience (Part 1) (Polish);Strategy / Trading;Games:0/1869Pl1869Pl.Slave;0;0;0;0
0;1943 - The Battle Of Midway;Action / Shooter / Vertical;Games:0/19431943.slave;0;0;0;0
0;1st Division Manager;Management / Sport;Games:0/1stDivisionManager1stDivisionManager.Slave;0;0;0;0
0;20000 Leagues Under The Sea;Adventure / Graphic;Games:0/20000LeaguesUnderTheSea20000LeaguesUnderTheSea.Slave;0;0;0;0
0;20000 Leguas De Viaje Submarino (Spanish);Adventure / Graphic;Games:0/20000LeaguesUnderTheSeaEs20000LeaguesUnderTheSeaEs.Slave;0;0;0;0
0;20000 Lieues Sous Les Mers (Dutch);Adventure / Graphic;Games:0/20000LieuesSousLesMersNl20000LieuesSousLesMersNl.Slave;0;0;0;0
0;20000 Lieues Sous Les Mers (French);Adventure / Graphic;Games:0/20000LieuesSousLesMersFr20000LieuesSousLesMersFr.Slave;0;0;0;0
0;20000 Meilen Unter Dem Meer (German);Adventure / Graphic;Games:0/20000MeilenUnterDemMeerDe20000MeilenUnterDemMeerDe.Slave;0;0;0;0
0;3001 O'Connors Fight;Strategy / Battle / 2D;Games:0/3001OConnorsFight3001OConnorsFight.Slave;0;0;0;0
0;3D Construction Kit;Misc / Game Creator;Games:0/3DConstructionKit3DConstructionKit.Slave;0;0;0;0
0;3D Galax;Action / Shooter / 3D;Games:0/3DGalax3DGalax.Slave;0;0;0;0
0;3D Pool (Intro);Misc / Intro Disk;Games:0/3DPool3DPool.Slave;0;0;0;0
0;3D Pool (Intro);Misc / Intro Disk;Games:0/3DPool3DPictures.Slave;0;0;0;0
0;3D World Boxing;Sport / Boxing;Games:0/3DWorldBoxing3DWorldBoxing.Slave;0;0;0;0
0;3D World Soccer;Sport / Football / Soccer;Games:0/3DWorldSoccer3DWorldSoccer.Slave;0;0;0;0
0;3D World Tennis;Sport / Tennis;Games:0/3DWorldTennis3DWorldTennis.Slave;0;0;0;0
0;4D Sports Boxing;Sport / Boxing;Games:0/4DSportsBoxing4DSportsBoxing.slave;0;0;0;0
0;4D Sports Driving;Racing / Car / Driver View;Games:0/4DSportsDriving4DSportsDriving.slave;0;0;0;0
0;4D Sports Driving & Master Tracks;Racing / Car / Driver View;Games:0/4DSportsDriving&MstrTrcks4DSportsDriving&MstrTrcks.slave;0;0;0;0
0;4th & Inches;Sport / American Football;Games:0/4th&Inches4th&Inches.slave;0;0;0;0
0;4x4 Off Road Racing (NTSC);Racing / Car / Chase View;Games:0/4x4OffRoadRacingNTSC4x4OffRoadRacingNTSC.Slave;0;0;0;0
0;5th Gear;Action / Shooter / Vehicle;Games:0/5thGear5thGear.Slave;0;0;0;0
0;688 Attack Sub;Simulator / Submarine;Games:0/688AttackSub688AttackSub.Slave;0;0;0;0
0;7 Colors;Puzzle / 2D;Games:0/7Colors7Colors.Slave;0;0;0;0
0;9 Lives;Platform / Action;Games:0/9Lives9Lives.Slave;0;0;0;0
0;A-10 Tank Killer (Two Disk);Simulator / Plane / Combat;Games:A/A10TankKiller2DiskA10TankKiller2Disk.Slave;0;0;0;0
0;A-10 Tank Killer v1.5 (Three Disk);Simulator / Plane / Combat;Games:A/A10TankKiller3DiskA10TankKiller3Disk.Slave;0;0;0;0
0;A-Train;Management / Transport;Games:A/ATrainATrain.slave;0;0;0;0
0;A-Train (512KB);Management / Transport;Games:A/ATrain512kATrain512k.slave;0;0;0;0
0;A-Train (512KB) (Czech);Management / Transport;Games:A/ATrain512kCzATrain512kCz.slave;0;0;0;0
0;A-Train (512KB) (French);Management / Transport;Games:A/ATrain512kFrATrain512kFr.slave;0;0;0;0
0;A-Train (512KB) (German);Management / Transport;Games:A/ATrain512kDeATrain512kDe.slave;0;0;0;0
0;A-Train (512KB) (Polish);Management / Transport;Games:A/ATrain512kPlATrain512kPl.slave;0;0;0;0
0;A-Train (Czech);Management / Transport;Games:A/ATrainCzATrainCz.slave;0;0;0;0
0;A-Train (French);Management / Transport;Games:A/ATrainFrATrainFr.slave;0;0;0;0
0;A-Train (German);Management / Transport;Games:A/ATrainDeATrainDe.slave;0;0;0;0
0;A-Train (Polish);Management / Transport;Games:A/ATrainPlATrainPl.slave;0;0;0;0
0;A-Train Construction Set;Management / Transport;Games:A/ATrain&ConstructionSetATrain.slave;0;0;0;0
0;A-Train Construction Set (512KB);Management / Transport;Games:A/ATrain&ConstrSet512kATrain512k.slave;0;0;0;0
0;A.C.SYS - Autonomous Cybernetic System (Game Demo) (AGA);Action / Shooter / 2D;Games:A/ACSYSDemoAGAACSYSDemoAGA.slave;0;0;0;0
0;A.G.E. - Advanced Galactic Empire;Action / Shooter / 3D;Games:A/AGEAGE.Slave;0;0;0;0
0;A.T.F. 2 - Advanced Tactical Fighter;Action / Shooter / 3D;Games:A/ATF2ATF2.Slave;0;0;0;0
0;A.T.R. - All Terrain Racing;Racing / Car / Top Down;Games:A/AllTerrainRacingAllTerrainRacing.slave;0;0;0;0
0;A.T.R. - All Terrain Racing (CD32);Racing / Car / Top Down;Games:A/AllTerrainRacingCD32AllTerrainRacingCD32.slave;0;0;0;0
0;A.T.R. - All Terrain Racing (Xmas Edition) (Coverdisk);Racing / Car / Top Down;Games:A/AllTerrainRacingXmasDemoAllTerrainRacingXmasDemo.slave;0;0;0;0
0;Aaargh!;Action / Destruction;Games:A/Aaargh!Aaargh!.Slave;0;0;0;0
0;Aaargh! (Arcadia);Action / Destruction;Games:A/Aaargh!ArcadiaAaargh!Arcadia.Slave;0;0;0;0
0;Abandoned Places;RPG / Dungeon Crawler;Games:A/AbandonedPlacesAbandonedPlaces.slave;0;0;0;0
0;Abandoned Places (German);RPG / Dungeon Crawler;Games:A/AbandonedPlacesDeAbandonedPlacesDe.slave;0;0;0;0
0;Abandoned Places (Spanish);RPG / Dungeon Crawler;Games:A/AbandonedPlacesEsAbandonedPlacesEs.slave;0;0;0;0
0;Abandoned Places 2;RPG / Dungeon Crawler;Games:A/AbandonedPlaces2AbandonedPlaces2.Slave;0;0;0;0
0;ABC Monday Night Football (NTSC);Sport / American Football;Games:A/ABCMondayNightFBNTSCABCMondayNightFBNTSC.slave;0;0;0;0
0;Abra Cadabra;Adventure / Graphic;Games:A/AbracadabraAbracadabra.Slave;0;0;0;0
0;Academy - Tau Ceti 2;Action / Shooter / 3D;Games:A/AcademyAcademy.slave;0;0;0;0
0;Ace Ball (AGA) (Polish);Bat & Ball / 3D;Games:A/AceBallAGAPlAceBallAGAPl.Slave;0;0;0;0
0;Ace Ball (Polish);Bat & Ball / 3D;Games:A/AceBallPlAceBallPl.Slave;0;0;0;0
0;Action Fighter;Action / Shooter / Vehicle;Games:A/ActionFighterActionFighter.slave;0;0;0;0
0;Addams Family, The;Platform / Action;Games:A/AddamsFamilyAddamsFamily.Slave;0;0;0;0
0;Adidias Tie Break;Sport / Tennis;Games:T/TieBreakTieBreak.Slave;0;0;0;0
0;Adrenalynn;Sport / Futuristic;Games:A/AdrenalynnAdrenalynn.Slave;0;0;0;0
0;Advanced Destroyer Simulator;Simulator / Boat;Games:A/AdvancedDestroyerSimAdvancedDestroyerSim.Slave;0;0;0;0
0;Advanced Ski Simulator;Sport / Winter;Games:A/AdvancedSkiSimulatorAdvancedSkiSimulator.slave;0;0;0;0
0;Advantage Tennis;Sport / Tennis;Games:A/AdvantageTennisAdvantageTennis.slave;0;0;0;0
0;Adventure Construction Set (NTSC);Misc / Game Creator;Games:A/AdvConstructionSetNTSCAdvConstructionSetNTSC.slave;0;0;0;0
0;Adventures of Genlock Holmes, The;Adventure / Puzzle;Games:A/AdventuresOfGenlockHolmesAdventuresOfGenlockHolmes.Slave;0;0;0;0
0;Adventures of Quik & Silva, The;Platform / Action;Games:A/AdventuresOfQuik&SilvaAdventuresOfQuik&Silva.Slave;0;0;0;0
0;Adventures of Robin Hood, The;Adventure / Isometric;Games:A/AdventuresOfRobinHoodAdventuresOfRobinHood.slave;0;0;0;0
0;Adventures of Willy Beamish, The;Adventure / Point & Click;Games:A/AdventuresOfWillyBeamishAdventuresOfWillyBeamish.slave;0;0;0;0
0;African Raiders-01;Racing / Car / Chase View;Games:A/AfricanRaiders01AfricanRaiders01.slave;0;0;0;0
0;After Burner (Activision);Action / Shooter / 3D;Games:A/AfterBurnerAfterBurner.Slave;0;0;0;0
0;After Burner (Sega) (NTSC);Action / Shooter / 3D;Games:A/AfterBurnerNTSCAfterBurnerNTSC.slave;0;0;0;0
0;After The War;Action / Shooter / 2D;Games:A/AfterTheWarAfterTheWar.Slave;0;0;0;0
0;Agony;Action / Shooter / Horizontal;Games:A/AgonyAgony.slave;0;0;0;0
0;Agony (Game Demo);Action / Shooter / Horizontal;Games:A/AgonyDemoAgonyDemo.slave;0;0;0;0
0;Agony (NTSC);Action / Shooter / Horizontal;Games:A/AgonyNTSCAgonyNTSC.slave;0;0;0;0
0;Aigle D'Or - Le Retour (512KB) (French);Action / Fighter 2D;Games:A/AigleDOr512kFrAigleDOr512kFr.Slave;0;0;0;0
0;Aigle D'Or - Le Retour (French);Action / Fighter 2D;Games:A/AigleDOrFrAigleDOrFr.Slave;0;0;0;0
0;Air Support;Strategy / Battle / 3D;Games:A/AirSupportAirSupport.Slave;0;0;0;0
0;Air Support (NTSC);Strategy / Battle / 3D;Games:A/AirSupportNTSCAirSupportNTSC.Slave;0;0;0;0
0;Airball;Adventure / Action;Games:A/AirballAirball.slave;0;0;0;0
0;Airborne Ranger;Strategy / Battle / 2D;Games:A/AirborneRangerAirborneRanger.Slave;0;0;0;0
0;Akira;Action / Multi Level;Games:A/AkiraAkira.slave;0;0;0;0
0;Akira (CD32);Action / Multi Level;Games:A/AkiraCD32AkiraCD32.Slave;0;0;0;0
0;Aladdin (AGA);Platform / Action;Games:A/AladdinAGAAladdinAGA.slave;0;0;0;0
0;Albedo (French);Action / Shooter / 2D;Games:A/AlbedoFrAlbedoFr.slave;0;0;0;0
0;Alcatraz;Action / Multi Level;Games:A/AlcatrazAlcatraz.slave;0;0;0;0
0;Alchemy - Village Level (Game Demo);Platform / Action;Games:A/AlchemyDemoAlchemyDemo.Slave;0;0;0;0
0;Alfabet Smierci (AGA) (Polish);Adventure / Graphic;Games:A/AlfabetSmierciAGAPlAlfabetSmierciAGAPl.Slave;0;0;0;0
0;Alfred Chicken;Platform / Action;Games:A/AlfredChickenAlfredChicken.Slave;0;0;0;0
0;Alfred Chicken (AGA);Platform / Action;Games:A/AlfredChickenAGAAlfredChickenAGA.slave;0;0;0;0
0;Alfred Chicken (CD32);Platform / Action;Games:A/AlfredChickenCD32AlfredChickenCD32.slave;0;0;0;0
0;Alianator (Coverdisk);Action / Shooter / 3D;Games:A/AlianatorAlianator.Slave;0;0;0;0
0;Alien Bash (Coverdisk);Action / Shooter / Multi Way;Games:A/AlienBashAlienBash.Slave;0;0;0;0
0;Alien Bash 2 (Coverdisk);Action / Shooter / Multi Way;Games:A/AlienBash2AlienBash2.slave;0;0;0;0
0;Alien Breed;Action / Shooter / Multi Way;Games:A/AlienBreedAlienBreed.slave;0;0;0;0
0;Alien Breed (Special Edition);Action / Shooter / Multi Way;Games:A/AlienBreedSpecialEditionAlienBreedSpecialEdition.Slave;0;0;0;0
0;Alien Breed (Story);Action / Shooter / 2D;Games:A/AlienBreedStoryAlienBreedStory.Slave;0;0;0;0
0;Alien Breed 2;Action / Shooter / Multi Way;Games:A/AlienBreed2AlienBreed2.slave;0;0;0;0
0;Alien Breed 2 (AGA);Action / Shooter / Multi Way;Games:A/AlienBreed2AGAAlienBreed2AGA.slave;0;0;0;0
0;Alien Breed 3D (AGA);Action / FPS;Games:A/AlienBreed3DAGAAlienBreed3DAGA.slave;0;0;0;0
0;Alien Breed 3D (CD32);Action / FPS;Games:A/AlienBreed3DCD32AlienBreed3DCD32.slave;0;0;0;0
0;Alien Breed 3D (Game Demo) (AGA);Action / FPS;Games:A/AlienBreed3DDemoLatestAGAAlienBreed3DDemoLatest.Slave;0;0;0;0
0;Alien Breed 3D (No Music) (AGA);Action / FPS;Games:A/AlienBreed3DNoMusicAGAAlienBreed3DNoMusicAGA.slave;0;0;0;0
0;Alien Breed 3D (No Music) (CD32);Action / FPS;Games:A/AlienBreed3DNoMusicCD32AlienBreed3DNoMusicCD32.slave;0;0;0;0
0;Alien Breed 3D (Playable) (Game Demo) (AGA);Action / FPS;Games:A/AlienBreed3DDemoPlayAGAAlienBreed3DDemoPlayAGA.Slave;0;0;0;0
0;Alien Breed 3D (Rolling) (Game Demo) (AGA);Action / FPS;Games:A/AlienBreed3DDemoRollAGAAlienBreed3DDemoRollAGA.Slave;0;0;0;0
0;Alien Breed 3D 2 (The Killing Grounds) (AGA);Action / FPS;Games:A/AlienBreed3D2AGAAlienBreed3D2AGA.slave;0;0;0;0
0;Alien Breed Tower Assault;Action / Shooter / Multi Way;Games:A/AlienBreedTAAlienBreedTA.slave;0;0;0;0
0;Alien Breed Tower Assault (AGA);Action / Shooter / Multi Way;Games:A/AlienBreedTAAGAAlienBreedTAAGA.slave;0;0;0;0
0;Alien Breed Tower Assault (CD32);Action / Shooter / Multi Way;Games:A/AlienBreedTACD32AlienBreedTACD32.slave;0;0;0;0
0;Alien Drug Lords (The Chyropian Connection);Adventure / Point & Click;Games:A/AlienDrugLordsAlienDrugLords.Slave;0;0;0;0
0;Alien Fish Finger (PD);Platform / Action;Games:A/AlienFishFingerAlienFishFinger.Slave;0;0;0;0
0;Alien Legion;Action / Shooter / 2D;Games:A/AlienLegionAlienLegion.Slave;0;0;0;0
0;Alien Storm;Action / Multi Level;Games:A/AlienStormAlienStorm.Slave;0;0;0;0
0;Alien Syndrome (NTSC);Action / Shooter / Multi Way;Games:A/AlienSyndromeNTSCAlienSyndromeNTSC.slave;0;0;0;0
0;Alien World;Action / Shooter / 2D;Games:A/AlienWorldAlienWorld.Slave;0;0;0;0
0;Alien?;Action / Shooter / 2D;Games:A/Alien3Alien3.Slave;0;0;0;0
0;Aliex;Action / Shooter / Crosshair;Games:A/AliexAliex.Slave;0;0;0;0
0;All New World of Lemmings (AGA);Platform / Puzzle;Games:A/AllNewWorldOfLemmingsAGAAllNewWorldOfLemmingsAGA.slave;0;0;0;0
0;Allan Border's Cricket;Sport / Cricket;Games:A/AllanBordersCricketAllanBordersCricket.Slave;0;0;0;0
0;Allo Allo - Cartoon Fun;Platform / Action;Games:A/AlloAlloAlloAllo.Slave;0;0;0;0
0;Alpha Waves;Puzzle / 3D;Games:A/AlphaWavesAlphaWaves.Slave;0;0;0;0
0;Alpha-1;Action / Shooter / Horizontal;Games:A/Alpha1Alpha1.Slave;0;0;0;0
0;Altered Beast;Action / Fighter 2D;Games:A/AlteredBeastAlteredBeast.slave;0;0;0;0
0;Altered Destiny;Adventure / Point & Click;Games:A/AlteredDestinyAlteredDestiny.slave;0;0;0;0
0;Amazing Spiderman, The;Platform / Action;Games:A/AmazingSpiderManAmazingSpiderman.slave;0;0;0;0
0;Amazing Spiderman, The (NTSC);Platform / Action;Games:A/AmazingSpiderManNTSCAmazingSpidermanNTSC.slave;0;0;0;0
0;Ambermoon;RPG / Open World;Games:A/AmbermoonAmbermoon.Slave;0;0;0;0
0;Ambermoon (German);RPG / Open World;Games:A/AmbermoonDeAmbermoonDe.Slave;0;0;0;0
0;Amberstar;RPG / Open World;Games:A/AmberstarAmberstar.slave;0;0;0;0
0;Amberstar (Fast Mem);RPG / Open World;Games:A/AmberstarFastAmberstarFast.slave;0;0;0;0
0;Amberstar (Fast Mem) (German);RPG / Open World;Games:A/AmberstarDeFastAmberstarDeFast.slave;0;0;0;0
0;Amberstar (German);RPG / Open World;Games:A/AmberstarDeAmberstarDe.slave;0;0;0;0
0;Amegas;Bat & Ball / 2D;Games:A/AmegasAmegas.Slave;0;0;0;0
0;American Gladiators;Sport / Multi;Games:A/AmericanGladiatorsAmericanGladiators.slave;0;0;0;0
0;American Poker (Polish);Tabletop / Cards;Games:A/AmericanPokerPlAmericanPokerPl.slave;0;0;0;0
0;American Tag-Team Wrestling;Sport / Wrestling;Games:A/AmericanTagTeamWrestlingAmericanTagTeamWrestling.Slave;0;0;0;0
0;Ami Robbo (PD) (Polish);Puzzle / 2D;Games:A/AmiRobboPlAmiRobboPl.Slave;0;0;0;0
0;Amiga Encounter;Action / Shooter / 3D;Games:E/EncounterEncounter.slave;0;0;0;0
0;Amiga Karate (NTSC);Beat 'Em Up;Games:A/AmigaKarateNTSCAmigaKarateNTSC.Slave;0;0;0;0
0;Amnios;Action / Shooter / Multi Way;Games:A/AmniosAmnios.slave;0;0;0;0
0;Anarchy;Action / Shooter / Horizontal;Games:A/AnarchyAnarchy.Slave;0;0;0;0
0;Ancient Art of War in the Skies, The;Action / Duel / Versus;Games:A/AncientArtOfWarInTheSkiesAncientArtOfWarInTheSkies.Slave;0;0;0;0
0;Ancient Art Of War, The;Strategy / Battle / 2D;Games:A/AncientArtOfWarAncientArtOfWar.slave;0;0;0;0
0;Another World;Adventure / Action;Games:A/AnotherWorldAnotherWorld.Slave;0;0;0;0
0;Another World (French);Adventure / Action;Games:A/AnotherWorldFrAnotherWorldFr.Slave;0;0;0;0
0;Another World (Italian);Adventure / Action;Games:A/AnotherWorldItAnotherWorldIt.Slave;0;0;0;0
0;Anstoss - World Cup Edition (AGA) (German);Management / Sport;Games:A/AnstossWCEAGADeAnstossWCEAGADe.slave;0;0;0;0
0;Anstoss - World Cup Edition (German);Management / Sport;Games:A/AnstossWCEDeAnstossWCEDe.slave;0;0;0;0
0;Anstoss (AGA) (German);Management / Sport;Games:A/AnstossAGADeAnstossAGADe.slave;0;0;0;0
0;Anstoss (German);Management / Sport;Games:A/AnstossDeAnstossDe.slave;0;0;0;0
0;Antago;Puzzle / Isometric;Games:A/AntagoAntago.Slave;0;0;0;0
0;Antares (Der Griff Nach Den Sternen) (German);Strategy / Space;Games:A/AntaresDeAntaresDe.Slave;0;0;0;0
0;Antheads - It Came From The Desert 2 Data Disk;Adventure / Action;Games:I/ItCameFromTheDesert2ItCameFromTheDesert2.Slave;0;0;0;0
0;Apache & Overdrive (Game Demo);Action / Shooter / Horizontal;Games:A/Apache&OverdriveDemoApache&OverdriveDemo.Slave;0;0;0;0
0;Apache Flight;Action / Shooter / Vertical;Games:A/ApacheFlightApacheFlight.slave;0;0;0;0
0;Apano Sin;Action / Shooter / Vertical;Games:A/ApanoSinApanoSin.Slave;0;0;0;0
0;Apano Sin (German);Action / Shooter / Vertical;Games:A/ApanoSinDeApanoSinDe.Slave;0;0;0;0
0;APB - All Points Bulletin;Racing / Car / Top Down;Games:A/APBAPB.slave;0;0;0;0
0;Apidya (A.U.D.I.O.S);Action / Shooter / Horizontal;Games:A/ApidyaAudiosApidyaAudios.slave;0;0;0;0
0;Apidya (Kaiko);Action / Shooter / Horizontal;Games:A/ApidyaKaikoApidyaKaiko.slave;0;0;0;0
0;Apocalypse;Action / Shooter / Horizontal;Games:A/ApocalypseApocalypse.Slave;0;0;0;0
0;Apple Hunt (PD);Maze / Digger;Games:A/AppleHuntAppleHunt.slave;0;0;0;0
0;Apprentice;Platform / Action;Games:A/ApprenticeApprentice.slave;0;0;0;0
0;Aquablast (NTSC);Action / Shooter / Vehicle;Games:A/AquablastNTSCAquablastNTSC.slave;0;0;0;0
0;Aquanaut;Action / Shooter / 2D;Games:A/AquanautF1LicencewareAquanautF1Licenceware.slave;0;0;0;0
0;Aquatic Games, The - Starring James Pond And The Aquabats;Sport / Multi;Games:A/AquaticGamesAquaticGames.Slave;0;0;0;0
0;Aquaventura;Action / Shooter / 3D;Games:A/AquaventuraAquaventura.Slave;0;0;0;0
0;Aquaventura (NTSC);Action / Shooter / 3D;Games:A/AquaventuraNTSCAquaventuraNTSC.Slave;0;0;0;0
0;Arabian Nights;Platform / Action;Games:A/ArabianNightsArabianNights.Slave;0;0;0;0
0;Arabian Nights (512KB);Platform / Action;Games:A/ArabianNights512kArabianNights512k.Slave;0;0;0;0
0;Arabian Nights (CD32);Platform / Action;Games:A/ArabianNightsCD32ArabianNightsCD32.Slave;0;0;0;0
0;Arachnophobia;Platform / Action;Games:A/ArachnophobiaArachnophobia.Slave;0;0;0;0
0;Arcade Fruit Machine;Gambling / Fruit Machine;Games:A/ArcadeFruitMachineArcadeFruitMachine.Slave;0;0;0;0
0;Arcade Pool;Sport / Pool / Billiards;Games:A/ArcadePoolArcadePool.slave;0;0;0;0
0;Arcade Pool (AGA);Sport / Pool / Billiards;Games:A/ArcadePoolAGAArcadePoolAGA.Slave;0;0;0;0
0;Arcade Pool (CD32);Sport / Pool / Billiards;Games:A/ArcadePoolCD32ArcadePoolCD32.slave;0;0;0;0
0;Arcade Snooker (Coverdisk) (AGA);Sport / Snooker;Games:A/ArcadeSnookerAGAArcadeSnookerAGA.Slave;0;0;0;0
0;Arcade Trivia Quiz;Quiz;Games:A/ArcadeTriviaQuizArcadeTriviaQuiz.slave;0;0;0;0
0;Archer Maclean's Billard Americain, Le;Sport / Pool / Billiards;Games:A/ArcherMacLeansBillardAmcnArcherMacLeansBillardAmcn.Slave;0;0;0;0
0;Archer Maclean's Pool;Sport / Pool / Billiards;Games:A/ArcherMacLeansPoolArcherMacLeansPool.Slave;0;0;0;0
0;Archipelagos;Puzzle / 3D;Games:A/ArchipelagosArchipelagos.Slave;0;0;0;0
0;Archipelagos (NTSC);Puzzle / 3D;Games:A/ArchipelagosNTSCArchipelagosNTSC.Slave;0;0;0;0
0;Archon - The Light And The Dark (NTSC);Tabletop / Chess;Games:A/ArchonNTSCArchonNTSC.slave;0;0;0;0
0;Archon 2 - Adept (NTSC);Tabletop / Chess;Games:A/Archon2NTSCArchon2NTSC.slave;0;0;0;0
0;Arcticfox;Action / Shooter / 3D;Games:A/ArcticfoxArcticfox.Slave;0;0;0;0
0;Arcticfox (NTSC);Action / Shooter / 3D;Games:A/ArcticfoxNTSCArcticFoxNTSC.Slave;0;0;0;0
0;Arena;Sport / Athletics;Games:A/ArenaArena.slave;0;0;0;0
0;Arkanoid;Bat & Ball / 2D;Games:A/ArkanoidArkanoid.Slave;0;0;0;0
0;Arkanoid - The Revenge Of Doh;Bat & Ball / 2D;Games:A/ArkanoidRevengeOfDohArkanoidRevengeOfDoh.slave;0;0;0;0
0;Arkanoid (NTSC);Bat & Ball / 2D;Games:A/ArkanoidNTSCArkanoidNTSC.Slave;0;0;0;0
0;Armageddon Man, The;Strategy / Political;Games:A/ArmageddonManArmageddonMan.Slave;0;0;0;0
0;Armalyte - The Final Run;Action / Shooter / Horizontal;Games:A/ArmalyteArmalyte.Slave;0;0;0;0
0;Armour-Geddon;Strategy / Battle / 3D;Games:A/ArmourGeddonArmourGeddon.Slave;0;0;0;0
0;Armour-Geddon (NTSC);Strategy / Battle / 3D;Games:A/ArmourGeddonNTSCArmourGeddonNTSC.Slave;0;0;0;0
0;Armour-Geddon 2 - Codename Hellfire;Strategy / Battle / 3D;Games:A/ArmourGeddon2ArmourGeddon2.Slave;0;0;0;0
0;Army Moves;Action / Shooter / Horizontal;Games:A/ArmyMovesArmyMoves.Slave;0;0;0;0
0;Arnie;Action / Shooter / 2D;Games:A/ArnieArnie.slave;0;0;0;0
0;Arnie 2;Action / Shooter / Isometric;Games:A/Arnie2Arnie2.Slave;0;0;0;0
0;Art De La Guerre, L (French);RPG / Action;Games:A/ArtDeLaGuerreFrArtDeLaGuerreFr.slave;0;0;0;0
0;Art Of Chess, The;Tabletop / Chess;Games:A/ArtOfChessArtOfChess.Slave;0;0;0;0
0;Arte De La Guerra, El (Spanish);RPG / Action;Games:A/ArteDeLaGuerraEsArteDeLaGuerraEs.slave;0;0;0;0
0;Artura;Action / Fighter 2D;Games:A/ArturaArtura.Slave;0;0;0;0
0;Ashes Of Empire;Strategy / Battle / 3D;Games:A/AshesOfEmpireAshesOfEmpire.Slave;0;0;0;0
0;Ashes Of Empire (German);Strategy / Battle / 3D;Games:A/AshesOfEmpireDeAshesOfEmpireDe.Slave;0;0;0;0
0;Assassin;Action / Shooter / 2D;Games:A/AssassinAssassin.slave;0;0;0;0
0;Assassin (Special Edition);Action / Shooter / 2D;Games:A/AssassinSpecialEditionAssassinSpecialEdition.slave;0;0;0;0
0;Astaroth - The Angel Of Death;Platform / Puzzle;Games:A/AstarothAstaroth.Slave;0;0;0;0
0;Astatin;Puzzle / 2D;Games:A/AstatinAstatin.Slave;0;0;0;0
0;Asterix - Chez Rahazade (French);Adventure / Action;Games:A/AsterixChezRahazadeFrAsterixChezRahazadeFr.slave;0;0;0;0
0;Asterix - El Golpe Del Menhir (Spanish);Adventure / Action;Games:A/AsterixElGolpeDelMenhirEsAsterixElGolpeDelMenhirEs.slave;0;0;0;0
0;Asterix - Im Morgenland (German);Adventure / Action;Games:A/AsterixImMorgenlandDeAsterixImMorgenlandDe.slave;0;0;0;0
0;Asterix - Le Coup Du Menhir (French);Adventure / Action;Games:A/AsterixLeCoupDuMenhirFrAsterixLeCoupDuMenhirFr.slave;0;0;0;0
0;Asterix - Operation Getafix;Adventure / Action;Games:A/AsterixOpGetafixAsterixOpGetafix.slave;0;0;0;0
0;Asterix - Operation Hinkelstein (German);Adventure / Action;Games:A/AsterixOpHinkelsteinDeAsterixOpHinkelsteinDe.slave;0;0;0;0
0;Astro Marine Corps (A.M.C.);Action / Shooter / Horizontal;Games:A/AstroMarineCorpsAstroMarineCorps.Slave;0;0;0;0
0;ATAX;Action / Shooter / Vertical;Games:A/AtaxAtax.Slave;0;0;0;0
0;Atlantyda (Polish);Platform / Action;Games:A/AtlantydaPlAtlantydaPl.slave;0;0;0;0
0;Atom Smasher (PD);Maze / 2D;Games:A/AtomSmasherAtomSmasher.Slave;0;0;0;0
0;Atomic Robo-Kid;Action / Shooter / Horizontal;Games:A/AtomicRoboKidAtomicRobokid.slave;0;0;0;0
0;Atomino;Puzzle / 2D;Games:A/AtominoAtomino.slave;0;0;0;0
0;Atomino (German);Puzzle / 2D;Games:A/AtominoDeAtominoDe.slave;0;0;0;0
0;Atomino (NTSC);Puzzle / 2D;Games:A/AtominoNTSCAtominoNTSC.slave;0;0;0;0
0;Atomix;Puzzle / 2D;Games:A/AtomixAtomix.Slave;0;0;0;0
0;Attack of the Green Smelly Aliens from Planet 27b-6, The;Action / Shooter / 2D;Games:A/AotGSAFP27b6AotGSAFP27b6.Slave;0;0;0;0
0;Aufschwung Ost (German);Management / City;Games:A/AufschwungOstDeAufschwungOstDe.slave;0;0;0;0
0;Aunt Arctic Adventure;Platform / Action;Games:A/AuntArcticAdventureAuntArcticAdventure.Slave;0;0;0;0
0;Australo Piticus Mecanichus;Platform / Action;Games:A/AustraloPiticusMechanicusAustraloPiticusMechanicus.Slave;0;0;0;0
0;Auto Duel;RPG / Open World;Games:A/AutoDuelAutoDuel.Slave;0;0;0;0
0;AV8B Harrier Assault;Simulator / Plane / Combat;Games:A/AV8BHarrierAssaultAV8BHarrierAssault.Slave;0;0;0;0
0;Aventura Espacial, La (Spanish);Adventure / Text;Games:A/LaAventuraEspacialEsLaAventuraEspacialEs.slave;0;0;0;0
0;Aventura Original, La (Spanish);Adventure / Text;Games:A/LaAventuraOriginalEsLaAventuraOriginalEs.slave;0;0;0;0
0;Aventures De Moktar, Les (French);Platform / Action;Games:A/AventuresDeMoktarFrAventuresDeMoktarFr.slave;0;0;0;0
0;Awesome;Action / Shooter / Vertical;Games:A/AwesomeAwesome.Slave;0;0;0;0
0;Awesome (Game Demo);Action / Shooter / Vertical;Games:A/AwesomeDemoAwesomeDemo.Slave;0;0;0;0
0;Axe Of Rage (NTSC);Beat 'Em Up / Weapon;Games:A/AxeOfRageNTSCAxeOfRageNTSC.slave;0;0;0;0
0;Axel's Magic Hammer;Platform / Action;Games:A/AxelsMagicHammerAxelsMagicHammer.Slave;0;0;0;0
0;Aztec Challenge (PD);Adventure / Action;Games:A/AztecChallengeAztecChallenge.Slave;0;0;0;0
0;B-17 Flying Fortress;Simulator / Plane / WW2;Games:B/B17FlyingFortressB17FlyingFortress.Slave;0;0;0;0
0;B-17 Flying Fortress (Game Demo);Simulator / Plane / WW2;Games:B/B17FlyingFortressDemoB17FlyingFortressDemo.Slave;0;0;0;0
0;B.A.T. (Bureau Of Astral Troubleshooters);Adventure / Point & Click;Games:B/BATBAT.slave;0;0;0;0
0;B.A.T. (Bureau Of Astral Troubleshooters) (French);Adventure / Point & Click;Games:B/BATFrBATFr.slave;0;0;0;0
0;B.A.T. (Bureau Of Astral Troubleshooters) (German);Adventure / Point & Click;Games:B/BATDeBATDe.slave;0;0;0;0
0;B.A.T. (Bureau Of Astral Troubleshooters) (Italian);Adventure / Point & Click;Games:B/BATItBATIt.Slave;0;0;0;0
0;B.A.T. II;Adventure / Point & Click;Games:B/BAT2BAT2.slave;0;0;0;0
0;B.A.T. II (French);Adventure / Point & Click;Games:B/BAT2FrBAT2Fr.slave;0;0;0;0
0;B.A.T. II (German);Adventure / Point & Click;Games:B/BAT2DeBAT2De.slave;0;0;0;0
0;B.C. Kid;Platform / Action;Games:B/BCKidBCKid.Slave;0;0;0;0
0;Baal;Action / Shooter / 2D;Games:B/BaalBaal.Slave;0;0;0;0
0;Baba Yaga;Adventure / Action;Games:B/BabaYagaBabaYaga.slave;0;0;0;0
0;Baby Jo In 'Going Home';Platform / Action;Games:B/BabyJoInGoingHomeBabyJoInGoingHome.Slave;0;0;0;0
0;Babylonian Twins (Game Demo);Platform / Action;Games:B/BabylonianTwinsDemoBabylonianTwinsDemo.slave;0;0;0;0
0;Back To The Future II;Action / Multi Level;Games:B/BackToTheFuturePart2BackToTheFuturePart2.slave;0;0;0;0
0;Back To The Future III;Action / Multi Level;Games:B/BackToTheFuturePart3BackToTheFuturePart3.Slave;0;0;0;0
0;Back To The Future III (NTSC);Action / Multi Level;Games:B/BackToTheFuturePart3NTSCBackToTheFuturePart3NTSC.Slave;0;0;0;0
0;Backlash;Action / Shooter / 3D;Games:B/BacklashBacklash.Slave;0;0;0;0
0;Bad Cat;Action / Multi Level;Games:B/BadCatBadCat.Slave;0;0;0;0
0;Bad Company;Action / Shooter / 3D;Games:B/BadCompanyBadCompany.slave;0;0;0;0
0;Bad Dudes (NTSC);Action / Fighter 2D;Games:B/BadDudesNTSCBadDudesNTSC.slave;0;0;0;0
0;Bad Dudes (NTSC) (Chip Mem);Action / Fighter 2D;Games:B/BadDudesChipNTSCBadDudesChipNTSC.slave;0;0;0;0
0;Bad Dudes Vs. Dragon Ninja;Action / Fighter 2D;Games:B/BadDudesVsDragonNinjaBadDudesVsDragonNinja.slave;0;0;0;0
0;Bad Dudes Vs. Dragon Ninja (Chip Mem);Action / Fighter 2D;Games:B/BadDudesVsDragonNinjaChipBadDudesVsDragonNinjaChip.slave;0;0;0;0
0;BadLands;Racing / Car / Top Down;Games:B/BadLandsBadlands.slave;0;0;0;0
0;Badlands Pete;Platform / Action;Games:B/BadlandsPeteBadlandsPete.Slave;0;0;0;0
0;Bagitman (PD);Platform / Action;Games:B/BagitmanBagitman.Slave;0;0;0;0
0;Balance Of Power - 1990 Edition;Strategy / Political;Games:B/BalanceOfPower1990EdBalanceOfPower1990Ed.Slave;0;0;0;0
0;Balance Of Power - Geopolitics in the Nuclear Age (NTSC);Strategy / Political;Games:B/BalanceOfPowerNTSCBalanceOfPowerNTSC.Slave;0;0;0;0
0;Ball Game, The;Puzzle / Isometric;Games:B/BallGameBallGame.Slave;0;0;0;0
0;Ball Raider;Bat & Ball / 2D;Games:B/BallRaiderBallRaider.Slave;0;0;0;0
0;Ball Raider II;Bat & Ball / 2D;Games:B/BallRaider2BallRaider2.slave;0;0;0;0
0;Ballistix;Sport / Futuristic;Games:B/BallistixBallistix.slave;0;0;0;0
0;Bandit Kings Of Ancient China;Strategy / Battle / 2D;Games:B/BanditKingsBanditKings.Slave;0;0;0;0
0;Bangkok Knights;Beat 'Em Up;Games:B/BangkokKnightsBangkokKnights.slave;0;0;0;0
0;Banshee (AGA);Action / Shooter / Vertical;Games:B/BansheeAGABansheeAGA.slave;0;0;0;0
0;Banshee (CD32);Action / Shooter / Vertical;Games:B/BansheeCD32BansheeCD32.slave;0;0;0;0
0;Banzai;Action / Shooter / Multi Way;Games:B/BanzaiBanzai.Slave;0;0;0;0
0;Bar Games;Sport / Bar / Saloon / Pub;Games:B/BarGamesBarGames.Slave;0;0;0;0
0;Barbarian - The Ultimate Warrior (Palace);Beat 'Em Up / Weapon;Games:B/BarbarianPalaceBarbarianPalace.Slave;0;0;0;0
0;Barbarian (Psygnosis);Action / Fighter 2D;Games:B/BarbarianPsygnosisBarBarianPsygnosis.Slave;0;0;0;0
0;Barbarian 2 - The Dungeon Of Drax (Palace);Beat 'Em Up / Weapon;Games:B/Barbarian2PalaceBarbarian2Palace.slave;0;0;0;0
0;Barbarian 2 (Psygnosis);Action / Fighter 2D;Games:B/Barbarian2PsygnosisBarbarian2Psygnosis.Slave;0;0;0;0
0;Bard's Tale 1, The - Tales of the Unknown;RPG / Dungeon Crawler;Games:B/BardsTaleBardsTale.Slave;0;0;0;0
0;Bard's Tale 1, The - Tales of the Unknown (NTSC);RPG / Dungeon Crawler;Games:B/BardsTaleNTSCBardsTaleNTSC.Slave;0;0;0;0
0;Bard's Tale 2, The - The Destiny Knight;RPG / Dungeon Crawler;Games:B/BardsTale2BardsTale2.Slave;0;0;0;0
0;Bard's Tale 3, The - Thief of Fate;RPG / Dungeon Crawler;Games:B/BardsTale3BardsTale3.slave;0;0;0;0
0;Bargon Attack;Adventure / Point & Click;Games:B/BargonAttackBargonAttack.slave;0;0;0;0
0;Bargon Attack (French);Adventure / Point & Click;Games:B/BargonAttackFrBargonAttackFr.slave;0;0;0;0
0;Barney Bear Goes to School;Educational;Games:B/BarneyBearGoesToSchoolBarneyBearGoesToSchool.Slave;0;0;0;0
0;Barney Bear Goes to Space;Educational;Games:B/BarneyBearGoesToSpaceBarneyBearGoesToSpace.Slave;0;0;0;0
0;Bart Vs The Space Mutants (One Disk);Platform / Action;Games:B/BartVsSpaceMutants1DiskBartVsSpaceMutants1Disk.Slave;0;0;0;0
0;Bart Vs The Space Mutants (Two Disk) (Intro);Misc / Intro Disk;Games:B/BartVsSpaceMutants2DiskIntro2Disk.slave;0;0;0;0
0;Bart Vs The Space Mutants (Two Disk) (Intro);Misc / Intro Disk;Games:B/BartVsSpaceMutants2DiskBartVsSpaceMutants2Disk.Slave;0;0;0;0
0;Bart Vs The World;Platform / Action;Games:B/BartVsTheWorldBartVsTheWorld.slave;0;0;0;0
0;Base Jumpers;Platform / Action;Games:B/BaseJumpersBaseJumpers.slave;0;0;0;0
0;Base Jumpers (CD32);Platform / Action;Games:B/BaseJumpersCD32BaseJumpersCD32.slave;0;0;0;0
0;Basket Island (Playable Demo 1) (Game Demo) (AGA);Sport / Basketball;Games:B/BasketIslandDemo1AGABasketIslandDemo1AGA.Slave;0;0;0;0
0;Basket Island (Playable Demo 2) (Game Demo) (AGA);Sport / Basketball;Games:B/BasketIslandDemo2AGABasketIslandDemo2AGA.Slave;0;0;0;0
0;Batman Returns;Action / Fighter 2D;Games:B/BatmanReturnsBatmanReturns.Slave;0;0;0;0
0;Batman The Caped Crusader;Adventure / Action;Games:B/BatmanCapedCrusaderBatmanCapedCrusader.slave;0;0;0;0
0;Batman The Movie (One Disk);Action / Multi Level;Games:B/BatmanTheMovie1DiskBatmanTheMovie1Disk.Slave;0;0;0;0
0;Batman The Movie (Two Disk);Action / Multi Level;Games:B/BatmanTheMovie2DiskBatmanTheMovie2Disk.Slave;0;0;0;0
0;Battle Bound;Action / Fighter 2D;Games:B/BattleBoundBattleBound.Slave;0;0;0;0
0;Battle Chess;Tabletop / Chess;Games:B/BattleChessBattleChess.slave;0;0;0;0
0;Battle Chess (CD32);Tabletop / Chess;Games:B/BattleChessCD32BattleChessCD32.Slave;0;0;0;0
0;Battle Chess (CDTV);Tabletop / Chess;Games:B/BattleChessCDTVBattleChessCDTV.Slave;0;0;0;0
0;Battle Chess 2 - Chinese Chess;Tabletop / Chess;Games:B/BattleChess2BattleChess2.Slave;0;0;0;0
0;Battle Command;Action / Shooter / 3D;Games:B/BattleCommandBattleCommand.slave;0;0;0;0
0;Battle For The Ashes;Sport / Cricket;Games:B/BattleForAshesBattleForAshes.Slave;0;0;0;0
0;Battle For The Ashes (Coverdisk);Sport / Cricket;Games:B/BattleForAshesAmigaPowerBattleForAshesAmigaPower.Slave;0;0;0;0
0;Battle Isle;Strategy / Battle / 2D;Games:B/BattleIsleBattleIsle.Slave;0;0;0;0
0;Battle Isle & Data Disks;Strategy / Battle / 2D;Games:B/BattleIsle&DataDisksBattleIsle&DataDisks.Slave;0;0;0;0
0;Battle Master;Adventure / Action;Games:B/BattleMasterBattleMaster.Slave;0;0;0;0
0;Battle Squadron - The Destruction Of The Barrax Empire;Action / Shooter / Vertical;Games:B/BattleSquadronBattleSquadron.slave;0;0;0;0
0;Battle Squadron - The Destruction Of The Barrax Empire (G;Action / Shooter / Vertical;Games:B/BattleSquadronDemoBattleSquadronDemo.Slave;0;0;0;0
0;Battle Squadron - The Destruction Of The Barrax Empire (N;Action / Shooter / Vertical;Games:B/BattleSquadronNTSCBattleSquadronNTSC.slave;0;0;0;0
0;Battle Valley;Action / Shooter / Horizontal;Games:B/BattleValleyBattleValley.Slave;0;0;0;0
0;Battlehawks 1942;Simulator / Plane / WW2;Games:B/Battlehawks1942Battlehawks1942.Slave;0;0;0;0
0;Battleship (NTSC);Action / Duel / Versus;Games:B/BattleshipNTSCBattleshipNTSC.slave;0;0;0;0
0;Battleships;Tabletop / Board Game;Games:B/BattleshipsBattleships.slave;0;0;0;0
0;Battlestorm (CDTV);Action / Shooter / Multi Way;Games:B/BattlestormCDTVBattleStormCDTV.Slave;0;0;0;0
0;Battlestorm (NTSC);Action / Shooter / Multi Way;Games:B/BattlestormNTSCBattleStormNTSC.Slave;0;0;0;0
0;Battletech - The Crescent Hawk's Inception (NTSC);Strategy / Battle / 2D;Games:B/BattletechNTSCBattletechNTSC.Slave;0;0;0;0
0;Battletoads;Action / Fighter 2.5D;Games:B/BattletoadsBattletoads.slave;0;0;0;0
0;Battletoads (CD32);Action / Fighter 2.5D;Games:B/BattletoadsCD32BattletoadsCD32.slave;0;0;0;0
0;Beach Volley;Sport / Volleyball;Games:B/BeachVolleyBeachVolley.Slave;0;0;0;0
0;Beam;Puzzle / 2D;Games:B/BeamBeam.Slave;0;0;0;0
0;Beast Busters;Action / Shooter / Crosshair;Games:B/BeastBustersBeastBusters.slave;0;0;0;0
0;Beastlord;Action / Fighter 2D;Games:B/BeastlordBeastlord.slave;0;0;0;0
0;Beavers;Platform / Action;Games:B/BeaversBeavers.Slave;0;0;0;0
0;Beavers (CD32);Platform / Puzzle;Games:B/BeaversCD32BeaversCD32.Slave;0;0;0;0
0;Behind The Iron Gate;Action / FPS;Games:B/BehindTheIronGateBehindTheIronGate.slave;0;0;0;0
0;Behind The Iron Gate (German);Action / FPS;Games:B/BehindTheIronGateDeBehindTheIronGateDe.slave;0;0;0;0
0;Belial;Action / Shooter / 2D;Games:B/BelialBelial.Slave;0;0;0;0
0;Beneath A Steel Sky;Adventure / Point & Click;Games:B/BeneathAStlSkyBeneathAStlSky.slave;0;0;0;0
0;Beneath A Steel Sky (CD32);Adventure / Point & Click;Games:B/BeneathAStlSkyCD32BeneathAStlSkyCD32.slave;0;0;0;0
0;Beneath A Steel Sky (French);Adventure / Point & Click;Games:B/BeneathAStlSkyFrBeneathAStlSkyFr.slave;0;0;0;0
0;Beneath A Steel Sky (German);Adventure / Point & Click;Games:B/BeneathAStlSkyDeBeneathAStlSkyDe.slave;0;0;0;0
0;Beneath A Steel Sky (Italian);Adventure / Point & Click;Games:B/BeneathAStlSkyItBeneathAStlSkyIt.slave;0;0;0;0
0;Beneath A Steel Sky (No Voice) (CD32);Adventure / Point & Click;Games:B/BeneathAStlSkyCD32NoVoiceBeneathAStlSkyCD32NoVoice.slave;0;0;0;0
0;Beneath A Steel Sky (Swedish);Adventure / Point & Click;Games:B/BeneathAStlSkySeBeneathAStlSkySe.slave;0;0;0;0
0;Benefactor;Platform / Puzzle;Games:B/BenefactorBenefactor.slave;0;0;0;0
0;Benefactor (CD32);Platform / Puzzle;Games:B/BenefactorCD32BenefactorCD32.Slave;0;0;0;0
0;Best Of The Best - Championship Karate;Beat 'Em Up;Games:B/BestOfTheBestBestOfTheBest.Slave;0;0;0;0
0;Betrayal;Strategy / Historical;Games:B/BetrayalBetrayal.Slave;0;0;0;0
0;Better Dead Than Alien (NTSC);Action / Shooter / 2D;Games:B/BetterDeadThanAlienNTSCBetterDeadThanAlienNTSC.Slave;0;0;0;0
0;Better Dead Than Alien!;Action / Shooter / 2D;Games:B/BetterDeadThanAlienBetterDeadThanAlien.Slave;0;0;0;0
0;Better Maths;Educational;Games:B/BetterMathsBetterMaths.Slave;0;0;0;0
0;Beverly Hills Cop;Action / Multi Level;Games:B/BeverlyHillsCopBeverlyHillsCop.slave;0;0;0;0
0;Beyond Dark Castle;Platform / Action;Games:B/BeyondDarkCastleBeyondDarkCastle.slave;0;0;0;0
0;Beyond the Ice Palace;Action / Fighter 2D;Games:B/BeyondTheIcePalaceBeyondTheIcePalace.Slave;0;0;0;0
0;Bez Kompromisu (Polish);Action / Shooter / 2D;Games:B/BezKompromisuPlBezKompromisuPl.Slave;0;0;0;0
0;Big Business;Management / Business;Games:B/BigBusinessBigBusiness.Slave;0;0;0;0
0;Big Nose the Caveman;Platform / Action;Games:B/BigNoseTheCavemanBigNoseTheCaveman.Slave;0;0;0;0
0;Big Run;Racing / Car / Chase View;Games:B/BigRunBigRun.Slave;0;0;0;0
0;Biing! - Sex, Intrigen Und Skalpelle (AGA) (German);Adventure / Adult;Games:B/BiingAGADeBiingAGADe.slave;0;0;0;0
0;Bill's Tomato Game;Puzzle / 2D;Games:B/BillsTomatoGameBillsTomatoGame.slave;0;0;0;0
0;Bill's Tomato Game (NTSC);Puzzle / 2D;Games:B/BillsTomatoGameNTSCBillsTomatoGameNTSC.slave;0;0;0;0
0;Bio Challenge;Action / Shooter / Horizontal;Games:B/BioChallengeBioChallenge.Slave;0;0;0;0
0;Bionic Commando;Action / Shooter / 2D;Games:B/BionicCommandoBionicCommando.Slave;0;0;0;0
0;Bionic Commando (NTSC);Action / Fighter 2D;Games:B/BionicCommandoNTSCBionicCommandoNTSC.Slave;0;0;0;0
0;Biplane Duel (PD);Action / Duel / Versus;Games:B/BiplaneDuelBiplaneDuel.Slave;0;0;0;0
0;Birds Of Prey;Simulator / Plane / Combat;Games:B/BirdsOfPreyBirdsOfPrey.slave;0;0;0;0
0;Bismarck;Simulator / Boat;Games:B/BismarckBismarck.Slave;0;0;0;0
0;Bivouac (French);Sport / Winter;Games:B/BivouacFrBivouacFr.slave;0;0;0;0
0;Black Cauldron, The;Adventure / Point & Click;Games:B/BlackCauldronBlackCauldron.Slave;0;0;0;0
0;Black Crypt;RPG / Dungeon Crawler;Games:B/BlackCryptBlackCrypt.Slave;0;0;0;0
0;Black Dawn I (PD);RPG / Dungeon Crawler;Games:B/BlackDawnBlackDawn.Slave;0;0;0;0
0;Black Dawn II (PD);RPG / Dungeon Crawler;Games:B/BlackDawn2BlackDawn2.Slave;0;0;0;0
0;Black Dawn III - Legions of Dawn (PD);RPG / Dungeon Crawler;Games:L/LegionsOfDawnLegionsOfDawn.Slave;0;0;0;0
0;Black Dawn VI - Hellbound;RPG / Dungeon Crawler;Games:B/BlackDawn6BlackDawn6.Slave;0;0;0;0
0;Black Gold;Management / Business;Games:B/BlackGoldReLINEBlackGoldReLINE.Slave;0;0;0;0
0;Black Hornet;Action / Shooter / Vertical;Games:B/BlackHornetBlackHornet.Slave;0;0;0;0
0;Black Lamp;Platform / Action;Games:B/BlackLampBlackLamp.Slave;0;0;0;0
0;Black Sect (French);Adventure / Point & Click;Games:B/BlackSectFrBlackSectFr.Slave;0;0;0;0
0;Black Shadow;Action / Shooter / Vertical;Games:B/BlackShadowBlackShadow.Slave;0;0;0;0
0;Black Tiger;Action / Fighter 2D;Games:B/BlackTigerBlackTiger.slave;0;0;0;0
0;Black Viper;Action / Shooter / Vehicle;Games:B/BlackViperBlackViper.slave;0;0;0;0
0;Black Viper (AGA);Action / Shooter / Vehicle;Games:B/BlackViperAGABlackViperAGA.slave;0;0;0;0
0;Black Viper (Intro) (CD32);Misc / Intro Disk;Games:B/BlackViperCD32BlackViperCD32.Slave;0;0;0;0
0;Black Viper (Intro) (CD32);Misc / Intro Disk;Games:B/BlackViperCD32IntroCD32.Slave;0;0;0;0
0;Blade Warrior;Action / Fighter 2D;Games:B/BladeWarriorBladeWarrior.slave;0;0;0;0
0;Blades of Steel;Sport / Ice Hockey;Games:B/BladesOfSteelBladesOfSteel.Slave;0;0;0;0
0;BlastaBall (Arcadia);Sport / Futuristic;Games:B/BlastaBallArcadiaBlastaBallArcadia.Slave;0;0;0;0
0;Blastar;Action / Shooter / Multi Way;Games:B/BlastarBlastar.slave;0;0;0;0
0;Blasteroids;Action / Shooter / 2D;Games:B/BlasteroidsBlasteroids.slave;0;0;0;0
0;Blazing Thunder;Action / Shooter / Vertical;Games:B/BlazingThunderBlazingThunder.Slave;0;0;0;0
0;Blinky's Scary School;Platform / Action;Games:B/BlinkysScarySchoolBlinkysScarySchool.Slave;0;0;0;0
0;Blob;Puzzle / 3D;Games:B/BlobBlob.slave;0;0;0;0
0;Blobz (AGA);Platform / Puzzle;Games:B/BlobzAGABlobzAGA.Slave;0;0;0;0
0;Block Out;Puzzle / 3D;Games:B/BlockOutBlockOut.slave;0;0;0;0
0;Block Shock - The Last Chance;Puzzle / 2D;Games:B/BlockShockBlockShock.Slave;0;0;0;0
0;Blood Money;Action / Shooter / Horizontal;Games:B/BloodMoneyBloodMoney.slave;0;0;0;0
0;BloodNet - A Cyberpunk Gothic;Adventure / Point & Click;Games:B/BloodNetBloodnet.slave;0;0;0;0
0;BloodNet - A Cyberpunk Gothic (AGA);Adventure / Point & Click;Games:B/BloodNetAGABloodnetAGA.slave;0;0;0;0
0;Bloodwych;RPG / Dungeon Crawler;Games:B/BloodwychBloodwych.Slave;0;0;0;0
0;Bloodwych - Extended Levels;RPG / Dungeon Crawler;Games:B/Bloodwych&ExtendedLevelsBloodwych.Slave;0;0;0;0
0;Bloodwych - Extended Levels;RPG / Dungeon Crawler;Games:B/Bloodwych&ExtendedLevelsExtendedLevels.Slave;0;0;0;0
0;Blork (Game Demo);Action / Shooter / Horizontal;Games:B/BlorkBlork.Slave;0;0;0;0
0;Blue Angel 69;Puzzle / 2D;Games:B/BlueAngel69BlueAngel69.slave;0;0;0;0
0;Blue Angels - Formation Flight Simulator (NTSC);Simulator / Plane;Games:B/BlueAngelsNTSCBlueAngelsNTSC.Slave;0;0;0;0
0;Blue Max - Aces Of The Great War;Simulator / Plane / WW1;Games:B/BlueMaxBlueMax.Slave;0;0;0;0
0;BlueBerry (French);Adventure / Graphic;Games:B/BlueBerryFrBlueberryFr.Slave;0;0;0;0
0;BlueBerry (German);Adventure / Graphic;Games:B/BlueBerryDeBlueberryDe.Slave;0;0;0;0
0;BlueBerry (Spanish);Adventure / Graphic;Games:B/BlueBerryEsBlueberryEs.Slave;0;0;0;0
0;Blues Brothers, The;Platform / Action;Games:B/BluesBrothersBluesBrothers.slave;0;0;0;0
0;BMX Simulator;Racing / Bike / Top Down;Games:B/BMXSimulatorBMXSimulator.Slave;0;0;0;0
0;Bob's Bad Day;Maze / 2D;Games:B/BobsBadDayBobsBadDay.slave;0;0;0;0
0;Bob's Garden (PD);Maze / Digger;Games:B/BobsGardenBobsGarden.Slave;0;0;0;0
0;Bobo;Action / Multi Level;Games:B/BoboBobo.Slave;0;0;0;0
0;Bobo (French);Action / Multi Level;Games:B/BoboFrBoboFr.Slave;0;0;0;0
0;Body Blows;Beat 'Em Up;Games:B/BodyBlowsBodyBlows.Slave;0;0;0;0
0;Body Blows (AGA);Beat 'Em Up;Games:B/BodyBlowsAGABodyBlowsAGA.Slave;0;0;0;0
0;Body Blows (Fast Mem);Beat 'Em Up;Games:B/BodyBlowsFastBodyBlowsFast.Slave;0;0;0;0
0;Body Blows Galactic;Beat 'Em Up;Games:B/BodyBlowsGalacticBodyBlowsGalactic.slave;0;0;0;0
0;Body Blows Galactic (AGA);Beat 'Em Up;Games:B/BodyBlowsGalacticAGABodyBlowsGalacticAGA.slave;0;0;0;0
0;Bomb Fusion;Platform / Puzzle;Games:B/BombFusionBombFusion.Slave;0;0;0;0
0;Bomb Jack;Platform / Action;Games:B/BombJackBombJack.slave;0;0;0;0
0;Bomb Jack (Beer Edition);Platform / Action;Games:B/BombJackBeerEditionBombJackBeerEdition.slave;0;0;0;0
0;Bomb'X;Maze / Bomb / Adult;Games:B/BombXBombX.slave;0;0;0;0
0;Bomber Bob;Action / Shooter / Vertical;Games:B/BomberBobBomberBob.Slave;0;0;0;0
0;BombPac (Aminet) (PD) (CD32);Maze / 2D;Games:B/BombPacCD32AGAAminetBombPacCD32AGAAminet.Slave;0;0;0;0
0;BombPac (PD) (CD32);Maze / 2D;Games:B/BombPacCD32AGABombPacCD32AGA.Slave;0;0;0;0
0;Bombuzal;Maze / Bomb;Games:B/BombuzalBombuzal.slave;0;0;0;0
0;Bonanza Bros.;Platform / Puzzle;Games:B/BonanzaBrosBonanzaBros.slave;0;0;0;0
0;Bone Cruncher;Maze / Digger;Games:B/BoneCruncherBoneCruncher.Slave;0;0;0;0
0;Bone Cruncher (Enhanced);Maze / Digger;Games:B/BoneCruncherEnhancedBoneCruncherEnhanced.Slave;0;0;0;0
0;Booly;Puzzle / 2D;Games:B/BoolyBooly.Slave;0;0;0;0
0;Boot, Das (NTSC);Simulator / Submarine;Games:B/BootNTSCBootNTSC.Slave;0;0;0;0
0;Borobodur - Planet Of Doom;Action / Multi Level;Games:B/BorobodurBorobodur.Slave;0;0;0;0
0;Borrowed Time;Adventure / Point & Click;Games:B/BorrowedTimeBorrowedTime.Slave;0;0;0;0
0;Boston Bomb Club;Puzzle / 2D;Games:B/BostonBombClubBostonBombClub.Slave;0;0;0;0
0;Boston Bomb Club (Fast Mem);Puzzle / 2D;Games:B/BostonBombClubFastBostonBombClubFast.slave;0;0;0;0
0;Botics;Bat & Ball / 3D;Games:B/BoticsBotics.slave;0;0;0;0
0;Boulder Dash Const. Kit;Maze / Digger;Games:B/BoulderDashConstrKitBoulderDashConstrKit.Slave;0;0;0;0
0;Brain Blasters, The;Puzzle / 2D;Games:B/BrainBlastersBrainBlasters.Slave;0;0;0;0
0;Brain Man;Puzzle / 2D;Games:B/BrainManBrainMan.Slave;0;0;0;0
0;Brainball (Coverdisk);Puzzle / 2D;Games:B/BrainballBrainball.slave;0;0;0;0
0;Bram Stoker's Dracula;Action / Fighter 2D;Games:B/BramStokersDraculaBramStokersDracula.Slave;0;0;0;0
0;Brat;Puzzle / Isometric;Games:B/BratBrat.slave;0;0;0;0
0;Brataccas (NTSC);Adventure / Action;Games:B/BrataccasNTSCBrataccasNTSC.Slave;0;0;0;0
0;Breach (NTSC);Strategy / Battle / 2D;Games:B/BreachNTSCBreachNTSC.Slave;0;0;0;0
0;Breach 2 (Enhanced);Strategy / Battle / 2D;Games:B/Breach2Breach2.Slave;0;0;0;0
0;Breakout Revolution (PD) (AGA);Bat & Ball / 2D;Games:B/BreakOutRevolutionAGABreakOutRevolutionAGA.slave;0;0;0;0
0;Breathless ('060) (AGA);Action / FPS;Games:B/BreathlessAGA060BreathlessAGA060.Slave;0;0;0;0
0;Breathless (AGA);Action / FPS;Games:B/BreathlessAGABreathlessAGA.Slave;0;0;0;0
0;Breathless (Game Demo) (AGA);Action / FPS;Games:B/BreathlessDemoAGABreathlessDemoAGA.Slave;0;0;0;0
0;Brian Lara's Cricket;Sport / Cricket;Games:B/BrianLarasCricketBrianLarasCricket.Slave;0;0;0;0
0;Brian Lara's Cricket '96;Sport / Cricket;Games:B/BrianLarasCricket96BrianLarasCricket96.Slave;0;0;0;0
0;Brian The Lion;Platform / Action;Games:B/BrianTheLionBrianTheLion.Slave;0;0;0;0
0;Brian The Lion (AGA);Platform / Action;Games:B/BrianTheLionAGABrianTheLionAGA.Slave;0;0;0;0
0;Brides of Dracula;Adventure / Action;Games:B/BridesOfDraculaBridesOfDracula.slave;0;0;0;0
0;Brutal Paws of Fury;Beat 'Em Up;Games:B/BrutalPawsOfFuryBrutalPawsOfFury.slave;0;0;0;0
0;Brutal Paws of Fury (CD32);Beat 'Em Up;Games:B/BrutalPawsOfFuryCD32BrutalPawsOfFuryCD32.slave;0;0;0;0
0;Brutal Sports Series - Football;Sport / American Football;Games:B/BrutalFootballBrutalFootball.slave;0;0;0;0
0;Brutal Sports Series - Football (AGA);Sport / American Football;Games:B/BrutalFootballAGABrutalFootballAGA.slave;0;0;0;0
0;Brutal Sports Series - Football (CD32);Sport / American Football;Games:B/BrutalFootballCD32BrutalFootballCD32.Slave;0;0;0;0
0;Bubba 'n' Stix;Platform / Puzzle;Games:B/BubbaNStixBubbaNStix.slave;0;0;0;0
0;Bubba 'n' Stix (CD32);Platform / Puzzle;Games:B/BubbaNStixCD32BubbaNStixCD32.slave;0;0;0;0
0;Bubble And Squeak;Platform / Action;Games:B/BubbleAndSqueakBubbleAndSqueak.slave;0;0;0;0
0;Bubble And Squeak (AGA);Platform / Action;Games:B/BubbleAndSqueakAGABubbleAndSqueakAGA.slave;0;0;0;0
0;Bubble And Squeak (CD32);Platform / Action;Games:B/BubbleAndSqueakCD32BubbleAndSqueakCD32.slave;0;0;0;0
0;Bubble Bobble;Platform / Action;Games:B/BubbleBobbleBubbleBobble.slave;0;0;0;0
0;Bubble Bobble (NTSC);Platform / Action;Games:B/BubbleBobbleNTSCBubbleBobbleNTSC.slave;0;0;0;0
0;Bubble Dizzy;Platform / Puzzle;Games:B/BubbleDizzyBubbleDizzy.slave;0;0;0;0
0;Bubble Gun;Platform / Action;Games:B/BubbleGunBubbleGun.Slave;0;0;0;0
0;Bubble+;Platform / Action;Games:B/Bubble+Bubble+.Slave;0;0;0;0
0;Buck Rogers XXVc - Countdown to Doomsday (German);RPG / Dungeon Crawler;Games:B/BuckRogersDeBuckRogersDe.slave;0;0;0;0
0;Buck Rogers XXVc - Countdown to Doomsday (NTSC);RPG / Dungeon Crawler;Games:B/BuckRogersNTSCBuckRogersNTSC.slave;0;0;0;0
0;Budokan - The Martial Spirit;Beat 'Em Up / Weapon;Games:B/BudokanBudokan.Slave;0;0;0;0
0;Buffalo Bill's Wild West Show;Action / Wild West;Games:B/BuffaloBillsWildWestShowBuffaloBillsWildWestShow.Slave;0;0;0;0
0;Bug Bash;Action / Shooter / Horizontal;Games:B/BugBashBugBash.Slave;0;0;0;0
0;Bug Bomber;Maze / Bomb;Games:B/BugBomberBugBomber.Slave;0;0;0;0
0;Buggy Boy;Racing / Car / Chase View;Games:B/BuggyBoyBuggyBoy.Slave;0;0;0;0
0;Builderland - The Story Of Melba;Puzzle / 2D;Games:B/BuilderlandBuilderland.Slave;0;0;0;0
0;Bump 'N Burn;Racing / Car / Chase View;Games:B/BumpNBurnBumpNBurn.Slave;0;0;0;0
0;Bump 'N Burn (CD32);Racing / Car / Chase View;Games:B/BumpNBurnCD32BumpNBurnCD32.Slave;0;0;0;0
0;Bumpy's Arcade Fantasy;Platform / Action;Games:B/BumpysArcadeFantasyBumpysArcadeFantasy.Slave;0;0;0;0
0;Bundesliga Manager Hattrick (AGA) (German);Management / Sport;Games:B/BundesligaMngrHattAGADeBundesligaMngrHattAGADe.slave;0;0;0;0
0;Bundesliga Manager Professional (German);Management / Sport;Games:B/BundesligaManagerProDeBundesligaManagerProDe.Slave;0;0;0;0
0;Bunny Bricks;Bat & Ball / 2D;Games:B/BunnyBricksBunnyBricks.Slave;0;0;0;0
0;Bunny Bricks (Fast Mem);Bat & Ball / 2D;Games:B/BunnyBricksFastBunnyBricksFast.Slave;0;0;0;0
0;Burger Man;Platform / Action;Games:B/BurgerManBurgerMan.Slave;0;0;0;0
0;Burning Rubber;Racing / Car / Chase View;Games:B/BurningRubberBurningRubber.slave;0;0;0;0
0;Burning Rubber (Enhanced);Racing / Car / Chase View;Games:B/BurningRubberEnhancedBurningRubberEnhanced.slave;0;0;0;0
0;Burnout (AGA);Action / Duel / Versus;Games:B/BurnoutAGABurnoutAGA.slave;0;0;0;0
0;Burntime;RPG / Open World;Games:B/BurntimeBurntime.Slave;0;0;0;0
0;Burntime (AGA);RPG / Open World;Games:B/BurntimeAGABurntimeAGA.Slave;0;0;0;0
0;Burntime (AGA) (German);RPG / Open World;Games:B/BurntimeAGADeBurntimeAGADe.Slave;0;0;0;0
0;Burntime (German);RPG / Open World;Games:B/BurntimeDeBurntimeDe.Slave;0;0;0;0
0;Butcher Hill;Adventure / 3D;Games:B/ButcherHillButcherHill.Slave;0;0;0;0
0;Cabal;Action / Shooter / Crosshair;Games:C/CabalCabal.slave;0;0;0;0
0;Cabaret Asteroids (PD);Action / Shooter / 2D;Games:C/CabaretAsteroidsCabaretAsteroids.slave;0;0;0;0
0;Cabaret Asteroids (Repack) (PD);Action / Shooter / 2D;Games:C/CabaretAsteroidsRepackedCabaretAsteroidsRepacked.slave;0;0;0;0
0;Cadaver (Bonus Levels) (Game Demo);Adventure / Isometric;Games:C/CadaverDemosCadaverDemos.slave;0;0;0;0
0;Cadaver & The Payoff;Adventure / Isometric;Games:C/Cadaver&ThePayoffCadaver&ThePayoff.slave;0;0;0;0
0;Caesar;Management / Historical;Games:C/CaesarCaesar.Slave;0;0;0;0
0;Calephar (Image) (Coverdisk);Action / Shooter / Vertical;Games:C/CalepharImageCalepharImage.Slave;0;0;0;0
0;California Games;Sport / Extreme;Games:C/CaliforniaGamesCaliforniaGames.slave;0;0;0;0
0;California Games 2;Sport / Extreme;Games:C/CaliforniaGames2CaliforniaGames2.slave;0;0;0;0
0;Campaign;Strategy / Battle / 3D;Games:C/CampaignCampaign.slave;0;0;0;0
0;Campaign & Data Disk;Strategy / Battle / 3D;Games:C/Campaign&DataDiskCampaign&DataDisk.slave;0;0;0;0
0;Campaign 2;Strategy / Battle / 3D;Games:C/Campaign2Campaign2.slave;0;0;0;0
0;Candy Puzzle (CD32);Puzzle / 2D;Games:C/CandyPuzzleCD32CandyPuzzleCD32.slave;0;0;0;0
0;Cannon Fodder;Action / Shooter / Multi Way;Games:C/CannonFodderCannonFodder.Slave;0;0;0;0
0;Cannon Fodder (CD32);Action / Shooter / Multi Way;Games:C/CannonFodderCD32CannonFodderCD32.Slave;0;0;0;0
0;Cannon Fodder (French);Action / Shooter / Multi Way;Games:C/CannonFodderFrCannonFodderFr.Slave;0;0;0;0
0;Cannon Fodder (German);Action / Shooter / Multi Way;Games:C/CannonFodderDeCannonFodderDe.Slave;0;0;0;0
0;Cannon Fodder (Italian);Action / Shooter / Multi Way;Games:C/CannonFodderItCannonFodderIt.Slave;0;0;0;0
0;Cannon Fodder (New Campaign);Action / Shooter / Multi Way;Games:C/CannonFodderNewCampaignCannonFodderNewCampaign.slave;0;0;0;0
0;Cannon Fodder 2;Action / Shooter / Multi Way;Games:C/CannonFodder2CannonFodder2.Slave;0;0;0;0
0;Cannon Fodder 2 (Alien Levels) (Coverdisk);Action / Shooter / Multi Way;Games:C/CannonFodder2AlienLevelsCannonFodder2AlienLevels.Slave;0;0;0;0
0;Cannon Fodder 2 (French);Action / Shooter / Multi Way;Games:C/CannonFodder2FrCannonFodder2Fr.Slave;0;0;0;0
0;Cannon Fodder 2 (German);Action / Shooter / Multi Way;Games:C/CannonFodder2DeCannonFodder2De.Slave;0;0;0;0
0;Cannon Fodder 2 (Not Very Festive) (Coverdisk);Action / Shooter / Multi Way;Games:N/NotVeryFestiveFodderNotVeryFestiveFodder.Slave;0;0;0;0
0;Cannon Fodder Plus (Coverdisk);Action / Shooter / Multi Way;Games:C/CannonFodderPlusCannonFodderPlus.Slave;0;0;0;0
0;Cannon Soccer (Coverdisk);Action / Shooter / Multi Way;Games:C/CannonSoccerCannonSoccer.Slave;0;0;0;0
0;Cap'n Carnage;Action / Shooter / Horizontal;Games:C/CapNCarnageCapNCarnage.slave;0;0;0;0
0;Capital Punishment (AGA);Beat 'Em Up;Games:C/CapitalPunishmentAGACapitalPunishmentAGA.Slave;0;0;0;0
0;Capital Punishment (CD-ROM) (AGA);Beat 'Em Up;Games:C/CapitalPunishmentAGACDCapitalPunishmentAGACD.Slave;0;0;0;0
0;Capone;Action / Shooter / Crosshair;Games:C/CaponeCapone.Slave;0;0;0;0
0;Captain Blood;Adventure / Action;Games:C/CaptainBloodCaptainBlood.Slave;0;0;0;0
0;Captain Blood (NTSC);Adventure / Action;Games:C/CaptainBloodNTSCCaptainBloodNTSC.Slave;0;0;0;0
0;Captain Dynamo;Platform / Action;Games:D/DynamoDynamo.slave;0;0;0;0
0;Captain Fizz Meets The Blaster-Trons;Action / Duel / Versus;Games:C/CaptainFizzCaptainFizz.slave;0;0;0;0
0;Captain Planet& Planeteers;Unknown;Games:C/CaptainPlanet&PlaneteersCaptainPlanet&Planeteers.Slave;0;0;0;0
0;Captive;RPG / Dungeon Crawler;Games:C/CaptiveCaptive.slave;0;0;0;0
0;Carcharodon - White Sharks;Action / Shooter / Horizontal;Games:C/CarcharodonCarcharodon.slave;0;0;0;0
0;Cardiaxx (Electronic Zoo);Action / Shooter / Horizontal;Games:C/CardiaxxElectronicZooCardiaxxElectronicZoo.Slave;0;0;0;0
0;Cardiaxx (Team 17);Action / Shooter / Horizontal;Games:C/CardiaxxTeam17CardiaxxTeam17.Slave;0;0;0;0
0;Cardinal of the Kremlin, The;Strategy / Action;Games:C/CardinalOfTheKremlinCardinalOfTheKremlin.Slave;0;0;0;0
0;Carl Lewis Challenge, The;Sport / Athletics;Games:C/CarlLewisChallengeCarlLewisChallenge.slave;0;0;0;0
0;Carlos;Platform / Action;Games:C/CarlosCarlos.Slave;0;0;0;0
0;Carnage;Racing / Car / Top Down;Games:C/CarnageCarnage.slave;0;0;0;0
0;Carrier Command;Strategy / Battle / 3D;Games:C/CarrierCommandCarrierCommand.Slave;0;0;0;0
0;Carrier Command No Music;Unknown;Games:C/CarrierCommandNoMusicCarrierCommandNoMusic.Slave;0;0;0;0
0;Carthage;Strategy / Battle / 2D;Games:C/CarthageCarthage.Slave;0;0;0;0
0;Carthage (NTSC);Strategy / Battle / 2D;Games:C/CarthageNTSCCarthageNTSC.Slave;0;0;0;0
0;Carton Rouge - League Edition (AGA) (French);Management / Sport;Games:C/CartonRougeLEAGAFrCartonRougeLEAGAFr.slave;0;0;0;0
0;Carton Rouge - League Edition (French);Management / Sport;Games:C/CartonRougeLEFrCartonRougeLEFr.slave;0;0;0;0
0;Cartoons, The;Platform / Puzzle;Games:C/CartoonsCartoons.slave;0;0;0;0
0;Carver;Action / Fighter 2D;Games:C/CarverCarver.Slave;0;0;0;0
0;CarVup;Platform / Vehicle;Games:C/CarVupCarVup.Slave;0;0;0;0
0;Castle Kingdoms;Action / Shooter / Isometric;Games:C/CastleKingdomsCastleKingdoms.Slave;0;0;0;0
0;Castle Master;Adventure / 3D;Games:C/CastleMasterCastleMaster.Slave;0;0;0;0
0;Castle Master 2 - The Crypt;Adventure / 3D;Games:C/CastleMaster2CastleMaster2.Slave;0;0;0;0
0;Castle Of Dr Brain (German);Adventure / Puzzle;Games:C/CastleOfDrBrainDeCastleOfDrBrainDe.Slave;0;0;0;0
0;Castle Of Dr Brain (MT32) (German);Adventure / Puzzle;Games:C/CastleOfDrBrainDeMT32CastleOfDrBrainDeMT32.Slave;0;0;0;0
0;Castle Of Dr Brain (NTSC);Adventure / Puzzle;Games:C/CastleOfDrBrainNTSCCastleOfDrBrainNTSC.Slave;0;0;0;0
0;Castle Of Dr Brain (NTSC) (MT32);Adventure / Puzzle;Games:C/CastleOfDrBrainNTSCMT32CastleOfDrBrainNTSCMT32.Slave;0;0;0;0
0;Castle Warrior;Adventure / 3D;Games:C/CastleWarriorCastleWarrior.Slave;0;0;0;0
0;Castles;Strategy / Historical;Games:C/CastlesCastles.slave;0;0;0;0
0;Castles (German);Strategy / Historical;Games:C/CastlesDeCastlesDe.slave;0;0;0;0
0;Castles 2 (CD32);Strategy / Historical;Games:C/Castles2CD32Castles2CD32.Slave;0;0;0;0
0;Castlevania;Action / Fighter 2D;Games:C/CastleVaniaCastleVania.slave;0;0;0;0
0;Catch 'Em;Platform / Action;Games:C/CatchEmCatchEm.slave;0;0;0;0
0;Cattivik - The Videogame;Platform / Action;Games:C/CattivikCattivik.Slave;0;0;0;0
0;Cave Runner (PD);Maze / Digger;Games:C/CaveRunnerCaveRunner.slave;0;0;0;0
0;Cavemania;Platform / Puzzle;Games:C/CaveManiaCavemania.slave;0;0;0;0
0;Cavitas;Action / Shooter / Horizontal;Games:C/CavitasCavitas.Slave;0;0;0;0
0;Cedric And The Lost Sceptre;Action / Fighter 2D;Games:C/CedricCedric.slave;0;0;0;0
0;Cedric And The Lost Sceptre (CD32);Action / Fighter 2D;Games:C/CedricCD32CedricCD32.slave;0;0;0;0
0;Celtic Legends;Strategy / Battle / 2D;Games:C/CelticLegendsCelticLegends.slave;0;0;0;0
0;Centrefold Squares;Unknown;Games:C/CentrefoldSquaresCentrefoldSquares.Slave;0;0;0;0
0;Centurion - Defender Of Rome (NTSC);Strategy / Battle / 2D;Games:C/CenturionNTSCCenturionNTSC.Slave;0;0;0;0
0;Century;Reaction / 2D;Games:C/CenturyCentury.Slave;0;0;0;0
0;Chamber of The Sci-Mutant Priestess (NTSC);Adventure / Point & Click;Games:C/ChamberSciMutantPrstNTSCChamberSciMutantPrstNTSC.slave;0;0;0;0
0;Chambers of Shaolin;Beat 'Em Up;Games:C/ChambersOfShaolinChambersOfShaolin.Slave;0;0;0;0
0;Chamonix Challenge;Sport / Winter;Games:C/ChamonixChallengeChamonixChallenge.slave;0;0;0;0
0;Champ, The;Sport / Boxing;Games:C/ChampChamp.Slave;0;0;0;0
0;Champion Driver;Racing / Car / Top Down;Games:C/ChampionDriverChampionDriver.Slave;0;0;0;0
0;Champions Of Krynn;RPG / Dungeon Crawler;Games:C/ChampionsOfKrynnChampionsOfKrynn.Slave;0;0;0;0
0;Championship Golf - The Great Courses Of The World Volume;Sport / Golf;Games:C/ChampionshipGolfChampionshipGolf.Slave;0;0;0;0
0;Chaos Engine 2, The;Action / Shooter / Multi Way;Games:C/ChaosEngine2ChaosEngine2.slave;0;0;0;0
0;Chaos Engine 2, The (1MB);Action / Shooter / Multi Way;Games:C/ChaosEngine21MBChaosEngine21MB.slave;0;0;0;0
0;Chaos Engine 2, The (AGA);Action / Shooter / Multi Way;Games:C/ChaosEngine2AGAChaosEngine2AGA.slave;0;0;0;0
0;Chaos Engine, The;Action / Shooter / Multi Way;Games:C/ChaosEngineChaosEngine.slave;0;0;0;0
0;Chaos Engine, The (AGA);Action / Shooter / Multi Way;Games:C/ChaosEngineAGAChaosEngineAGA.slave;0;0;0;0
0;Chaos Engine, The (CD32);Action / Shooter / Multi Way;Games:C/ChaosEngineCD32ChaosEngineCD32.slave;0;0;0;0
0;Chaos Engine, The (Game Demo);Action / Shooter / Multi Way;Games:C/ChaosEngineDemoChaosEngineDemo.Slave;0;0;0;0
0;Chaos In Andromeda - Eyes Of The Eagle;RPG / Open World;Games:C/ChaosInAndromedaChaosInAndromeda.Slave;0;0;0;0
0;Chaos In Andromeda - Eyes of The Eagle (CDTV);RPG / Open World;Games:C/ChaosInAndromedaCDTVChaosInAndromedaCDTV.Slave;0;0;0;0
0;Chaos Strikes Back;RPG / Dungeon Crawler;Games:C/ChaosStrikesBack&EnUtilChaosStrikesBack.slave;0;0;0;0
0;Chaos Strikes Back (French);RPG / Dungeon Crawler;Games:C/ChaosStrikesBack&FrUtilChaosStrikesBack.slave;0;0;0;0
0;Chaos Strikes Back (German);RPG / Dungeon Crawler;Games:C/ChaosStrikesBack&DeUtilChaosStrikesBack.slave;0;0;0;0
0;Charlie J Cool;Platform / Action;Games:C/CharlieJCoolCharlieJCool.slave;0;0;0;0
0;Charlie J Cool (AGA);Platform / Action;Games:C/CharlieJCoolAGACharlieJCoolAGA.slave;0;0;0;0
0;Charon 5;Action / Shooter / Multi Way;Games:C/Charon5Charon5.Slave;0;0;0;0
0;Chase H.Q.;Racing / Car / Chase View;Games:C/ChaseHQChaseHQ.Slave;0;0;0;0
0;Chase H.Q. 2 - Special Criminal Investigation;Racing / Car / Chase View;Games:C/ChaseHQ2ChaseHQ2.slave;0;0;0;0
0;Chess Player 2150;Tabletop / Chess;Games:C/ChessPlayer2150ChessPlayer2150.Slave;0;0;0;0
0;Chess Player 2150 (Arcade Action Pack);Tabletop / Chess;Games:C/ChessPlayer2150AAChessPlayer2150AA.Slave;0;0;0;0
0;Chess Player 2150 (French);Tabletop / Chess;Games:C/ChessPlayer2150FrChessPlayer2150Fr.Slave;0;0;0;0
0;Chess Player 2150 (German);Tabletop / Chess;Games:C/ChessPlayer2150DeChessPlayer2150De.Slave;0;0;0;0
0;Chess Simulator;Tabletop / Chess;Games:C/ChessSimulatorChessSimulator.Slave;0;0;0;0
0;Chessmaster 2000, The;Tabletop / Chess;Games:C/Chessmaster2000Chessmaster2000.slave;0;0;0;0
0;Chessmaster 2100 - The Fidelity (NTSC);Tabletop / Chess;Games:C/Chessmaster2100NTSCChessmaster2100NTSC.Slave;0;0;0;0
0;Chicago '90;Racing / Car / Isometric;Games:C/Chicago90Chicago90.Slave;0;0;0;0
0;Chichen Itza (Spanish);Adventure / Text;Games:C/ChichenItzaEsChichenItzaEs.slave;0;0;0;0
0;Chinese Karate;Beat 'Em Up;Games:C/ChineseKarateChineseKarate.slave;0;0;0;0
0;Chip's Challenge;Puzzle / 2D;Games:C/ChipsChallengeChipsChallenge.Slave;0;0;0;0
0;Chip's Challenge (NTSC);Puzzle / 2D;Games:C/ChipsChallengeNTSCChipsChallengeNTSC.Slave;0;0;0;0
0;Christoph Kolombus (AGA) (German);Strategy / Trading;Games:C/ChristophKolumbusAGADeChristophKolumbusAGADe.slave;0;0;0;0
0;Christoph Kolumbus (German);Strategy / Trading;Games:C/ChristophKolumbusDeChristophKolumbusDe.slave;0;0;0;0
0;Chrome (Coverdisk);Action / Shooter / Horizontal;Games:C/ChromeChrome.Slave;0;0;0;0
0;Chronicles Of Omega;Platform / Action;Games:C/ChroniclesOfOmegaChroniclesOfOmega.slave;0;0;0;0
0;Chrono Quest;Adventure / Point & Click;Games:C/ChronoQuestChronoQuest.Slave;0;0;0;0
0;Chrono Quest (German);Adventure / Point & Click;Games:C/ChronoQuestDeChronoQuestDe.Slave;0;0;0;0
0;Chrono Quest II;Adventure / Point & Click;Games:C/ChronoQuest2ChronoQuest2.Slave;0;0;0;0
0;Chubby Gristle;Platform / Action;Games:C/ChubbyGristleChubbyGristle.Slave;0;0;0;0
0;Chuck Rock;Platform / Action;Games:C/ChuckRockChuckRock.Slave;0;0;0;0
0;Chuck Rock (CD32);Platform / Action;Games:C/ChuckRockCD32ChuckRockCD32.Slave;0;0;0;0
0;Chuck Rock 2 - Son Of Chuck;Platform / Action;Games:C/ChuckRock2ChuckRock2.slave;0;0;0;0
0;Chuck Rock 2 - Son Of Chuck (CD32);Platform / Action;Games:C/ChuckRock2CD32ChuckRock2CD32.slave;0;0;0;0
0;Chuck Yeager's Advanced Flight Trainer 2;Simulator / Plane;Games:C/ChuckYeagersAFT2ChuckYeagersAFT2.Slave;0;0;0;0
0;Chuckie Egg;Platform / Action;Games:C/ChuckieEggChuckieEgg.Slave;0;0;0;0
0;Chuckie Egg 2;Platform / Action;Games:C/ChuckieEgg2ChuckieEgg2.Slave;0;0;0;0
0;Circus Attractions;Action / Carnival;Games:C/CircusAttractionsCircusAttractions.Slave;0;0;0;0
0;Circus Games;Action / Carnival;Games:C/CircusGamesCircusGames.Slave;0;0;0;0
0;Cisco Heat;Racing / Car / Chase View;Games:C/CiscoHeatCiscoHeat.Slave;0;0;0;0
0;Citadel;Action / FPS;Games:C/CitadelCitadel.slave;0;0;0;0
0;City Defence;Reaction / 2D;Games:C/CityDefenceCityDefence.Slave;0;0;0;0
0;Civilization;Strategy / World Sim;Games:C/CivilizationCivilization.Slave;0;0;0;0
0;Civilization (AGA);Strategy / World Sim;Games:C/CivilizationAGACivilizationAGA.slave;0;0;0;0
0;Civilization (AGA) (German);Strategy / World Sim;Games:C/CivilizationAGADeCivilizationAGADe.Slave;0;0;0;0
0;Civilization (CD-ROM);Strategy / World Sim;Games:C/CivilizationCDCivilizationCD.Slave;0;0;0;0
0;Civilization (CD-ROM) (AGA);Strategy / World Sim;Games:C/CivilizationAGACDCivilizationAGACD.Slave;0;0;0;0
0;Civilization (German);Strategy / World Sim;Games:C/CivilizationDeCivilizationDe.Slave;0;0;0;0
0;CJ in the USA;Platform / Action;Games:C/CJInTheUSACJInTheUSA.Slave;0;0;0;0
0;CJ's Elephant Antics;Platform / Action;Games:C/CJsElephantAnticsCJsElephantAntics.Slave;0;0;0;0
0;Classic Arcadia & Baby Arcadia;Action / Multi Level;Games:C/Classic&BabyArcadiaClassic&BabyArcadia.Slave;0;0;0;0
0;Classic Board Games;Tabletop / Board Game;Games:C/ClassicBoardGamesClassicBoardGames.slave;0;0;0;0
0;Classic Pucman;Maze / 2D;Games:C/ClassicPucmanClassicPucman.slave;0;0;0;0
0;Cliffhanger;Platform / Action;Games:C/CliffhangerCliffhanger.slave;0;0;0;0
0;Clik Clak;Puzzle / 2D;Games:C/ClikClakClikClak.Slave;0;0;0;0
0;Clockwiser;Puzzle / 2D;Games:C/ClockwiserClockwiser.Slave;0;0;0;0
0;Clockwiser (AGA);Puzzle / 2D;Games:C/ClockwiserAGAClockwiserAGA.Slave;0;0;0;0
0;Clockwiser (CD32);Puzzle / 2D;Games:C/ClockwiserCD32ClockwiserCD32.Slave;0;0;0;0
0;Clou!, Der (AGA) (German);Adventure / Graphic;Games:C/ClouDeAGAClouDeAGA.Slave;0;0;0;0
0;Clou!, Der (German);Adventure / Graphic;Games:C/ClouDeClouDe.Slave;0;0;0;0
0;Clou!, Der & ProfiDisk (AGA) (German);Adventure / Graphic;Games:C/ClouDeAGA&ProfidiskClouDeAGA&Profidisk.Slave;0;0;0;0
0;Clou!, Der & ProfiDisk (German);Adventure / Graphic;Games:C/ClouDe&ProfidiskClouDe&Profidisk.Slave;0;0;0;0
0;Cloud Kingdoms;Maze / 2D;Games:C/CloudKingdomsCloudKingdoms.slave;0;0;0;0
0;Clown-o-Mania;Puzzle / Isometric;Games:C/ClownOManiaClownOMania.slave;0;0;0;0
0;Clue - Master Detective (NTSC);Tabletop / Board Game;Games:C/ClueMasterDetectiveNTSCClueMasterDetectiveNTSC.slave;0;0;0;0
0;Clue!, The;Adventure / Graphic;Games:C/ClueClue.slave;0;0;0;0
0;Clue!, The (AGA);Adventure / Graphic;Games:C/ClueAGAClueAGA.slave;0;0;0;0
0;Cluedo - Master Detective;Tabletop / Board Game;Games:C/CluedoMasterDetectiveCluedoMasterDetective.Slave;0;0;0;0
0;Coala;Simulator / Helicopter;Games:C/CoalaCoala.slave;0;0;0;0
0;Coala (AGA);Simulator / Helicopter;Games:C/CoalaAGACoalaAGA.slave;0;0;0;0
0;Codename - Iceman;Adventure / Point & Click;Games:C/CodeNameIcemanCodenameIceman.slave;0;0;0;0
0;Cogan's Run;Platform / Puzzle;Games:C/CogansRunCogansRun.Slave;0;0;0;0
0;Colonel's Bequest, The;Adventure / Point & Click;Games:C/ColonelsBequestColonelsBequest.slave;0;0;0;0
0;Colonization;Strategy / World Sim;Games:C/ColonizationColonization.slave;0;0;0;0
0;Colonization (AGA);Strategy / World Sim;Games:C/ColonizationAGAColonizationAGA.slave;0;0;0;0
0;Colony, The;Adventure / 3D;Games:C/ColonyColony.Slave;0;0;0;0
0;Color Buster (Coverdisk);Puzzle / 2D;Games:C/ColorBusterColorBuster.slave;0;0;0;0
0;Colorado;Adventure / Action;Games:C/ColoradoColorado.slave;0;0;0;0
0;Colorado (French);Adventure / Action;Games:C/ColoradoFrColoradoFr.slave;0;0;0;0
0;Colorado (Spanish);Adventure / Action;Games:C/ColoradoEsColoradoEs.Slave;0;0;0;0
0;Coloris;Reaction / Tetris;Games:C/ColorisColoris.Slave;0;0;0;0
0;Colossus Chess X;Tabletop / Chess;Games:C/ColossusChessXColossusChessX.Slave;0;0;0;0
0;Combat Air Patrol;Simulator / Plane / Combat;Games:C/CombatAirPatrolCombatAirPatrol.slave;0;0;0;0
0;Combo Racer;Racing / Bike / Chase View;Games:C/ComboRacerComboRacer.Slave;0;0;0;0
0;Commando;Action / Shooter / Vertical;Games:C/CommandoCommando.slave;0;0;0;0
0;Computer Scrabble;Tabletop / Board Game;Games:C/ComputerScrabbleComputerScrabble.Slave;0;0;0;0
0;Computer Third Reich;Strategy / Battle / 2D;Games:C/ComputerThirdReichComputerThirdReich.Slave;0;0;0;0
0;Conan The Cimmerrian;Adventure / Action;Games:C/ConanTheCimmerianConanTheCimmerian.Slave;0;0;0;0
0;Conflict - Europe;Strategy / Battle / 2D;Games:C/ConflictEuropeConflictEurope.slave;0;0;0;0
0;Conflict - Europe (French);Strategy / Battle / 2D;Games:C/ConflictEuropeFrConflictEuropeFr.Slave;0;0;0;0
0;Conflict - The Middle East Simulation;Strategy / Battle / 2D;Games:C/ConflictMiddleEastPolSimConflictMiddleEastPolSim.Slave;0;0;0;0
0;Conqueror;Simulator / Tank;Games:C/ConquerorConqueror.Slave;0;0;0;0
0;Conquests Of Camelot - The Search For The Grail;Adventure / Point & Click;Games:C/ConquestsOfCamelotConquestsOfCamelot.Slave;0;0;0;0
0;Conquests Of The Longbow;Adventure / Point & Click;Games:C/ConquestsOfTheLongbowConquestsOfTheLongbow.slave;0;0;0;0
0;Conquests Of The Longbow (MT32);Adventure / Point & Click;Games:C/ConquestsOfTheLongbowMT32ConquestsOfTheLongbowMT32.slave;0;0;0;0
0;Continental Circus;Racing / Car / Chase View;Games:C/ContinentalCircusContinentalCircus.Slave;0;0;0;0
0;Cool Croc Twins;Platform / Action;Games:C/CoolCrocTwinsCoolCrocTwins.Slave;0;0;0;0
0;Cool Spot;Platform / Action;Games:C/CoolSpotCoolSpot.slave;0;0;0;0
0;Cool World;Platform / Action;Games:C/CoolWorldCoolWorld.slave;0;0;0;0
0;Corporation (One Disk);Adventure / 3D;Games:C/Corporation1DiskCorporation1Disk.Slave;0;0;0;0
0;Corporation (Two Disk);Adventure / 3D;Games:C/Corporation2DiskCorporation2Disk.Slave;0;0;0;0
0;Corporation & Mission Disk (Three Disk);Adventure / 3D;Games:C/Corporation&Missions3DiskCorporation&Missions3Disk.Slave;0;0;0;0
0;Corporation & Mission Disk (Two Disk);Adventure / 3D;Games:C/Corporation&Missions2DiskCorporation&Missions2Disk.Slave;0;0;0;0
0;Corruption (Magnetic Scrolls Vol. I);Adventure / Text;Games:C/CorruptionCorruption.Slave;0;0;0;0
0;Corsarios;Action / Fighter 2.5D;Games:C/CorsariosCorsarios.Slave;0;0;0;0
0;Corx;Action / Duel / Versus;Games:C/CorxCorx.Slave;0;0;0;0
0;Cosmic Bouncer;Maze / 2D;Games:C/CosmicBouncerCosmicBouncer.Slave;0;0;0;0
0;Cosmic Pirate;Action / Shooter / 2D;Games:C/CosmicPirateCosmicPirate.Slave;0;0;0;0
0;Cosmic Relief - Prof. Renegade To The Rescue (NTSC);Adventure / Action;Games:C/CosmicReliefNTSCCosmicReliefNTSC.Slave;0;0;0;0
0;Cosmic Spacehead;Platform / Action;Games:C/CosmicSpaceheadCosmicSpacehead.slave;0;0;0;0
0;Cosmo Range - S.O.L. AD 2000;Action / Multi Level;Games:C/CosmoRangerCosmoRanger.Slave;0;0;0;0
0;Cosmo Range - S.O.L. AD 2000 (NTSC);Action / Multi Level;Games:C/CosmoRangerNTSCCosmoRangerNTSC.slave;0;0;0;0
0;Cougar Force;Adventure / Action;Games:C/CougarForceCougarForce.Slave;0;0;0;0
0;Count Duckula - No Sax Please - We're Egyptian;Platform / Action;Games:C/CountDuckulaCountDuckula.slave;0;0;0;0
0;Count Duckula 2 - Featuring Tremendous Terence;Platform / Action;Games:C/CountDuckula2CountDuckula2.Slave;0;0;0;0
0;Cover Girl Strip Poker;Tabletop / Cards / Adult;Games:C/CoverGirlStripPokerCoverGirlStripPoker.slave;0;0;0;0
0;Covert Action;Adventure / Action;Games:C/CovertActionCovertAction.Slave;0;0;0;0
0;Covert Action (German);Adventure / Action;Games:C/CovertActionDeCovertActionDe.Slave;0;0;0;0
0;Crack;Bat & Ball / 2D;Games:C/CrackCrack.Slave;0;0;0;0
0;Crack Down;Action / Shooter / Multi Way;Games:C/CrackdownCrackdown.slave;0;0;0;0
0;Crash Garrett (NTSC);Adventure / Graphic;Games:C/CrashGarrettNTSCCrashGarrettNTSC.Slave;0;0;0;0
0;Crazy Cars;Racing / Car / Chase View;Games:C/CrazyCarsCrazyCars.Slave;0;0;0;0
0;Crazy Cars 2;Racing / Car / Chase View;Games:C/CrazyCars2CrazyCars2.slave;0;0;0;0
0;Crazy Cars 3;Racing / Car / Chase View;Games:C/CrazyCars3CrazyCars3.slave;0;0;0;0
0;Crazy Seasons;Platform / Puzzle;Games:C/CrazySeasonsCrazySeasons.Slave;0;0;0;0
0;Crazy Shot;Action / Shooter / Crosshair;Games:C/CrazyShotCrazyShot.Slave;0;0;0;0
0;Crazy Sue (Coverdisk);Platform / Action;Games:C/CrazySueCrazySue.Slave;0;0;0;0
0;Crazy Sue Goes On (Coverdisk);Platform / Action;Games:C/CrazySueGoesOnCrazySueGoesOn.Slave;0;0;0;0
0;Creature;Action / Shooter / Crosshair;Games:C/CreatureCreature.Slave;0;0;0;0
0;Creatures - To The Rescue;Platform / Action;Games:C/CreaturesCreatures.Slave;0;0;0;0
0;Crime City;Adventure / Point & Click;Games:C/CrimeCityCrimeCity.slave;0;0;0;0
0;Crime City (German);Adventure / Point & Click;Games:C/CrimeCityDeCrimeCityDe.slave;0;0;0;0
0;Crime Does Not Pay;Adventure / Action;Games:C/CrimeDoesNotPayCrimeDoesNotPay.Slave;0;0;0;0
0;Crime Wave;Action / Fighter 2.5D;Games:C/CrimeWaveCrimeWave.slave;0;0;0;0
0;Croak (Coverdisk);Reaction / 2D;Games:C/CroakCroak.Slave;0;0;0;0
0;Croak II - Amphibian Migration Simulation (Coverdisk);Reaction / 2D;Games:C/Croak2Croak2.Slave;0;0;0;0
0;Croisiere Pour Un Cadavre (French);Adventure / Point & Click;Games:C/CroisierePourUnCadavreFrCroisierePourUnCadavreFr.slave;0;0;0;0
0;Cross Check;Sport / Ice Hockey;Games:C/CrossCheckCrossCheck.slave;0;0;0;0
0;Crossbow - The Legend Of William Tell;Adventure / Action;Games:C/CrossbowLegendWilliamTellCrossbowLegendWilliamTell.Slave;0;0;0;0
0;Crown;Action / Multi Level;Games:C/CrownCrown.Slave;0;0;0;0
0;Cruise For A Corpse;Adventure / Point & Click;Games:C/CruiseForACorpseCruiseForACorpse.slave;0;0;0;0
0;Cruise For A Corpse (German);Adventure / Point & Click;Games:C/CruiseForACorpseDeCruiseForACorpseDe.slave;0;0;0;0
0;Cruise For A Corpse (Italian);Adventure / Point & Click;Games:C/CruiseForACorpseItCruiseForACorpseIt.slave;0;0;0;0
0;Cruise For A Corpse (NTSC);Adventure / Point & Click;Games:C/CruiseForACorpseNTSCCruiseForACorpseNTSC.Slave;0;0;0;0
0;Cruise For A Corpse (Spanish);Adventure / Point & Click;Games:C/CruiseForACorpseEsCruiseForACorpseEs.slave;0;0;0;0
0;Cruncher Factory;Maze / 2D;Games:C/CruncherFactoryCruncherFactory.Slave;0;0;0;0
0;Crystal Dragon;RPG / Dungeon Crawler;Games:C/CrystalDragonCrystalDragon.Slave;0;0;0;0
0;Crystal Dragon (German);RPG / Dungeon Crawler;Games:C/CrystalDragonDeCrystalDragonDe.slave;0;0;0;0
0;Crystal Hammer (Ver 1);Bat & Ball / 2D;Games:C/CrystalHammerV1CrystalHammerV1.slave;0;0;0;0
0;Crystal Hammer (Ver 2);Bat & Ball / 2D;Games:C/CrystalHammerV2CrystalHammerV2.slave;0;0;0;0
0;Crystal Kingdom Dizzy;Platform / Puzzle;Games:C/CrystalKingdomDizzyCrystalKingdomDizzy.slave;0;0;0;0
0;Crystal Palace (Coverdisk);Platform / Action;Games:C/CrystalPalaceCrystalPalace.slave;0;0;0;0
0;Crystals Of Arborea;RPG / Dungeon Crawler;Games:C/CrystalsOfArboreaCrystalsOfArborea.Slave;0;0;0;0
0;Crystals Of Arborea (Fast Mem);RPG / Dungeon Crawler;Games:C/CrystalsOfArboreaFastCrystalsOfArboreaFast.Slave;0;0;0;0
0;Crystals Of Arborea (Fast Mem) (French);RPG / Dungeon Crawler;Games:C/CrystalsOfArboreaFrFastCrystalsOfArboreaFrFast.Slave;0;0;0;0
0;Crystals Of Arborea (Fast Mem) (German);RPG / Dungeon Crawler;Games:C/CrystalsOfArboreaDeFastCrystalsOfArboreaDeFast.Slave;0;0;0;0
0;Crystals Of Arborea (French);RPG / Dungeon Crawler;Games:C/CrystalsOfArboreaFrCrystalsOfArboreaFr.Slave;0;0;0;0
0;Crystals Of Arborea (German);RPG / Dungeon Crawler;Games:C/CrystalsOfArboreaDeCrystalsOfArboreaDe.Slave;0;0;0;0
0;Cubix;Puzzle / 2D;Games:C/CubixCubix.Slave;0;0;0;0
0;Cubulus;Puzzle / 2D;Games:C/CubulusCubulus.Slave;0;0;0;0
0;Curse Of Enchantia;Adventure / Point & Click;Games:C/CurseOfEnchantiaCurseOfEnchantia.slave;0;0;0;0
0;Curse Of Enchantia (Fast Mem);Adventure / Point & Click;Games:C/CurseOfEnchantiaFastCurseOfEnchantiaFast.slave;0;0;0;0
0;Curse Of Ra, The;Puzzle / 2D;Games:C/CurseOfRaCurseOfRa.Slave;0;0;0;0
0;Curse Of Ra, The (CDTV);Puzzle / 2D;Games:C/CurseOfRaCDTVCurseOfRaCDTV.slave;0;0;0;0
0;Curse Of The Azure Bonds;RPG / Dungeon Crawler;Games:C/CurseOfTheAzureBondsCurseOfTheAzureBonds.Slave;0;0;0;0
0;Custodian;Action / Shooter / Multi Way;Games:C/CustodianCustodian.Slave;0;0;0;0
0;Cyber Assault;Action / Shooter / Crosshair;Games:C/CyberAssaultCyberAssault.Slave;0;0;0;0
0;Cyber Cop;Action / Shooter / 2D;Games:C/CyberCopCyberCop.slave;0;0;0;0
0;Cyber Empires;Strategy / Battle / 2D;Games:C/CyberEmpiresCyberEmpires.Slave;0;0;0;0
0;Cyber World;Action / Shooter / Multi Way;Games:C/CyberWorldCyberWorld.Slave;0;0;0;0
0;Cyberball - Football in the 21st Century;Sport / Futuristic;Games:C/CyberballCyberball.slave;0;0;0;0
0;Cyberblast;Action / Shooter / Multi Way;Games:C/CyberblastCyberblast.slave;0;0;0;0
0;Cybercon 3;Adventure / 3D;Games:C/Cybercon3Cybercon3.Slave;0;0;0;0
0;CyberGames (PD);Beat 'Em Up / Weapon;Games:C/CyberGamesCyberGames.Slave;0;0;0;0
0;Cybernetix (Coverdisk);Action / Shooter / Horizontal;Games:C/CybernetixCybernetix.Slave;0;0;0;0
0;Cybernoid - The Fighting Machine;Action / Shooter / Horizontal;Games:C/CybernoidCybernoid.Slave;0;0;0;0
0;Cybernoid 2 - The Revenge;Action / Shooter / Horizontal;Games:C/Cybernoid2Cybernoid2.Slave;0;0;0;0
0;Cyberpunks;Action / Shooter / Multi Way;Games:C/CyberpunksCyberpunks.Slave;0;0;0;0
0;Cyberzerk;Action / Shooter / Multi Way;Games:C/CyberzerkCyberzerk.slave;0;0;0;0
0;Cycles, The;Racing / Bike / Rider View;Games:C/CyclesCycles.Slave;0;0;0;0
0;Cygnus 8;Strategy / Trading;Games:C/Cygnus8Cygnus8.Slave;0;0;0;0
0;Cytadela (Polish);Action / FPS;Games:C/CytadelaPlCytadelaPl.slave;0;0;0;0
0;Cytron;Action / Shooter / Multi Way;Games:C/CytronCytron.slave;0;0;0;0
0;Cytron (NTSC);Action / Shooter / Multi Way;Games:C/CytronNTSCCytronNTSC.slave;0;0;0;0
0;D-Day - The Beginning Of The End;Strategy / Battle / 2D;Games:D/DDayImpressionsDDayImpressions.slave;0;0;0;0
0;D-Day - The Beginning Of The End (French);Strategy / Battle / 2D;Games:D/DDayImpressionsFrDDayImpressionsFr.Slave;0;0;0;0
0;D-Generation;Adventure / Action;Games:D/DGenerationDGeneration.slave;0;0;0;0
0;D-Generation (AGA);Adventure / Action;Games:D/DGenerationAGADGenerationAGA.slave;0;0;0;0
0;D-Generation (CD32);Adventure / Action;Games:D/DGenerationCD32DGenerationCD32.slave;0;0;0;0
0;D?but - Planet Simulation;Strategy / World Sim;Games:D/DebutPlanetSimulationDebutPlanetSimulation.Slave;0;0;0;0
0;D?fenseur De La Couronne 2 (CD32) (French);Strategy / Historical;Games:D/DefenseurCouronne2CD32FrDefenseurCouronne2CD32Fr.slave;0;0;0;0
0;Dal'X (French);Puzzle / Adult;Games:D/DalXFrDalXFr.Slave;0;0;0;0
0;Dalek Attack;Action / Shooter / 2D;Games:D/DalekAttackDalekAttack.Slave;0;0;0;0
0;Daley Thompson's Olympic Challenge (One Disk);Sport / Athletics;Games:D/DaleyThompsonsOC1DiskDaleyThompsonsOC1Disk.Slave;0;0;0;0
0;Daley Thompson's Olympic Challenge (Two Disk);Sport / Athletics;Games:D/DaleyThompsonsOC2DiskDaleyThompsonsOC2Disk.Slave;0;0;0;0
0;Damage - The Sadistic Butchering Of Humanity;Action / Fighter 2D;Games:D/DamageDamage.slave;0;0;0;0
0;Damage - The Sadistic Butchering Of Humanity (Preview);Action / Fighter 2D;Games:D/DamagePreviewDamagePreview.Slave;0;0;0;0
0;Damocles - Mercenary 2;Adventure / 3D;Games:D/DamoclesDamocles.slave;0;0;0;0
0;Damocles - Mercenary 2 (NTSC);Adventure / 3D;Games:D/DamoclesNTSCDamoclesNTSC.slave;0;0;0;0
0;Dan Dare 3 - The Escape;Action / Shooter / Horizontal;Games:D/DanDare3DanDare3.Slave;0;0;0;0
0;Danger Freak;Action / Fighter 2.5D;Games:D/DangerFreakDangerFreak.slave;0;0;0;0
0;Dangerous Streets (AGA);Beat 'Em Up;Games:D/DoubleAgent/DangerousStreetsAGADangerousStreetsAGA.slave;0;0;0;0
0;Darius +;Action / Shooter / Horizontal;Games:D/Darius+Darius+.Slave;0;0;0;0
0;Dark Castle (NTSC);Platform / Action;Games:D/DarkCastleNTSCDarkCastleNTSC.slave;0;0;0;0
0;Dark Century;Action / Duel / Versus;Games:D/DarkCenturyDarkCentury.Slave;0;0;0;0
0;Dark Fusion;Action / Shooter / 2D;Games:D/DarkFusionDarkFusion.Slave;0;0;0;0
0;Dark Queen of Krynn, The;RPG / Dungeon Crawler;Games:D/DarkQueenOfKrynnDarkQueenOfKrynn.Slave;0;0;0;0
0;Dark Seed;Adventure / Point & Click;Games:D/DarkSeedDarkSeed.Slave;0;0;0;0
0;Dark Seed (CD32);Adventure / Point & Click;Games:D/DarkSeedCD32DarkSeedCD32.Slave;0;0;0;0
0;Dark Seed (French);Adventure / Point & Click;Games:D/DarkSeedFrDarkSeedFr.Slave;0;0;0;0
0;Dark Seed (German);Adventure / Point & Click;Games:D/DarkSeedDeDarkSeedDe.Slave;0;0;0;0
0;Dark Seed (Spanish);Adventure / Point & Click;Games:D/DarkSeedEsDarkSeedEs.Slave;0;0;0;0
0;Dark Side;Adventure / 3D;Games:D/DarkSideDarkSide.Slave;0;0;0;0
0;Dark Side (NTSC);Adventure / 3D;Games:D/DarkSideNTSCDarkSideNTSC.Slave;0;0;0;0
0;Darkman;Action / Fighter 2.5D;Games:D/DarkmanDarkman.slave;0;0;0;0
0;Darkmere - The Nightmare's Begun;RPG / Isometric;Games:D/DarkmereDarkmere.Slave;0;0;0;0
0;DarkSpyre;RPG / Open World;Games:D/DarkSpyreDarkSpyre.Slave;0;0;0;0
0;Datastorm;Action / Shooter / Horizontal;Games:D/DatastormDatastorm.Slave;0;0;0;0
0;Dawn Patrol;Simulator / Plane / WW1;Games:D/DawnPatrolDawnPatrol.Slave;0;0;0;0
0;Dawn Patrol (German);Simulator / Plane / WW1;Games:D/DawnPatrolDeDawnPatrolDe.Slave;0;0;0;0
0;Day of the Pharaoh;Adventure / Action;Games:D/DayOfThePharaohDayOfThePharaoh.Slave;0;0;0;0
0;Day of the Pharaoh (German);Adventure / Action;Games:D/DayOfThePharaohDeDayOfThePharaohDe.Slave;0;0;0;0
0;Day of the Viper;Adventure / 3D;Games:D/DayOfTheViperDayOfTheViper.Slave;0;0;0;0
0;Days of Thunder;Racing / Car / Driver View;Games:D/DaysOfThunderDaysOfThunder.Slave;0;0;0;0
0;Death Bringer (Spotlight Software) (NTSC);RPG / Dungeon Crawler;Games:D/DeathBringerSpotlightNTSCDeathBringerSpotlightNTSC.Slave;0;0;0;0
0;Death Knights Of Krynn;RPG / Dungeon Crawler;Games:D/DeathKnightsOfKrynnDeathKnightsOfKrynn.Slave;0;0;0;0
0;Death Knights Of Krynn (German);RPG / Dungeon Crawler;Games:D/DeathKnightsOfKrynnDeDeathKnightsOfKrynnDe.Slave;0;0;0;0
0;Death Mask;Action / FPS;Games:D/DeathMaskDeathMask.slave;0;0;0;0
0;Death Mask (AGA);Action / FPS;Games:D/DeathMaskAGADeathMaskAGA.slave;0;0;0;0
0;Death Mask (CD32);Action / FPS;Games:D/DeathMaskCD32DeathMaskCD32.slave;0;0;0;0
0;Death Or Glory - Das Erbe Von Morgan (German);Strategy / Battle / 2D;Games:D/DeathOrGloryDeDeathOrGloryDe.Slave;0;0;0;0
0;Death Sword (NTSC);Beat 'Em Up / Weapon;Games:D/DeathSwordNTSCDeathSwordNTSC.Slave;0;0;0;0
0;Death Trap;Platform / Action;Games:D/DeathTrapDeathTrap.Slave;0;0;0;0
0;Deathbringer - The Sword Of Abaddon (Empire);Action / Fighter 2D;Games:D/DeathbringerEmpireDeathbringerEmpire.Slave;0;0;0;0
0;Decimal Dungeon;Educational;Games:D/DecimalDungeonDecimalDungeon.Slave;0;0;0;0
0;Deconstruction (AGA);Bat & Ball / 2D;Games:D/DeconstructionAGADeconstructionAGA.Slave;0;0;0;0
0;Deep Core;Action / Shooter / 2D;Games:D/DeepCoreDeepCore.Slave;0;0;0;0
0;Deep Space;Action / Shooter / 3D;Games:D/DeepSpaceDeepSpace.slave;0;0;0;0
0;Deep, The;Action / Shooter / 2D;Games:D/DeepDeep.Slave;0;0;0;0
0;Defender (Ratsoft) (PD);Action / Shooter / Horizontal;Games:D/DefenderRatsoftDefenderRatsoft.slave;0;0;0;0
0;Defender 2;Action / Shooter / Horizontal;Games:D/Defender2Defender2.Slave;0;0;0;0
0;Defender Of The Crown;Strategy / Historical;Games:D/DefenderOfTheCrownDefenderOfTheCrown.Slave;0;0;0;0
0;Defender Of The Crown (CDTV);Strategy / Historical;Games:D/DefenderOfTheCrownCDTVDefenderOfTheCrownCDTV.Slave;0;0;0;0
0;Defender Of The Crown (NTSC);Strategy / Historical;Games:D/DefenderOfTheCrownNTSCDefenderOfTheCrownNTSC.Slave;0;0;0;0
0;Defender Of The Crown 2 (CD32);Strategy / Historical;Games:D/DefenderOfTheCrown2CD32DefenderOfTheCrown2CD32.slave;0;0;0;0
0;Defenders Of The Earth;Action / Shooter / 2D;Games:D/DefendersOfTheEarthDefendersOfTheEarth.slave;0;0;0;0
0;Defensor De La Corona 2, El (CD32) (Spanish);Strategy / Historical;Games:D/DefensorDeLaCorona2CD32EsDefensorDeLaCorona2CD32Es.slave;0;0;0;0
0;Deflektor;Puzzle / 2D;Games:D/DeflektorDeflektor.slave;0;0;0;0
0;Deja Vu - A Nightmare Comes True!! (NTSC);Adventure / Graphic;Games:D/DejaVuNTSCDejaVuNTSC.slave;0;0;0;0
0;Deja Vu 2 - Lost in Las Vegas!!;Adventure / Graphic;Games:D/DejaVu2LostInLasVegasDejaVu2LostInLasVegas.Slave;0;0;0;0
0;Deliverance - Stormlord II;Action / Fighter 2D;Games:D/DeliveranceDeliverance.slave;0;0;0;0
0;Deliverance - Stormlord II (512KB);Action / Fighter 2D;Games:D/Deliverance512kDeliverance512k.slave;0;0;0;0
0;Delta Command (Arcadia);Action / Shooter / Multi Way;Games:D/DeltaCommandArcadiaDeltaCommandArcadia.Slave;0;0;0;0
0;Deluxe Galaga (PD);Action / Shooter / 2D;Games:D/DeluxeGalagaDeluxeGalaga.slave;0;0;0;0
0;Deluxe Galaga (PD) (AGA);Action / Shooter / 2D;Games:D/DeluxeGalagaAGADeluxeGalagaAGA.Slave;0;0;0;0
0;Deluxe Pacman (PD);Maze / 2D;Games:D/DeluxePacManDeluxePacMan.Slave;0;0;0;0
0;Deluxe Pacman (PD) (AGA);Maze / 2D;Games:D/DeluxePacManAGADeluxePacManAGA.Slave;0;0;0;0
0;Deluxe Strip Poker 2;Tabletop / Cards / Adult;Games:D/DeluxeStripPoker2DeluxeStripPoker2.Slave;0;0;0;0
0;Deluxe Strip Poker 2 & Data Disks;Tabletop / Cards / Adult;Games:D/DeluxeStripPoker2&DDisksDeluxeStripPoker2&DDisks.Slave;0;0;0;0
0;Demon Blue;Platform / Action;Games:D/DemonBlueDemonBlue.slave;0;0;0;0
0;Demon's Tomb - The Awakening;Adventure / Text;Games:D/DemonsTombTheAwakeningDemonsTombTheAwakening.Slave;0;0;0;0
0;Demoniak;Adventure / Graphic;Games:D/DemoniakDemoniak.Slave;0;0;0;0
0;Denaris (One Disk);Action / Shooter / Horizontal;Games:D/Denaris1DiskDenaris1Disk.Slave;0;0;0;0
0;Denaris (Two Disk);Action / Shooter / Horizontal;Games:D/Denaris2DiskDenaris2Disk.Slave;0;0;0;0
0;Denjoy (PD);Puzzle / 2D;Games:D/DenjoyDenjoy.Slave;0;0;0;0
0;Dennis;Platform / Action;Games:D/DennisDennis.slave;0;0;0;0
0;Dennis (AGA);Platform / Action;Games:D/DennisAGADennisAGA.slave;0;0;0;0
0;Dennis (CD32);Platform / Action;Games:D/DennisCD32DennisCD32.slave;0;0;0;0
0;Dennis (Desktop Dynamite) (AGA);Platform / Action;Games:D/DennisAGADesktopDynamiteDennisAGADeskDyn.slave;0;0;0;0
0;Denver - Je Fais Des Couleurs (French);Educational;Games:D/DenverJeFaisDesCouleursFrDenverJeFaisDesCouleursFr.Slave;0;0;0;0
0;Desert Strike - Return to the Gulf;Action / Shooter / Isometric;Games:D/DesertStrikeDesertStrike.slave;0;0;0;0
0;Destroyer;Simulator / Boat;Games:D/DestroyerDestroyer.Slave;0;0;0;0
0;Detonator;Bat & Ball / 2D;Games:D/DetonatorDetonator.Slave;0;0;0;0
0;Detroit;Management / Business;Games:D/DetroitDetroit.Slave;0;0;0;0
0;Detroit (AGA);Management / Business;Games:D/DetroitAGADetroitAGA.Slave;0;0;0;0
0;Detroit (AGA) (French);Management / Business;Games:D/DetroitAGAFrDetroitAGAFr.Slave;0;0;0;0
0;Deuteros - The Next Millennium;Management / Space;Games:D/DeuterosDeuteros.Slave;0;0;0;0
0;Devious Designs;Puzzle / 2D;Games:D/DeviousDesignsDeviousDesigns.Slave;0;0;0;0
0;Dick Tracy;Action / Shooter / 2D;Games:D/DickTracyDickTracy.Slave;0;0;0;0
0;Dick Tracy - The Crime Solving Adventure;Adventure / Graphic;Games:D/DoubleAgent/DickTracyAdventureDickTracyAdventure.Slave;0;0;0;0
0;Die Hard 2 - Die Harder;Action / Shooter / Crosshair;Games:D/DieHard2DieHard2.Slave;0;0;0;0
0;Difensore Della Corona 2 (CD32) (Italian);Strategy / Historical;Games:D/DifensoreCorona2CD32ItDifensoreCorona2CD32It.slave;0;0;0;0
0;Digger (PD);Maze / Digger;Games:D/DiggerDigger.Slave;0;0;0;0
0;Diggers (AGA);Platform / Puzzle;Games:D/DiggersAGADiggersAGA.slave;0;0;0;0
0;Diggers (CD32);Platform / Puzzle;Games:D/DiggersCD32DiggersCD32.slave;0;0;0;0
0;Dimo's Quest;Puzzle / 2D;Games:D/DimosQuestDimosQuest.Slave;0;0;0;0
0;Dino Wars;Tabletop / Chess;Games:D/DinoWarsDinoWars.slave;0;0;0;0
0;Dino Wars (German);Tabletop / Chess;Games:D/DinoWarsDeDinoWarsDe.Slave;0;0;0;0
0;Dinosaur Detective Agency;Platform / Action;Games:D/DinosaurDetectiveAgencyDinosaurDetectiveAgency.Slave;0;0;0;0
0;Diosa de Cozumel, La (Spanish);Adventure / Text;Games:D/LaDiosaDeCozumelEsLaDiosaDeCozumelEs.slave;0;0;0;0
0;Disc;Action / Duel / Versus;Games:D/DiscDisc.Slave;0;0;0;0
0;Discovery - In The Steps Of Columbus;Strategy / Historical;Games:D/DiscoveryDiscovery.Slave;0;0;0;0
0;Discovery (MicroIllusions);Adventure / Action;Games:D/DiscoveryMicroIllusionsDiscoveryMicroIllusions.Slave;0;0;0;0
0;Disposable Hero;Action / Shooter / Horizontal;Games:D/DisposableHeroDisposableHero.slave;0;0;0;0
0;Disposable Hero (CD32);Action / Shooter / Horizontal;Games:D/DisposableHeroCD32DisposableHeroCD32.slave;0;0;0;0
0;Disposable Hero (Fast Mem);Action / Shooter / Horizontal;Games:D/DisposableHeroFastDisposableHeroFast.slave;0;0;0;0
0;Distant Armies -  A Playing History of Chess;Tabletop / Chess;Games:D/DistantArmiesDistantArmies.Slave;0;0;0;0
0;Ditris;Reaction / Tetris;Games:D/DitrisDitris.Slave;0;0;0;0
0;Dizzy - Prince of the Yolkfolk;Platform / Puzzle;Games:D/DizzyPrinceOfTheYolkfolkDizzyPrinceOfTheYolkfolk.slave;0;0;0;0
0;Dizzy Collection (Disk 2);Platform / Puzzle;Games:D/DizzyCollectionDisk1.Slave;0;0;0;0
0;Dizzy Collection (Disk 2);Platform / Puzzle;Games:D/DizzyCollectionDisk2.Slave;0;0;0;0
0;Dizzy Dice;Gambling / Casino;Games:D/DizzyDiceDizzyDice.Slave;0;0;0;0
0;Dizzy Panic;Puzzle / 2D;Games:D/DizzyPanicDizzyPanic.slave;0;0;0;0
0;Dizzy's Excellent Adventure (Disk 2);Platform / Puzzle;Games:D/DizzysExcellentAdventuresDisk1.Slave;0;0;0;0
0;Dizzy's Excellent Adventure (Disk 2);Platform / Puzzle;Games:D/DizzysExcellentAdventuresDisk2.Slave;0;0;0;0
0;Dogfight - 80 Years of Imperial Warfare;Simulator / Plane / Combat;Games:D/DogfightDogfight.Slave;0;0;0;0
0;Dogs of War;Action / Shooter / Multi Way;Games:D/DogsOfWarDogsOfWar.Slave;0;0;0;0
0;Dojo Dan;Action / Fighter 2D;Games:D/DojoDanDojoDan.Slave;0;0;0;0
0;Doman - Grzechy Ardana (Polish);Action / Fighter 2D;Games:D/DomanPlDomanPl.Slave;0;0;0;0
0;Dominator;Action / Shooter / Vertical;Games:D/DominatorDominator.slave;0;0;0;0
0;Dominium;Strategy / Battle / 2D;Games:D/DominiumDominium.Slave;0;0;0;0
0;Donald Duck's Playground;Educational;Games:D/DonaldDucksPlaygroundDonaldDucksPlayground.Slave;0;0;0;0
0;Donald's Alphabet Chase;Educational;Games:D/DonaldsAlphabetChaseDonaldsAlphabetChase.Slave;0;0;0;0
0;Donk The Samurai Duck!;Platform / Action;Games:D/DonkTheSamuraiDuckDonkTheSamuraiDuck.slave;0;0;0;0
0;Donk The Samurai Duck! (AGA);Platform / Action;Games:D/DonkTheSamuraiDuckAGADonkTheSamuraiDuckAGA.slave;0;0;0;0
0;Donkey Kong (PD);Platform / Action;Games:D/DonkeyKongDonkeyKong.slave;0;0;0;0
0;Doodlebug - Bug Bash 2;Platform / Action;Games:D/DoodlebugDoodlebug.Slave;0;0;0;0
0;Doofus;Platform / Action;Games:D/DoofusDoofus.Slave;0;0;0;0
0;Double Agent;Adventure / Action;Games:D/DoubleAgentDoubleAgent.slave;0;0;0;0
0;Double Dragon;Action / Fighter 2.5D;Games:D/DoubleDragonDoubleDragon.Slave;0;0;0;0
0;Double Dragon 2 - The Revenge;Action / Fighter 2.5D;Games:D/DoubleDragon2DoubleDragon2.Slave;0;0;0;0
0;Double Dragon 2 - The Revenge (NTSC);Action / Fighter 2.5D;Games:D/DoubleDragon2NTSCDoubleDragon2NTSC.Slave;0;0;0;0
0;Double Dragon 3 - The Rosetta Stone;Action / Fighter 2.5D;Games:D/DoubleDragon3DoubleDragon3.slave;0;0;0;0
0;Double Dribble;Sport / Basketball;Games:D/DoubleDribbleDoubleDribble.slave;0;0;0;0
0;Down At The Trolls;Platform / Action;Games:D/DownAtTheTrollsDownAtTheTrolls.Slave;0;0;0;0
0;Downhill Challenge (NTSC);Sport / Winter;Games:D/DownhillChallengeNTSCDownhillChallengeNTSC.Slave;0;0;0;0
0;Dr Cubes Magic Lands (PD);Platform / Action;Games:D/DrCubesMagicLandsDrCubesMagicLands.Slave;0;0;0;0
0;Dr Doom's Revenge (One Disk);Action / Fighter 2D;Games:D/DrDoomsRevenge1DiskDrDoomsRevenge1Disk.Slave;0;0;0;0
0;Dr Doom's Revenge (Two Disk) (NTSC);Action / Fighter 2D;Games:D/DrDoomsRevengeNTSC2DiskDrDoomsRevengeNTSC2Disk.Slave;0;0;0;0
0;Dr Fruit;Maze / Digger;Games:D/DrFruitDrFruit.Slave;0;0;0;0
0;Dr Mario;Puzzle / 2D;Games:D/DrMarioDrMario.slave;0;0;0;0
0;Drachen von Laas, Die (German);Adventure / Graphic;Games:D/DrachenVonLaasDeDrachenVonLaasDe.slave;0;0;0;0
0;Dragon Breed;Action / Shooter / Horizontal;Games:D/DragonBreedDragonBreed.Slave;0;0;0;0
0;Dragon Fighter;Action / Shooter / Horizontal;Games:D/DragonFighterDragonFighter.Slave;0;0;0;0
0;Dragon Spirit;Action / Shooter / Vertical;Games:D/DragonSpiritDragonSpirit.Slave;0;0;0;0
0;Dragon Tiles (PD);Tabletop / Mahjong;Games:D/DragonTilesDragonTiles.Slave;0;0;0;0
0;Dragon Tiles (PD) (AGA);Tabletop / Mahjong;Games:D/DragonTilesAGADragonTilesAGA.Slave;0;0;0;0
0;Dragon Tiles 2 - The Tournament;Tabletop / Mahjong;Games:D/DragonTiles2DragonTiles2.Slave;0;0;0;0
0;Dragon Wars;RPG / Dungeon Crawler;Games:D/DragonWarsDragonWars.slave;0;0;0;0
0;Dragon Wars (German);RPG / Dungeon Crawler;Games:D/DragonWarsDeDragonWarsDe.slave;0;0;0;0
0;Dragon's Kingdom (Game Demo);Action / Fighter 2D;Games:D/DragonsKingdomDemoDragonsKingdomDemo.Slave;0;0;0;0
0;Dragon's Lair;Adventure / Action;Games:D/DragonsLairDragonsLair.Slave;0;0;0;0
0;Dragon's Lair - Escape From Singe's Castle (Fast Mem);Adventure / Action;Games:D/DragonsLairEscapeFastDragonsLairEscapeFast.slave;0;0;0;0
0;Dragon's Lair - Escape From Singe's Castle (NTSC) (Game D;Adventure / Action;Games:D/DragonsLairEscapeDemoNTSCDragonsLairEscapeDemoNTSC.Slave;0;0;0;0
0;Dragon's Lair - Escape From Singe's Castle (Slow Mem);Adventure / Action;Games:D/DragonsLairEscapeSlowDragonsLairEscapeSlow.Slave;0;0;0;0
0;Dragon's Lair & Escape From Singe's Castle (Fast Mem);Adventure / Action;Games:D/DragonsLair&EscapeFastDragonsLair&EscapeFast.Slave;0;0;0;0
0;Dragon's Lair & Escape From Singe's Castle (Slow Mem);Adventure / Action;Games:D/DragonsLair&EscapeSlowDragonsLair&EscapeSlow.Slave;0;0;0;0
0;Dragon's Lair 2 - Time Warp;Adventure / Action;Games:D/DragonsLair2DragonsLair2.Slave;0;0;0;0
0;Dragon's Lair 3 - The Curse Of Mordread;Adventure / Action;Games:D/DragonsLair3DragonsLair3.Slave;0;0;0;0
0;Dragonflight;RPG / Open World;Games:D/DragonflightDragonflight.Slave;0;0;0;0
0;Dragonflight (French);RPG / Open World;Games:D/DragonflightFrDragonflightFr.Slave;0;0;0;0
0;Dragonflight (German);RPG / Open World;Games:D/DragonflightDeDragonflightDe.Slave;0;0;0;0
0;Dragons Breath;Strategy / Historical;Games:D/DragonsBreathDragonsBreath.Slave;0;0;0;0
0;Dragons Breath (French);Strategy / Historical;Games:D/DragonsBreathFrDragonsBreathFr.Slave;0;0;0;0
0;Dragons Breath (German);Strategy / Historical;Games:D/DragonsBreathDeDragonsBreathDe.Slave;0;0;0;0
0;Dragons Breath (Italian);Strategy / Historical;Games:D/DragonsBreathItDragonsBreathIt.Slave;0;0;0;0
0;DragonScape;Action / Shooter / Multi Way;Games:D/DragonScapeDragonScape.slave;0;0;0;0
0;Dragonstone;RPG / Open World;Games:D/DragonstoneDragonstone.Slave;0;0;0;0
0;Dragonstone (CD32);RPG / Open World;Games:D/DragonstoneCD32DragonstoneCD32.slave;0;0;0;0
0;DragonStrike (NTSC);Strategy / Battle / 2D;Games:D/DragonStrikeNTSCDragonStrikeNTSC.Slave;0;0;0;0
0;Drakkhen (Files);RPG / Open World;Games:D/DrakkhenFilesDrakkhenFiles.Slave;0;0;0;0
0;Drakkhen (Files) (French);RPG / Open World;Games:D/DrakkhenFilesFrDrakkhenFilesFr.Slave;0;0;0;0
0;Drakkhen (Files) (German);RPG / Open World;Games:D/DrakkhenFilesDeDrakkhenFilesDe.Slave;0;0;0;0
0;Drakkhen (Files) (NTSC);RPG / Open World;Games:D/DrakkhenFilesNTSCDrakkhenFilesNTSC.Slave;0;0;0;0
0;Drakkhen (Image);RPG / Open World;Games:D/DrakkhenImageDrakkhenImage.Slave;0;0;0;0
0;Drakkhen (Image) (French);RPG / Open World;Games:D/DrakkhenImageFrDrakkhenImageFr.Slave;0;0;0;0
0;Drakkhen (Image) (German);RPG / Open World;Games:D/DrakkhenImageDeDrakkhenImageDe.Slave;0;0;0;0
0;Drakkhen (Image) (NTSC);RPG / Open World;Games:D/DrakkhenImageNTSCDrakkhenImageNTSC.Slave;0;0;0;0
0;Dream Zone;Adventure / Graphic;Games:D/DreamZoneDreamZone.Slave;0;0;0;0
0;DreamWeb;Adventure / Point & Click;Games:D/DreamWebDreamWeb.Slave;0;0;0;0
0;DreamWeb (AGA);Adventure / Point & Click;Games:D/DreamWebAGADreamWebAGA.Slave;0;0;0;0
0;DreamWeb (AGA) (German);Adventure / Point & Click;Games:D/DreamWebAGADeDreamWebAGADe.Slave;0;0;0;0
0;DreamWeb (German);Adventure / Point & Click;Games:D/DreamWebDeDreamWebDe.Slave;0;0;0;0
0;Driller;Adventure / 3D;Games:D/DrillerDriller.Slave;0;0;0;0
0;Drip (PD);Puzzle / 2D;Games:D/DripDrip.Slave;0;0;0;0
0;Drivin' Force;Racing / Car / Chase View;Games:D/DrivinForceDrivinForce.Slave;0;0;0;0
0;Duck Tales - The Quest for Gold;Action / Multi Level;Games:D/DuckTalesDuckTales.slave;0;0;0;0
0;Dugger - Starring Herbie Stone;Maze / Digger;Games:D/DuggerDugger.Slave;0;0;0;0
0;Dune;Adventure / Graphic;Games:D/DuneDune.Slave;0;0;0;0
0;Dune (French);Adventure / Graphic;Games:D/DuneFrDuneFr.Slave;0;0;0;0
0;Dune (German);Adventure / Graphic;Games:D/DuneDeDuneDe.Slave;0;0;0;0
0;Dune (Greek);Adventure / Graphic;Games:D/DuneGrDuneGr.Slave;0;0;0;0
0;Dune (Italian);Adventure / Graphic;Games:D/DuneItDuneIt.Slave;0;0;0;0
0;Dune (Spanish);Adventure / Graphic;Games:D/DuneEsDuneEs.Slave;0;0;0;0
0;Dune 2 - The Battle For Arrakis;Strategy / Battle / 2D;Games:D/Dune2Dune2.Slave;0;0;0;0
0;Dungeon Master;RPG / Dungeon Crawler;Games:D/DungeonMasterDungeonMaster.slave;0;0;0;0
0;Dungeon Master 2 AGA;RPG / Dungeon Crawler;Games:D/DungeonMaster2AGADungeonMaster2AGA.Slave;0;0;0;0
0;Dungeon Quest;Adventure / Graphic;Games:D/DungeonQuestDungeonQuest.Slave;0;0;0;0
0;Dungeons Of Avalon (Coverdisk);RPG / Dungeon Crawler;Games:D/DungeonsOfAvalonDungeonsOfAvalon.Slave;0;0;0;0
0;Dungeons Of Avalon 2 - The Island Of Darkness (Coverdisk);RPG / Dungeon Crawler;Games:D/DungeonsOfAvalon2DungeonsOfAvalon2.Slave;0;0;0;0
0;Dux (Coverdisk);Action / Shooter / 2D;Games:D/DuxDux.Slave;0;0;0;0
0;Dylan Dog - The Murderers;Adventure / Action;Games:D/DylanDogTheMurderersDylanDogTheMurderers.slave;0;0;0;0
0;Dyna Blaster;Maze / Bomb;Games:D/DynaBlasterDynaBlaster.slave;0;0;0;0
0;Dynamite Dux;Action / Fighter 2.5D;Games:D/DynamiteDuxDynamiteDux.Slave;0;0;0;0
0;Dynasty Wars;Action / Fighter 2.5D;Games:D/DynastyWarsDynastyWars.slave;0;0;0;0
0;Dyter-07;Action / Multi Level;Games:D/Dyter07Dyter07.slave;0;0;0;0
0;E-Motion;Puzzle / 2D;Games:E/EMotionEMotion.Slave;0;0;0;0
0;E.T.'s Rugby League;Sport / Rugby;Games:E/ETsRugbyLeagueETsRugbyLeague.Slave;0;0;0;0
0;Eagle's Rider;Action / Shooter / 3D;Games:E/EaglesRiderEaglesRider.slave;0;0;0;0
0;Earl Weaver Baseball;Sport / Baseball;Games:E/EarlWeaverBaseballEarlWeaverBaseball.slave;0;0;0;0
0;East vs. West - Berlin 1948;Adventure / Point & Click;Games:B/Berlin1948Berlin1948.slave;0;0;0;0
0;East vs. West - Berlin 1948 (German);Adventure / Point & Click;Games:B/Berlin1948DeBerlin1948De.Slave;0;0;0;0
0;Ebonstar (NTSC);Action / Shooter / Multi Way;Games:E/EbonstarNTSCEbonstarNTSC.Slave;0;0;0;0
0;Eco;Simulator / Life;Games:E/EcoEco.Slave;0;0;0;0
0;Eco Phantoms;Adventure / 3D;Games:E/EcoPhantomsEcoPhantoms.slave;0;0;0;0
0;Edd The Duck !;Platform / Action;Games:E/EddTheDuckEddTheDuck.Slave;0;0;0;0
0;Edd the Duck 2 - Back with a Quack!;Platform / Action;Games:E/EddTheDuck2EddTheDuck2.Slave;0;0;0;0
0;Eddie Edwards Super Ski;Sport / Winter;Games:S/SuperSkiSuperSki.Slave;0;0;0;0
0;Eishockey Manager (German);Management / Sport;Games:E/EishockeyManagerDeEishockeyManagerDe.Slave;0;0;0;0
0;Eksperyment Delfin (Polish);Adventure / Point & Click;Games:E/EksperymentDelfinPlEksperymentDelfinPl.Slave;0;0;0;0
0;Electronic Pool;Sport / Pool / Billiards;Games:E/ElectronicPoolElectronicPool.slave;0;0;0;0
0;Elf (MicroValue);Action / Shooter / 2D;Games:E/ElfMicroValueElfMicroValue.Slave;0;0;0;0
0;Elf (Ocean);Platform / Action;Games:E/ElfOceanElfOcean.slave;0;0;0;0
0;Elf (Ocean) (NTSC);Platform / Action;Games:E/ElfOceanNTSCElfOceanNTSC.Slave;0;0;0;0
0;Elfmania;Beat 'Em Up;Games:E/ElfmaniaElfmania.slave;0;0;0;0
0;Elfmania (512KB);Beat 'Em Up;Games:E/Elfmania512kElfmania512k.slave;0;0;0;0
0;Eliminator;Action / Shooter / 3D;Games:E/EliminatorEliminator.Slave;0;0;0;0
0;Elite;Strategy / Space;Games:E/EliteElite.slave;0;0;0;0
0;Elite (Advanced);Strategy / Space;Games:E/EliteAdvancedEliteAdvanced.Slave;0;0;0;0
0;Elvira - Mistress of the Dark;Adventure / Point & Click;Games:E/ElviraElvira.Slave;0;0;0;0
0;Elvira - Mistress of the Dark (French);Adventure / Point & Click;Games:E/ElviraFrElviraFr.Slave;0;0;0;0
0;Elvira - Mistress of the Dark (German);Adventure / Point & Click;Games:E/ElviraDeElviraDe.Slave;0;0;0;0
0;Elvira - The Arcade Game;Action / Fighter 2D;Games:E/ElviraArcadeElviraArcade.Slave;0;0;0;0
0;Elvira 2 - The Jaws of Cerberus;Adventure / Point & Click;Games:E/Elvira2Elvira2.Slave;0;0;0;0
0;Elvira 2 - The Jaws of Cerberus (French);Adventure / Point & Click;Games:E/Elvira2FrElvira2Fr.Slave;0;0;0;0
0;Elvira 2 - The Jaws of Cerberus (German);Adventure / Point & Click;Games:E/Elvira2DeElvira2De.Slave;0;0;0;0
0;Elvira 2 - The Jaws of Cerberus (Italian);Adventure / Point & Click;Games:E/Elvira2ItElvira2It.Slave;0;0;0;0
0;Elvira 2 - The Jaws of Cerberus (Spanish);Adventure / Point & Click;Games:E/Elvira2EsElvira2Es.Slave;0;0;0;0
0;Embryo;Action / Shooter / 3D;Games:E/EmbryoEmbryo.Slave;0;0;0;0
0;Embryo (German);Action / Shooter / 3D;Games:E/EmbryoDeEmbryoDe.Slave;0;0;0;0
0;Emerald Mine;Maze / Digger;Games:E/EmeraldMineEmeraldMine.slave;0;0;0;0
0;Emerald Mine 2;Maze / Digger;Games:E/EmeraldMine2EmeraldMine2.slave;0;0;0;0
0;Emerald Mine 3 Professional;Maze / Digger;Games:E/EmeraldMine3EmeraldMine3.slave;0;0;0;0
0;Emerald Mines (CD-ROM);Maze / Digger;Games:E/EmeraldMinesCDemeraldminecd.slave;0;0;0;0
0;Emlyn Hughes International Soccer;Sport / Football / Soccer;Games:E/EmlynHughesIntlSoccerEmlynHughesIntlSoccer.slave;0;0;0;0
0;Emmanuelle;Adventure / Adult;Games:E/EmmanuelleEmmanuelle.Slave;0;0;0;0
0;Emmanuelle (French);Adventure / Adult;Games:E/EmmanuelleFrEmmanuelleFr.Slave;0;0;0;0
0;Emmanuelle (German);Adventure / Adult;Games:E/EmmanuelleDeEmmanuelleDe.Slave;0;0;0;0
0;Emmanuelle (Spanish);Adventure / Adult;Games:E/EmmanuelleEsEmmanuelleEs.Slave;0;0;0;0
0;Empire Soccer 94;Sport / Football / Soccer;Games:E/EmpireSoccer94EmpireSoccer94.Slave;0;0;0;0
0;Enchanted Land;Platform / Action;Games:E/EnchantedLandEnchantedLand.Slave;0;0;0;0
0;Enemy - Tempest Of Violence;Adventure / Action;Games:E/EnemyTempestOfViolenceEnemyTempestOfViolence.Slave;0;0;0;0
0;Enemy - Tempest Of Violence (Easy Play);Adventure / Action;Games:E/EnemyTOVEasyPlayEnemyTOVEasyPlay.Slave;0;0;0;0
0;Enemy - Tempest Of Violence (Easy Play) (German);Adventure / Action;Games:E/EnemyTOVEasyPlayDeEnemyTOVEasyPlayDe.Slave;0;0;0;0
0;Enemy - Tempest Of Violence (German);Adventure / Action;Games:E/EnemyTempestOfViolenceDeEnemyTempestOfViolenceDe.Slave;0;0;0;0
0;Enemy 2 - Missing in Action;Adventure / Action;Games:E/Enemy2MissingInActionEnemy2MissingInAction.Slave;0;0;0;0
0;Enemy 2 - Missing in Action (German);Adventure / Action;Games:E/Enemy2MissingInActionDeEnemy2MissingInActionDe.Slave;0;0;0;0
0;Enforcer, The;Action / Shooter / Crosshair;Games:E/EnforcerEnforcer.Slave;0;0;0;0
0;England Championship Special;Sport / Football / Soccer;Games:E/EnglandChampSpecialEnglandChampSpecial.Slave;0;0;0;0
0;Enlightenment - Druid II;Strategy / Action;Games:E/EnlightenmentEnlightenment.Slave;0;0;0;0
0;Entity (Intro);Misc / Intro Disk;Games:E/EntityEntity.slave;0;0;0;0
0;Entity (Intro);Misc / Intro Disk;Games:E/EntityIntro.slave;0;0;0;0
0;Entity (No Intro);Action / Fighter 2D;Games:E/EntityNoIntroEntityNoIntro.slave;0;0;0;0
0;Epic;Action / Shooter / 3D;Games:E/EpicEpic.slave;0;0;0;0
0;Epic& Mission Disk;Unknown;Games:E/Epic&MissionDiskEpic&MissionDisk.slave;0;0;0;0
0;Erbe, Das (German);Adventure / Point & Click;Games:E/ErbeDeErbeDe.Slave;0;0;0;0
0;Erik;Platform / Action;Games:E/ErikErik.Slave;0;0;0;0
0;Escape from Colditz;Adventure / Isometric;Games:E/EscapeFromColditzEscapeFromColditz.Slave;0;0;0;0
0;Escape from the Planet of the Robot Monsters;Action / Shooter / Isometric;Games:E/EscapeFTPOTRobotMonstersEscapeFTPOTRobotMonsters.slave;0;0;0;0
0;Eskadra (Polish);Action / Duel / Versus;Games:E/EskadraPlEskadraPl.Slave;0;0;0;0
0;Eskimo Games;Action / Multi Level;Games:E/EskimoGamesEskimoGames.Slave;0;0;0;0
0;Espana The Games '92;Sport / Athletics;Games:E/EspanaTheGames92EspanaTheGames92.Slave;0;0;0;0
0;ESS - European Space Simulator;Simulator / Space;Games:E/EuropeanSpaceSimulatorEuropeanSpaceSimulator.Slave;0;0;0;0
0;ESWAT;Unknown;Games:E/ESWATESWAT.Slave;0;0;0;0
0;Euro Soccer;Sport / Football / Soccer;Games:E/EuroSoccerEuroSoccer.Slave;0;0;0;0
0;European Champions;Sport / Football / Soccer;Games:E/EuropeanChampionsOceanEuropeanChampionsOcean.Slave;0;0;0;0
0;European Championship 1992;Sport / Football / Soccer;Games:E/EuropeanChampionship1992EuropeanChampionship1992.slave;0;0;0;0
0;European Football Champ (Taito);Sport / Football / Soccer;Games:E/EuropeanFootballChampEuropeanFootballChamp.Slave;0;0;0;0
0;Evil Dawn;Action / Fighter 2D;Games:E/EvilDawnEvilDawn.Slave;0;0;0;0
0;Evil's Doom (Game Demo) (AGA);RPG / Dungeon Crawler;Games:E/EvilsDoomDemoEvilsDoomDemo.Slave;0;0;0;0
0;Excalibur;Action / Shooter / Horizontal;Games:E/ExcaliburExcalibur.Slave;0;0;0;0
0;Executioner, The;Reaction / Gravity;Games:E/ExecutionerExecutioner.Slave;0;0;0;0
0;Exile;Action / Shooter / Horizontal;Games:E/ExileExile.slave;0;0;0;0
0;Exile (AGA);Action / Shooter / Horizontal;Games:E/ExileAGAExileAGA.slave;0;0;0;0
0;Exile (CD32);Action / Shooter / Horizontal;Games:E/ExileCD32ExileCD32.slave;0;0;0;0
0;Exodus 3010 - The First Chapter (German);Management / Space;Games:E/Exodus3010DeExodus3010De.Slave;0;0;0;0
0;Exolon;Action / Shooter / 2D;Games:E/ExolonExolon.Slave;0;0;0;0
0;Explora - Time Run (French);Adventure / Point & Click;Games:E/ExploraFrExploraFr.Slave;0;0;0;0
0;Explora 2 (French);Adventure / Point & Click;Games:E/Explora2FrExplora2Fr.Slave;0;0;0;0
0;Explora 3 - Sous le Signe du Serpent (French);Adventure / Point & Click;Games:E/Explora3FrExplora3Fr.Slave;0;0;0;0
0;Extase;Puzzle / 2D;Games:E/ExtaseExtase.Slave;0;0;0;0
0;Exterminator;Action / Shooter / 3D;Games:E/ExterminatorExterminator.slave;0;0;0;0
0;Extractors - The Hanging Worlds Of Zarg (Preview) (CD32);Platform / Puzzle;Games:E/ExtractorsPreviewCD32ExtractorsPreviewCD32.slave;0;0;0;0
0;Extrial;Action / Shooter / Horizontal;Games:E/ExtrialExtrial.slave;0;0;0;0
0;Eye;Puzzle / 2D;Games:E/EyeEye.Slave;0;0;0;0
0;Eye of Horus;Action / Fighter 2D;Games:E/EyeOfHorusEyeOfHorus.Slave;0;0;0;0
0;Eye Of The Beholder;RPG / Dungeon Crawler;Games:E/EyeOfTheBeholderEyeOfTheBeholder.Slave;0;0;0;0
0;Eye Of The Beholder (German);RPG / Dungeon Crawler;Games:E/EyeOfTheBeholderDeEyeOfTheBeholderDe.Slave;0;0;0;0
0;Eye Of The Beholder 2 - Legende Von Darkmoon (German);RPG / Dungeon Crawler;Games:E/EyeOfTheBeholder2DeEyeOfTheBeholder2De.Slave;0;0;0;0
0;Eye Of The Beholder 2 - The Legend Of Darkmoon;RPG / Dungeon Crawler;Games:E/EyeOfTheBeholder2EyeOfTheBeholder2.Slave;0;0;0;0
0;Eye Of The Storm (Intro);Misc / Intro Disk;Games:E/EyeOfTheStormEyeOfTheStorm.Slave;0;0;0;0
0;Eye Of The Storm (Intro);Misc / Intro Disk;Games:E/EyeOfTheStormIntro.Slave;0;0;0;0
0;F-117A Nighthawk Stealth Fighter 2.0;Simulator / Plane / Combat;Games:F/F117ANightHawkF117ANightHawk.slave;0;0;0;0
0;F-15 Strike Eagle 2;Simulator / Plane / Combat;Games:F/F15StrikeEagle2F15StrikeEagle2.Slave;0;0;0;0
0;F-16 Combat Pilot;Simulator / Plane / Combat;Games:F/F16CombatPilotF16CombatPilot.slave;0;0;0;0
0;F-19 Stealth Fighter;Simulator / Plane / Combat;Games:F/F19StealthFighterF19StealthFighter.slave;0;0;0;0
0;F-19 Stealth Fighter (NTSC);Simulator / Plane / Combat;Games:F/F19StealthFighterNTSCF19StealthFighterNTSC.slave;0;0;0;0
0;F-29 Retaliator;Simulator / Plane / Combat;Games:F/F29RetaliatorF29Retaliator.Slave;0;0;0;0
0;F1;Racing / Car / Driver View;Games:F/F1F1.slave;0;0;0;0
0;F1 Tornado;Simulator / Plane / Combat;Games:F/F1TornadoF1Tornado.Slave;0;0;0;0
0;F1 World Championship Edition;Racing / Car / Driver View;Games:F/F1WorldChampionshipEdF1WorldChampionshipEd.slave;0;0;0;0
0;F17 Challenge;Racing / Car / Chase View;Games:F/F17ChallengeF17Challenge.Slave;0;0;0;0
0;F40 Pursuit Simulator (NTSC);Racing / Car / Chase View;Games:F/F40PursuitSimulatorNTSCF40PursuitSimulatorNTSC.slave;0;0;0;0
0;FA-18 Interceptor;Simulator / Plane / Combat;Games:F/FA18InterceptorFA18Interceptor.slave;0;0;0;0
0;Face Off;Unknown;Games:F/FaceOffFaceOff.Slave;0;0;0;0
0;Faery Tale Adventure, The;RPG / Open World;Games:F/FaeryTaleAdventureFaeryTaleAdventure.slave;0;0;0;0
0;Falcon;Simulator / Plane / Combat;Games:F/FalconFalcon.slave;0;0;0;0
0;Falcon - Operation Firefight;Simulator / Plane / Combat;Games:F/Falcon&MissionDisksFalcon&MissionDisks.slave;0;0;0;0
0;Falcon - Operation Firefight (NTSC);Simulator / Plane / Combat;Games:F/Falcon&MissionDisksNTSCFalcon&MissionDisksNTSC.slave;0;0;0;0
0;Falcon (CDTV);Simulator / Plane / Combat;Games:F/FalconCDTVFalconCDTV.slave;0;0;0;0
0;Falcon (NTSC);Simulator / Plane / Combat;Games:F/FalconNTSCFalconNTSC.slave;0;0;0;0
0;Fallen Angel;Action / Fighter 2D;Games:F/FallenAngelFallenAngel.Slave;0;0;0;0
0;Fantastic Dizzy;Platform / Puzzle;Games:F/FantasticDizzyFantasticDizzy.slave;0;0;0;0
0;Fantastic Dizzy (AGA);Platform / Puzzle;Games:F/FantasticDizzyAGAFantasticDizzyAGA.slave;0;0;0;0
0;Fantastic Voyage;Action / Shooter / Horizontal;Games:F/FantasticVoyageFantasticVoyage.slave;0;0;0;0
0;Fantastic Voyage (CDTV);Action / Shooter / Horizontal;Games:F/FantasticVoyageCDTVFantasticVoyageCDTV.slave;0;0;0;0
0;Fantasy Flyer;Action / Shooter / 2D;Games:F/FantasyFlyerFantasyFlyer.Slave;0;0;0;0
0;Fantasy Flyer (AGA);Action / Shooter / 2D;Games:F/FantasyFlyerAGAFantasyFlyerAGA.Slave;0;0;0;0
0;Fantasy World Dizzy;Platform / Puzzle;Games:F/FantasyWorldDizzyFantasyWorldDizzy.Slave;0;0;0;0
0;Fascination;Adventure / Graphic;Games:F/FascinationFascination.Slave;0;0;0;0
0;Fascination (French);Adventure / Graphic;Games:F/FascinationFrFascinationFr.Slave;0;0;0;0
0;Fascination (German);Adventure / Graphic;Games:F/FascinationDeFascinationDe.Slave;0;0;0;0
0;Fascination (Italian);Adventure / Graphic;Games:F/FascinationItFascinationIt.Slave;0;0;0;0
0;Fascination (Spanish);Adventure / Graphic;Games:F/FascinationEsFascinationEs.Slave;0;0;0;0
0;Fast Brain (PD) (Polish);Puzzle / 2D;Games:F/FastBrainPlFastBrainPl.slave;0;0;0;0
0;Fast Break;Sport / Basketball;Games:F/FastBreakFastBreak.Slave;0;0;0;0
0;Fast Food;Maze / 2D;Games:F/FastFoodFastFood.Slave;0;0;0;0
0;Fast Food (Dizzy Collection);Maze / 2D;Games:F/FastFoodDizzyCollectionFastFoodDizzyCollection.Slave;0;0;0;0
0;Fast Lane! - The Spice Engineering Challenge;Racing / Car / Driver View;Games:F/FastLaneFastLane.Slave;0;0;0;0
0;Fatal Heritage (German);Adventure / Point & Click;Games:F/FatalHeritageDeFatalHeritageDe.Slave;0;0;0;0
0;Fatal Mission (PD);Action / Shooter / Horizontal;Games:F/FatalMissionFatalMission.slave;0;0;0;0
0;Fate - Gates of Dawn;RPG / Dungeon Crawler;Games:F/FateGatesOfDawnFateGatesofDawn.slave;0;0;0;0
0;Fate - Gates of Dawn (German);RPG / Dungeon Crawler;Games:F/FateGatesOfDawnDeFateGatesofDawnDe.slave;0;0;0;0
0;Fate - Gates of Dawn (Uncensored);RPG / Dungeon Crawler;Games:F/FateGatesOfDawnUncensoredFateGatesofDawnUncensored.slave;0;0;0;0
0;Fatman - The Caped Consumer;Platform / Action;Games:F/FatmanCapedConsumerFatmanCapedConsumer.Slave;0;0;0;0
0;Fatman - The Caped Consumer (AGA);Platform / Action;Games:F/FatmanCapedConsumerAGAFatmanCapedConsumerAGA.Slave;0;0;0;0
0;Fears (AGA);Action / FPS;Games:F/FearsAGAFearsAGA.slave;0;0;0;0
0;Fears (CD32);Action / FPS;Games:F/FearsCD32FearsCD32.Slave;0;0;0;0
0;Fears (Censored) (AGA);Action / FPS;Games:F/FearsAGACensoredFearsAGACensored.slave;0;0;0;0
0;Federation Of Free Traders;Strategy / Space;Games:F/FederationOfFreeTradersFederationOfFreeTraders.slave;0;0;0;0
0;Federation Quest 1 - B.S.S. Jane Seymour;RPG / Dungeon Crawler;Games:B/BSSJaneSeymourBSSJaneSeymour.slave;0;0;0;0
0;Femme Fatale;Puzzle / Adult;Games:F/FemmeFataleFemmeFatale.Slave;0;0;0;0
0;Femme Fatale & Data Disks;Puzzle / Adult;Games:F/FemmeFatale&DataDisksFemmeFatale&DataDisks.Slave;0;0;0;0
0;Fernandez Must Die;Action / Shooter / Vertical;Games:F/FernandezMustDieFernandezMustDie.Slave;0;0;0;0
0;Ferrari Formula One;Racing / Car / Driver View;Games:F/FerrariFormulaOneFerrariFormulaOne.slave;0;0;0;0
0;Fetiche Maya, Le (Fast Mem) (French);Adventure / Action;Games:M/MayaFastFrMayaFastFr.slave;0;0;0;0
0;Fetiche Maya, Le (French);Adventure / Action;Games:M/MayaFrMayaFr.Slave;0;0;0;0
0;Feud;Action / Duel / Versus;Games:F/FeudFeud.Slave;0;0;0;0
0;Feudal Lords;Strategy / Historical;Games:F/FeudalLordsFeudalLords.Slave;0;0;0;0
0;Fiendish Freddy's Big Top 'o Fun;Action / Carnival;Games:F/FiendishFreddysBigTopOFunFiendishFreddysBigTopOFun.slave;0;0;0;0
0;FIFA International Soccer;Sport / Football / Soccer;Games:F/FIFAInternationalSoccerFIFAInternationalSoccer.slave;0;0;0;0
0;Fighter Bomber;Simulator / Plane / Combat;Games:F/FighterBomberFighterBomber.slave;0;0;0;0
0;Fighter Bomber - Advanced Missions;Simulator / Plane / Combat;Games:F/FighterBomberAMFighterBomberAM.slave;0;0;0;0
0;Fighter Duel Pro (NTSC);Simulator / Plane / Combat;Games:F/FighterDuelProNTSCFighterDuelProNTSC.Slave;0;0;0;0
0;Fightin' Spirit;Beat 'Em Up;Games:F/FightinSpiritFightinSpirit.slave;0;0;0;0
0;Fightin' Spirit (AGA);Beat 'Em Up;Games:F/FightinSpiritAGAFightinSpiritAGA.Slave;0;0;0;0
0;Fightin' Spirit (CD32);Beat 'Em Up;Games:F/FightinSpiritCD32FightinSpiritCD32.slave;0;0;0;0
0;Fighting Soccer (NTSC);Sport / Football / Soccer;Games:F/FightingSoccerNTSCFightingSoccerNTSC.slave;0;0;0;0
0;Final Assault;Sport / Winter;Games:F/FinalAssaultFinalAssault.slave;0;0;0;0
0;Final Assault (NTSC);Sport / Winter;Games:F/FinalAssaultNTSCFinalAssaultNTSC.slave;0;0;0;0
0;Final Battle, The;Adventure / Graphic;Games:F/FinalBattleFinalBattle.Slave;0;0;0;0
0;Final Battle, The (French);Adventure / Isometric;Games:F/FinalBattleFrFinalBattleFr.Slave;0;0;0;0
0;Final Battle, The (German);Adventure / Isometric;Games:F/FinalBattleDeFinalBattleDe.slave;0;0;0;0
0;Final Blow;Sport / Boxing;Games:F/FinalBlowFinalBlow.Slave;0;0;0;0
0;Final Command;Adventure / Point & Click;Games:F/FinalCommandFinalCommand.Slave;0;0;0;0
0;Final Command (French);Adventure / Point & Click;Games:F/FinalCommandFrFinalCommandFr.Slave;0;0;0;0
0;Final Countdown;Platform / Puzzle;Games:F/FinalCountdownFinalCountdown.Slave;0;0;0;0
0;Final Fight;Action / Fighter 2.5D;Games:F/FinalFightFinalFight.Slave;0;0;0;0
0;Final Fight (512KB);Action / Fighter 2.5D;Games:F/FinalFight512kFinalFight512k.slave;0;0;0;0
0;Fire & Brimstone;Action / Fighter 2D;Games:F/FireAndBrimstoneFireAndBrimstone.Slave;0;0;0;0
0;Fire And Forget;Action / Shooter / Vehicle;Games:F/Fire&ForgetFire&Forget.Slave;0;0;0;0
0;Fire And Forget II - The Death Convoy;Action / Shooter / Vehicle;Games:F/Fire&Forget2Fire&Forget2.Slave;0;0;0;0
0;Fire And Ice - The Daring Adventures Of Cool Coyote;Platform / Action;Games:F/FireAndIceFireAndIce.slave;0;0;0;0
0;Fire And Ice - The Daring Adventures Of Cool Coyote (CD32;Platform / Action;Games:F/FireAndIceCD32FireAndIceCD32.slave;0;0;0;0
0;Fire And Ice - Xmas Edition (Coverdisk);Platform / Action;Games:F/Fire&IceXmasDemoFire&IceXmasDemo.Slave;0;0;0;0
0;Fire Force;Action / Shooter / 2D;Games:F/FireForceFireForce.slave;0;0;0;0
0;Fire Power;Action / Duel / Versus;Games:F/FirepowerFirepower.Slave;0;0;0;0
0;Fire!;Action / Shooter / Horizontal;Games:F/Fire!Fire!.Slave;0;0;0;0
0;Fireblaster;Action / Shooter / Vertical;Games:F/FireblasterFireblaster.Slave;0;0;0;0
0;Fireforce (CD32);Action / Shooter / 2D;Games:F/FireForceCD32FireForceCD32.slave;0;0;0;0
0;Firehawk;Action / Shooter / Multi Way;Games:F/FirehawkFireHawk.Slave;0;0;0;0
0;Firestar;Action / Shooter / Crosshair;Games:F/FirestarFirestar.Slave;0;0;0;0
0;First Contact;Action / Shooter / Multi Way;Games:F/FirstContactFirstContact.Slave;0;0;0;0
0;First Samurai, The;Platform / Action;Games:F/FirstSamuraiFirstSamurai.Slave;0;0;0;0
0;First Samurai, The (A1200);Action / Shooter / 2D;Games:F/FirstSamuraiA1200VersionFirstSamuraiA1200Version.Slave;0;0;0;0
0;Fish (Magnetic Scrolls Vol. I);Adventure / Text;Games:F/FishFish.Slave;0;0;0;0
0;Fist Fighter;Beat 'Em Up;Games:F/FistFighterFistFighter.slave;0;0;0;0
0;Five-A-Side Soccer;Sport / Football / Soccer;Games:F/FiveASideSoccerFiveASideSoccer.Slave;0;0;0;0
0;Flaschbier - Flaschbier 2 (No Intro) (PD);Maze / 2D;Games:F/FlaschbierNoIntroFlaschbierNoIntro.Slave;0;0;0;0
0;Flaschbier - Flaschbier 2 (PD);Maze / 2D;Games:F/FlaschbierFlaschbier.Slave;0;0;0;0
0;Flashback;Adventure / Action;Games:F/FlashbackFlashback.slave;0;0;0;0
0;Flashback (Czech);Adventure / Action;Games:F/FlashbackCzFlashbackCz.slave;0;0;0;0
0;Flashback (French);Adventure / Action;Games:F/FlashbackFrFlashbackFr.slave;0;0;0;0
0;Flashback (German);Adventure / Action;Games:F/FlashbackDeFlashbackDe.slave;0;0;0;0
0;Flashback (Italian);Adventure / Action;Games:F/FlashbackItFlashbackIt.slave;0;0;0;0
0;Flashback (Low Mem);Adventure / Action;Games:F/FlashbackLowMemFlashbackLowMem.slave;0;0;0;0
0;Flashback (Low Mem) (Czech);Adventure / Action;Games:F/FlashbackLowMemCzFlashbackLowMemCz.slave;0;0;0;0
0;Flashback (Low Mem) (French);Adventure / Action;Games:F/FlashbackLowMemFrFlashbackLowMemFr.slave;0;0;0;0
0;Flashback (Low Mem) (German);Adventure / Action;Games:F/FlashbackLowMemDeFlashbackLowMemDe.slave;0;0;0;0
0;Flashback (Low Mem) (Italian);Adventure / Action;Games:F/FlashbackLowMemItFlashbackLowMemIt.slave;0;0;0;0
0;Flashback (Low Mem) (Polish);Adventure / Action;Games:F/FlashbackLowMemPlFlashbackLowMemPl.slave;0;0;0;0
0;Flashback (Polish);Adventure / Action;Games:F/FlashbackPlFlashbackPl.slave;0;0;0;0
0;Flies - Attack On Earth (German);Adventure / Graphic;Games:F/FliesAttackOnEarthDeFliesAttackOnEarthDe.Slave;0;0;0;0
0;Flight Of The Amazon Queen;Adventure / Point & Click;Games:F/FlightOfTheAmazonQueenFlightOfTheAmazonQueen.slave;0;0;0;0
0;Flight Of The Intruder;Simulator / Plane / Vietnam;Games:F/FlightOfTheIntruderFlightOfTheIntruder.Slave;0;0;0;0
0;Flight Path 737;Simulator / Plane;Games:F/FlightPath737FlightPath737.Slave;0;0;0;0
0;Flight Simulator II;Simulator / Plane;Games:F/FlightSimulator2FlightSimulator2.Slave;0;0;0;0
0;Flight Simulator II & Hawaiian Odyssey;Simulator / Plane;Games:F/FlightSimulator2&HawaiianFlightSim2&Hawaiian.Slave;0;0;0;0
0;Flight Simulator II & Scenery Disk 07 (Washington);Simulator / Plane;Games:F/FlightSim2&SceneryDisk07FlightSim2&SceneryDisk07.Slave;0;0;0;0
0;Flight Simulator II & Scenery Disk 09 (Chicago);Simulator / Plane;Games:F/FlightSim2&SceneryDisk09FlightSim2&SceneryDisk09.Slave;0;0;0;0
0;Flight Simulator II & Scenery Disk 11 (Detroit);Simulator / Plane;Games:F/FlightSim2&SceneryDisk11FlightSim2&SceneryDisk11.Slave;0;0;0;0
0;Flight Simulator II & Scenery Disk 12 (New York);Simulator / Plane;Games:F/FlightSim2&SceneryDisk12FlightSim2&SceneryDisk12.Slave;0;0;0;0
0;Flight Simulator II & Scenery Disk 13 (Japan);Simulator / Plane;Games:F/FlightSim2&SceneryDisk13FlightSim2&SceneryDisk13.Slave;0;0;0;0
0;Flight Simulator II & Scenery Disk 14 (Europe);Simulator / Plane;Games:F/FlightSim2&SceneryDisk14FlightSim2&SceneryDisk14.Slave;0;0;0;0
0;Flimbo's Quest;Platform / Action;Games:F/FlimbosQuestFlimbosQuest.slave;0;0;0;0
0;Flink (The Misadventures Of) (CD32);Platform / Action;Games:F/FlinkCD32FlinkCD32.Slave;0;0;0;0
0;Flintstones, The;Action / Multi Level;Games:F/FlintstonesFlintstones.Slave;0;0;0;0
0;Flip Flop;Tabletop / Board Game;Games:F/FlipFlopFlipFlop.Slave;0;0;0;0
0;Flip-it & Magnose - Water Carriers From Mars;Platform / Puzzle;Games:F/Flipit&MagnoseFlipit&Magnose.slave;0;0;0;0
0;Flood;Platform / Action;Games:F/FloodFlood.Slave;0;0;0;0
0;Floor 13;Adventure / Graphic;Games:F/Floor13Floor13.Slave;0;0;0;0
0;Flucht Aus Colditz (German);Adventure / Isometric;Games:F/FluchtAusColditzDeFluchtAusColditzDe.Slave;0;0;0;0
0;Flug Der Amazon Queen (German);Adventure / Point & Click;Games:F/FlugDerAmazonQueenDeFlugDerAmazonQueenDe.slave;0;0;0;0
0;Fly Fighter;Action / Fighter 2D;Games:F/FlyFighterFlyFighter.Slave;0;0;0;0
0;Fly Harder;Reaction / Gravity;Games:F/FlyHarderFlyHarder.slave;0;0;0;0
0;Fly Harder (CD32);Reaction / Gravity;Games:F/FlyHarderCD32FlyHarderCD32.slave;0;0;0;0
0;Flying Shark;Action / Shooter / Vertical;Games:F/FlyingSharkFlyingShark.Slave;0;0;0;0
0;Fool's Errand, The;Puzzle / 2D;Games:F/FoolsErrandFoolsErrand.Slave;0;0;0;0
0;Football Glory;Sport / Football / Soccer;Games:F/FootballGloryFootballGlory.Slave;0;0;0;0
0;Football Glory (AGA);Sport / Football / Soccer;Games:F/FootballGloryAGAFootballGloryAGA.Slave;0;0;0;0
0;Football Manager - World Cup Edition;Management / Sport;Games:F/FootballManagerWCEdFootballManagerWCEd.Slave;0;0;0;0
0;Football Manager - World Cup Edition (German);Management / Sport;Games:F/FootballManagerWCEdDeFootballManagerWCEdDe.Slave;0;0;0;0
0;Football Manager 2;Management / Sport;Games:F/FootballManager2FootballManager2.slave;0;0;0;0
0;Footballer Of The Year 2;Management / Sport;Games:F/FootballerOfTheYear2FootballerOfTheYear2.slave;0;0;0;0
0;Forest Dumb Forever (Polish);Platform / Action;Games:F/ForestDumbForeverPlForestDumbForeverPl.slave;0;0;0;0
0;Forgotten Mine 1 (Damir Arh);Maze / Digger;Games:F/ForgottenMineForgottenMine.slave;0;0;0;0
0;Forgotten Worlds;Action / Shooter / Horizontal;Games:F/ForgottenWorldsForgottenWorlds.Slave;0;0;0;0
0;Formula 1 3D;Racing / Car / Driver View;Games:F/Formula13DFormula13D.Slave;0;0;0;0
0;Formula 1 Grand Prix (Cirrus Software);Racing / Car / Chase View;Games:F/Formula1GrandPrixFormula1GrandPrix.Slave;0;0;0;0
0;Formula One Grand Prix (Four Disk);Racing / Car / Driver View;Games:F/FormulaOneGrandPrix4DiskFormulaOneGrandPrix4Disk.Slave;0;0;0;0
0;Formula One Grand Prix (Three Disk);Racing / Car / Driver View;Games:F/FormulaOneGrandPrix3DiskFormulaOneGrandPrix3Disk.Slave;0;0;0;0
0;Foundation's Waste;Action / Shooter / Vertical;Games:F/FoundationsWasteFoundationsWaste.Slave;0;0;0;0
0;Four Crystals of Trazere, The (NTSC);RPG / Isometric;Games:F/FourCrystalsOfTrazereNTSCFourCrystalsOfTrazereNTSC.Slave;0;0;0;0
0;Four Crystals of Trazere, The (NTSC);RPG / Isometric;Games:F/FourCrystalsOfTrazereNTSCgetlegendsavedisk.slave;0;0;0;0
0;Fraction Action;Educational;Games:F/FractionActionFractionAction.Slave;0;0;0;0
0;Franco Baresi World Cup Kick Off (Italian);Sport / Football / Soccer;Games:F/FrancoBaresiWorldCupItFrancoBaresiWorldCupIt.Slave;0;0;0;0
0;Frankenstein;Platform / Action;Games:F/FrankensteinFrankenstein.slave;0;0;0;0
0;Franko - The Crazy Revenge! (Censored) (Polish);Action / Fighter 2.5D;Games:F/FrankoCensoredPlFrankoCensoredPl.slave;0;0;0;0
0;Franko - The Crazy Revenge! (Polish);Action / Fighter 2.5D;Games:F/FrankoPlFrankoPl.Slave;0;0;0;0
0;Frantic Freddie (PD);Platform / Puzzle;Games:F/FranticFreddieFranticFreddie.slave;0;0;0;0
0;Freak Out;Puzzle / 2D;Games:F/FreakOutFreakOut.slave;0;0;0;0
0;Freedom - Die Krieger Des Schattens (German);Adventure / Action;Games:F/FreedomDeFreedomDe.Slave;0;0;0;0
0;Freedom - Les Guerriers De L'Ombre (French);Adventure / Action;Games:F/FreedomFrFreedomFr.Slave;0;0;0;0
0;Freedom - Los Guerreros De La Noche (Spanish);Adventure / Action;Games:F/FreedomEsFreedomEs.Slave;0;0;0;0
0;Freedom - Rebels In The Darkness;Adventure / Action;Games:F/FreedomFreedom.Slave;0;0;0;0
0;Frenetic;Action / Shooter / Vertical;Games:F/FreneticFrenetic.Slave;0;0;0;0
0;Fright Night;Adventure / Action;Games:F/FrightNightFrightNight.Slave;0;0;0;0
0;Fright Night (512KB);Adventure / Action;Games:F/FrightNight512kFrightNight512k.Slave;0;0;0;0
0;Frontier - Elite II;Strategy / Space;Games:F/FrontierFrontier.slave;0;0;0;0
0;Frontier - Elite II (CD32);Strategy / Space;Games:F/FrontierCD32FrontierCD32.slave;0;0;0;0
0;Frontier - Elite II (Czech);Strategy / Space;Games:F/FrontierCzFrontierCz.slave;0;0;0;0
0;Frontier - Elite II (French);Strategy / Space;Games:F/FrontierFrFrontierFr.slave;0;0;0;0
0;Frontier - Elite II (German);Strategy / Space;Games:F/FrontierDeFrontierDe.slave;0;0;0;0
0;Frost Byte;Platform / Puzzle;Games:F/FrostByteFrostByte.Slave;0;0;0;0
0;Full Contact;Beat 'Em Up;Games:F/FullContactFullContact.slave;0;0;0;0
0;Full Contact (Pre Release);Beat 'Em Up;Games:F/FullContactPRFullContactPR.slave;0;0;0;0
0;Full Metal Planete (Files);Strategy / Battle / 2D;Games:F/FullMetalPlaneteFilesFullMetalPlaneteFiles.Slave;0;0;0;0
0;Full Metal Planete (Files) (NTSC);Strategy / Battle / 2D;Games:F/FullMetalPlaneteFilesNTSCFullMetalPlaneteFilesNTSC.Slave;0;0;0;0
0;Full Metal Planete (Image);Strategy / Battle / 2D;Games:F/FullMetalPlaneteImageFullMetalPlaneteImage.Slave;0;0;0;0
0;Full Metal Planete (Image) (NTSC);Strategy / Battle / 2D;Games:F/FullMetalPlaneteImageNTSCFullMetalPlaneteImageNTSC.Slave;0;0;0;0
0;Funturatum (Polish);Strategy / Trading;Games:F/FunturatumPlFunturatumPl.slave;0;0;0;0
0;Fury of the Furries;Platform / Puzzle;Games:F/FuryOfTheFurriesFuryOfTheFurries.Slave;0;0;0;0
0;Fury of the Furries (CD32);Platform / Puzzle;Games:F/FuryOfTheFurriesCD32FuryOfTheFurriesCD32.Slave;0;0;0;0
0;Fusion;Action / Shooter / Multi Way;Games:F/FusionFusion.Slave;0;0;0;0
0;Fussball Total! (German);Sport / Football / Soccer;Games:F/FussballTotalDeFussballTotalDe.Slave;0;0;0;0
0;Future BasketBall;Sport / Futuristic;Games:F/FutureBasketballFutureBasketball.Slave;0;0;0;0
0;Future Bike Simulator;Action / Shooter / 3D;Games:F/FutureBikeSimulatorFutureBikeSimulator.Slave;0;0;0;0
0;Future Classics Collection;Action / Multi Level;Games:F/FutureClassicsCollectionFutureClassicsCollection.Slave;0;0;0;0
0;Future Shock (Coverdisk);Action / Shooter / 2D;Games:F/FutureShockFutureShock.slave;0;0;0;0
0;Future Tank;Action / Duel / Versus;Games:F/FutureTankFutureTank.slave;0;0;0;0
0;Future Wars - Adventures In Time (NTSC);Adventure / Point & Click;Games:F/FutureWarsNTSCFutureWarsNTSC.slave;0;0;0;0
0;Future Wars - Time Travellers;Adventure / Point & Click;Games:F/FutureWarsFutureWars.slave;0;0;0;0
0;Future Wars - Time Travellers (German);Adventure / Point & Click;Games:F/FutureWarsDeFutureWarsDe.slave;0;0;0;0
0;Future Wars - Time Travellers (Italian);Adventure / Point & Click;Games:F/FutureWarsItFutureWarsIt.slave;0;0;0;0
0;Future Wars - Time Travellers (Spanish);Adventure / Point & Click;Games:F/FutureWarsEsFutureWarsEs.slave;0;0;0;0
0;Fuzzball (Intro);Misc / Intro Disk;Games:F/FuzzballFuzzball.Slave;0;0;0;0
0;Fuzzball (Intro);Misc / Intro Disk;Games:F/FuzzballIntro.Slave;0;0;0;0
0;Fuzzball (No Intro);Platform / Puzzle;Games:F/FuzzballNoIntroFuzzballNoIntro.Slave;0;0;0;0
0;G-LOC R360;Action / Shooter / 3D;Games:G/GLOCR360GLOCR360.slave;0;0;0;0
0;G.Nius;Adventure / Isometric;Games:G/GNiusGNius.Slave;0;0;0;0
0;Gadget - Lost In Time;Platform / Puzzle;Games:G/GadgetLostInTimeGadgetLostInTime.slave;0;0;0;0
0;Gainforce (Coverdisk);Action / Shooter / Horizontal;Games:G/GainforceGainforce.Slave;0;0;0;0
0;Galactic - The Xmas Edition (Coverdisk) (1MB);Action / Shooter / Multi Way;Games:G/GalacticTheXmasEdition1MBGalacticTheXmasEdition1MB.Slave;0;0;0;0
0;Galactic - The Xmas Edition (Coverdisk) (2MB);Action / Shooter / Multi Way;Games:G/GalacticTheXmasEdition2MBGalacticTheXmasEdition2MB.Slave;0;0;0;0
0;Galactic Conqueror;Action / Shooter / 3D;Games:G/GalacticConquerorGalacticConqueror.Slave;0;0;0;0
0;Galactic Empire;Action / Shooter / 3D;Games:G/GalacticEmpireGalacticEmpire.Slave;0;0;0;0
0;Galactic Warrior Rats;Action / Shooter / Multi Way;Games:G/GalacticWarriorRatsGalacticWarriorRats.slave;0;0;0;0
0;Galaga '92 (PD);Action / Shooter / 2D;Games:G/Galaga92Galaga92.Slave;0;0;0;0
0;Galaxy '89;Action / Shooter / 2D;Games:G/Galaxy89Galaxy89.slave;0;0;0;0
0;Galaxy Blast (Coverdisk);Action / Shooter / Multi Way;Games:G/GalaxyBlastGalaxyBlast.Slave;0;0;0;0
0;Galaxy Force 2;Action / Shooter / 3D;Games:G/GalaxyForce2GalaxyForce2.slave;0;0;0;0
0;Galdregons Domain;RPG / Dungeon Crawler;Games:G/GaldregonsDomainGaldregonsDomain.Slave;0;0;0;0
0;Game Of Harmony, The (NTSC);Puzzle / 2D;Games:G/GameOfHarmonyNTSCGameOfHarmonyNTSC.Slave;0;0;0;0
0;Games, The - Summer Edition;Sport / Multi;Games:G/GamesSummerEditionGamesSummerEdition.Slave;0;0;0;0
0;Games, The - Winter Edition;Sport / Winter;Games:G/GamesWinterEditionGamesWinterEdition.Slave;0;0;0;0
0;Ganymed;Action / Shooter / Horizontal;Games:G/GanymedGanymed.slave;0;0;0;0
0;Garfield - Big, Fat, Hairy Deal;Platform / Puzzle;Games:G/GarfieldBigFatHairyDealGarfieldBigFatHairyDeal.Slave;0;0;0;0
0;Garfield - Winter's Tail;Action / Multi Level;Games:G/GarfieldAWintersTailGarfieldAWintersTail.Slave;0;0;0;0
0;Garrison;Action / Shooter / Multi Way;Games:G/GarrisonGarrison.Slave;0;0;0;0
0;Garrison 2 - The Legend Continues;Action / Shooter / Multi Way;Games:G/Garrison2Garrison2.Slave;0;0;0;0
0;Gary Lineker's Hot-Shot!;Sport / Football / Soccer;Games:G/GaryLinekersHotShotGaryLinekersHotShot.Slave;0;0;0;0
0;Gateway To The Savage Frontier;RPG / Dungeon Crawler;Games:G/GatewayToSavageFrontierGatewayToSavageFrontier.Slave;0;0;0;0
0;Gauntlet 2;Action / Shooter / Multi Way;Games:G/Gauntlet2Gauntlet2.Slave;0;0;0;0
0;Gauntlet 3 - The Final Quest;Action / Shooter / Isometric;Games:G/Gauntlet3Gauntlet3.slave;0;0;0;0
0;Gazza 2;Sport / Football / Soccer;Games:G/Gazza2Gazza2.Slave;0;0;0;0
0;GBA Championship Basketball - Two-On-Two;Sport / Basketball;Games:G/GBAChampionshipBBGBAChampionshipBB.Slave;0;0;0;0
0;Gear Works;Puzzle / 2D;Games:G/GearWorksGearWorks.Slave;0;0;0;0
0;Gee Bee Air Rally;Racing / Plane / Chase View;Games:G/GeeBeeAirRallyGeeBeeAirRally.Slave;0;0;0;0
0;Geisha;Adventure / Adult;Games:G/GeishaGeisha.Slave;0;0;0;0
0;Geisha (French);Adventure / Adult;Games:G/GeishaFrGeishaFr.Slave;0;0;0;0
0;Geisha (German);Adventure / Adult;Games:G/GeishaDeGeishaDe.Slave;0;0;0;0
0;Geisha (Spanish);Adventure / Adult;Games:G/GeishaEsGeishaEs.Slave;0;0;0;0
0;Gem Stone Legend;Action / Shooter / Horizontal;Games:G/GemStoneLegendGemStoneLegend.slave;0;0;0;0
0;Gem'X;Puzzle / 2D;Games:G/GemXGemX.slave;0;0;0;0
0;Gemini Wing;Action / Shooter / Vertical;Games:G/GeminiWingGeminiWing.Slave;0;0;0;0
0;Genesia - Configuration Tool;Strategy / God Simulator;Games:G/GenesiaGenesia.slave;0;0;0;0
0;Genesia - Configuration Tool (French);Strategy / God Simulator;Games:G/GenesiaFrGenesiaFr.slave;0;0;0;0
0;Gettysburg;Strategy / Battle / 3D;Games:G/GettysburgGettysburg.Slave;0;0;0;0
0;Ghost Battle;Action / Shooter / 2D;Games:G/GhostBattleGhostBattle.Slave;0;0;0;0
0;Ghost Chaser;Maze / 2D;Games:G/GhostChaserGhostChaser.Slave;0;0;0;0
0;Ghostbusters 2;Action / Multi Level;Games:G/Ghostbusters2Ghostbusters2.Slave;0;0;0;0
0;Ghostbusters 2 (NTSC);Action / Multi Level;Games:G/Ghostbusters2NTSCGhostbusters2NTSC.Slave;0;0;0;0
0;Ghosts 'N' Goblins;Action / Shooter / 2D;Games:G/GhostsNGoblinsGhostsNGoblins.slave;0;0;0;0
0;Ghouls NGhosts;Unknown;Games:G/GhoulsNGhostsGhoulsNGhosts.Slave;0;0;0;0
0;Giddy 2 - Hero In An Egg Shell (PD);Platform / Action;Games:G/Giddy2HeroInAnEggShellGiddy2HeroInAnEggShell.Slave;0;0;0;0
0;Giganoid;Bat & Ball / 2D;Games:G/GiganoidGiganoid.slave;0;0;0;0
0;Gladiators;Beat 'Em Up / Weapon;Games:G/GladiatorsGladiators.slave;0;0;0;0
0;Global Gladiators;Platform / Action;Games:G/GlobalGladiatorsGlobalGladiators.slave;0;0;0;0
0;Global Trek;Tabletop / Board Game;Games:G/GlobalTrekGlobalTrek.Slave;0;0;0;0
0;Globdule;Platform / Puzzle;Games:G/GlobduleGlobdule.slave;0;0;0;0
0;Globdule (NTSC);Platform / Puzzle;Games:G/GlobduleNTSCGlobduleNTSC.slave;0;0;0;0
0;Globulus;Puzzle / Isometric;Games:G/GlobulusGlobulus.slave;0;0;0;0
0;Globulus (Pre Release);Puzzle / Isometric;Games:G/GlobulusPRGlobulusPR.slave;0;0;0;0
0;Gloom (AGA);Action / FPS;Games:G/GloomAGAGloomAGA.slave;0;0;0;0
0;Gloom (CD32);Action / FPS;Games:G/GloomCD32GloomCD32.slave;0;0;0;0
0;Gloom (Game Demo) (AGA);Action / FPS;Games:G/GloomDemoAGAGloomDemoAGA.slave;0;0;0;0
0;Gnome;Platform / Action;Games:G/GnomeGnome.Slave;0;0;0;0
0;Gnome Alone;Adventure / Action;Games:G/GnomeAloneGnomeAlone.Slave;0;0;0;0
0;Gnome Ranger;Adventure / Text;Games:G/GnomeRangerGnomeRanger.Slave;0;0;0;0
0;Goal!;Sport / Football / Soccer;Games:G/GoalGoal.slave;0;0;0;0
0;Gobliiins;Adventure / Puzzle;Games:G/GobliiinsGobliiins.slave;0;0;0;0
0;Gobliins 2 - The Prince Buffoon;Adventure / Puzzle;Games:G/Gobliins2Gobliins2.slave;0;0;0;0
0;Gobliins 2 - The Prince Buffoon (French);Adventure / Puzzle;Games:G/Gobliins2FrGobliins2Fr.slave;0;0;0;0
0;Gobliins 2 - The Prince Buffoon (German);Adventure / Puzzle;Games:G/Gobliins2DeGobliins2De.slave;0;0;0;0
0;Gobliins 2 - The Prince Buffoon (Italian);Adventure / Puzzle;Games:G/Gobliins2ItGobliins2It.slave;0;0;0;0
0;Gobliins 2 - The Prince Buffoon (Spanish);Adventure / Puzzle;Games:G/Gobliins2EsGobliins2Es.slave;0;0;0;0
0;Goblins 3;Adventure / Puzzle;Games:G/Goblins3Goblins3.slave;0;0;0;0
0;Godfather, The;Action / Multi Level;Games:G/GodfatherGodfather.Slave;0;0;0;0
0;Gods;Platform / Action;Games:G/GodsGods.slave;0;0;0;0
0;Gods (Game Demo);Platform / Action;Games:G/GodsDemoGodsDemo.Slave;0;0;0;0
0;Gods (NTSC);Platform / Action;Games:G/GodsNTSCGodsNTSC.slave;0;0;0;0
0;Gold of the Aztecs, The;Adventure / Action;Games:G/GoldOfTheAztecsGoldOfTheAztecs.Slave;0;0;0;0
0;Gold of the Aztecs, The (v1.1);Adventure / Action;Games:G/GoldOfTheAztecs_Kernal1.1GoldOfTheAztecs(v1.1).Slave;0;0;0;0
0;Gold Rush!;Adventure / Point & Click;Games:G/GoldRushGoldRush.slave;0;0;0;0
0;Golden Axe;Action / Fighter 2.5D;Games:G/GoldenAxeGoldenAxe.slave;0;0;0;0
0;Golden Axe (NTSC);Action / Fighter 2.5D;Games:G/GoldenAxeNTSCGoldenAxeNTSC.slave;0;0;0;0
0;Golden Eagle;Action / Shooter / 2D;Games:G/GoldenEagleGoldenEagle.Slave;0;0;0;0
0;Golden Eagle (512KB);Action / Shooter / 2D;Games:G/GoldenEagle512kGoldenEagle512k.Slave;0;0;0;0
0;Golden Path;Adventure / Action;Games:G/GoldenPathGoldenPath.Slave;0;0;0;0
0;Goldrunner;Action / Shooter / Vertical;Games:G/GoldrunnerGoldrunner.Slave;0;0;0;0
0;Goldrunner 2;Action / Shooter / Vertical;Games:G/Goldrunner2Goldrunner2.Slave;0;0;0;0
0;Goldrunner 2 - Scenery Disk 2;Action / Shooter / Vertical;Games:G/Goldrunner2&SceneryDisksGoldrunner2&SceneryDisks.Slave;0;0;0;0
0;Goofy's Railway Express;Educational;Games:G/GoofysRailwayExpressGoofysRailwayExpress.Slave;0;0;0;0
0;Gordian Tomb (Coverdisk);Adventure / Action;Games:G/GordianTombGordianTomb.slave;0;0;0;0
0;Gotcha;Platform / Action;Games:G/GotchaPrestigeGotchaPrestige.Slave;0;0;0;0
0;Graeme Souness Soccer Manager;Management / Sport;Games:G/GraemeSounessSoccerManagrGraemeSounessSoccerManagr.Slave;0;0;0;0
0;Graeme Souness Vector Soccer;Sport / Football / Soccer;Games:G/GraemeSounessVectorSoccerGraemeSounessVectorSoccer.Slave;0;0;0;0
0;Graham Gooch's Second Innings;Sport / Cricket;Games:G/GrahamGoochSecondInningsGrahamGoochSecondInnings.Slave;0;0;0;0
0;Graham Gooch's World Class Cricket;Sport / Cricket;Games:G/GrahamGoochWCCricketGrahamGoochWCCricket.Slave;0;0;0;0
0;Graham Gooch's World Class Cricket (Special Edition);Sport / Cricket;Games:G/GrahamGoochWCCricketSEGrahamGoochWCCricketSE.Slave;0;0;0;0
0;Graham Taylor's Soccer Challenge;Management / Sport;Games:G/GTSoccerChallengeGTSoccerChallenge.Slave;0;0;0;0
0;Grand Monster Slam (One Disk);Sport / Futuristic;Games:G/GrandMonsterSlam1DiskGrandMonsterSlam1Disk.slave;0;0;0;0
0;Grand Monster Slam (Two Disk);Sport / Futuristic;Games:G/GrandMonsterSlam2DiskGrandMonsterSlam2Disk.slave;0;0;0;0
0;Grand Prix 500 II (French);Racing / Bike / Chase View;Games:G/GrandPrix5002FrGrandPrix5002Fr.slave;0;0;0;0
0;Grand Prix Circuit;Racing / Car / Driver View;Games:G/GrandPrixCircuitGrandPrixCircuit.Slave;0;0;0;0
0;Grand Prix Master;Racing / Bike / Top Down;Games:G/GrandPrixMasterGrandPrixMaster.Slave;0;0;0;0
0;Granny's Garden;Adventure / Graphic;Games:G/GrannysGardenGrannysGarden.Slave;0;0;0;0
0;Gravity;Strategy / Battle / 3D;Games:G/GravityGravity.Slave;0;0;0;0
0;Gravity Force;Reaction / Gravity;Games:G/GravityForceGravityForce.Slave;0;0;0;0
0;Great Courts;Sport / Tennis;Games:G/GreatCourtsGreatCourts.slave;0;0;0;0
0;Great Courts 2;Sport / Tennis;Games:G/GreatCourts2GreatCourts2.slave;0;0;0;0
0;Great Courts 2 (512KB);Sport / Tennis;Games:G/GreatCourts2512KBGreatCourts2512KB.slave;0;0;0;0
0;Great Giana Sisters;Platform / Action;Games:G/GreatGianaSistersGreatGianaSisters.slave;0;0;0;0
0;Greg Norman's Shark Attack! - The Ultimate Golf Simulator;Sport / Golf;Games:U/UltimateGolfUltimateGolf.slave;0;0;0;0
0;Gremlins 2 - The New Batch;Platform / Action;Games:G/Gremlins2Gremlins2.Slave;0;0;0;0
0;Grid Start;Racing / Car / Chase View;Games:G/GridStartGridStart.Slave;0;0;0;0
0;Gridiron!;Sport / American Football;Games:G/GridironGridiron.Slave;0;0;0;0
0;Guardian (AGA);Action / Shooter / 3D;Games:G/GuardianAGAGuardianAGA.Slave;0;0;0;0
0;Guardian (CD32);Action / Shooter / 3D;Games:G/GuardianCD32GuardianCD32.slave;0;0;0;0
0;Guardian Angel;Action / Fighter 2D;Games:G/GuardianAngelGuardianAngel.Slave;0;0;0;0
0;Guild Of Thieves, The (Magnetic Scrolls Vol. I);Adventure / Text;Games:G/GuildOfThievesGuildOfThieves.Slave;0;0;0;0
0;Guldkorn Expressen (1MB) (Danish);Platform / Vehicle;Games:G/GuldkornExpressenDk1MBGuldkornExpressenDk1MB.slave;0;0;0;0
0;Guldkorn Expressen (512KB) (Danish);Platform / Vehicle;Games:G/GuldkornExpressenDk512KBGuldkornExpressenDk512KB.slave;0;0;0;0
0;Gulp;Platform / Puzzle;Games:G/GulpGulp.slave;0;0;0;0
0;Gulp (CD32);Platform / Puzzle;Games:G/GulpCD32GulpCD32.slave;0;0;0;0
0;GunBee F-99 (The Kidnapping of Lady Akiko) (AGA);Action / Shooter / Vertical;Games:G/GunbeeF99AGAGunbeeF99AGA.Slave;0;0;0;0
0;Gunboat;Simulator / Helicopter;Games:G/GunboatGunboat.Slave;0;0;0;0
0;Gunship - 21st Century Warrior Apache;Simulator / Helicopter;Games:G/GunshipGunship.slave;0;0;0;0
0;Gunship - The Helicopter Simulator (NTSC);Simulator / Helicopter;Games:G/GunshipNTSCGunshipNTSC.slave;0;0;0;0
0;Gunship 2000;Simulator / Helicopter;Games:G/Gunship2000Gunship2000.slave;0;0;0;0
0;Gunship 2000 (AGA);Simulator / Helicopter;Games:G/Gunship2000AGAGunship2000AGA.slave;0;0;0;0
0;Gunship 2000 (CD32);Simulator / Helicopter;Games:G/Gunship2000CD32Gunship2000CD32.slave;0;0;0;0
0;Gunshoot;Action / Shooter / Crosshair;Games:G/GunshootGunshoot.Slave;0;0;0;0
0;Guy Spy;Adventure / Action;Games:G/GuySpyGuySpy.Slave;0;0;0;0
0;Guy Spy (CDTV);Adventure / Action;Games:G/GuySpyCDTVGuySpyCDTV.Slave;0;0;0;0
0;H?gar The Horrible;Platform / Action;Games:H/HagarTheHorribleHagarTheHorrible.Slave;0;0;0;0
0;H?gar The Horrible (German);Platform / Action;Games:H/HagarTheHorribleDeHagarTheHorribleDe.Slave;0;0;0;0
0;H.A.T.E. Hostile All Terrain Encounter;Action / Shooter / Isometric;Games:H/HATEHATE.slave;0;0;0;0
0;Hacker (NTSC);Adventure / Graphic;Games:H/HackerNTSCHackerNTSC.Slave;0;0;0;0
0;Hacker 2 - The Doomsday Papers;Adventure / Graphic;Games:H/Hacker2Hacker2.Slave;0;0;0;0
0;Halley Project, The - A Mission In Our Solar System;Educational;Games:H/HalleyProjectHalleyProject.Slave;0;0;0;0
0;Hammer Boy;Platform / Action;Games:H/HammerBoyHammerBoy.slave;0;0;0;0
0;Hammerfist;Action / Fighter 2D;Games:H/HammerfistHammerfist.Slave;0;0;0;0
0;Hanse (German);Strategy / Trading;Games:H/HanseDeHanseDe.Slave;0;0;0;0
0;Harald Haardtand - Kampen Om De Rene Taender (Danish);Platform / Action;Games:H/HaraldHaardtandDkHaraldHaardtandDk.slave;0;0;0;0
0;Hard 'n' Heavy;Platform / Action;Games:H/HardNHeavyHardNHeavy.slave;0;0;0;0
0;Hard Drivin';Racing / Car / Driver View;Games:H/HardDrivinHardDrivin.Slave;0;0;0;0
0;Hard Drivin' 2 - Drive Harder;Racing / Car / Driver View;Games:H/HardDrivin2HardDrivin2.Slave;0;0;0;0
0;HardBall 2 (NTSC);Sport / Baseball;Games:H/HardBall2NTSCHardBall2NTSC.Slave;0;0;0;0
0;HardBall!;Sport / Baseball;Games:H/HardBallHardBall.Slave;0;0;0;0
0;Hare Raising Havoc (NTSC);Platform / Action;Games:H/HareRaisingHavocNTSCHareRaisingHavocNTSC.slave;0;0;0;0
0;Harlequin (1MB);Platform / Action;Games:H/Harlequin1MBHarlequin1MB.Slave;0;0;0;0
0;Harlequin (512KB);Platform / Action;Games:H/Harlequin512KBHarlequin512KB.Slave;0;0;0;0
0;Harley Davidson - The Road To Sturgis;Racing / Bike / Chase View;Games:H/HarleyDavidsonHarleyDavidson.slave;0;0;0;0
0;Harpoon & Battleset 1;Strategy / Battle / 2D;Games:H/Harpoon&Battleset1Harpoon&Battleset1.Slave;0;0;0;0
0;Harpoon & Battleset 2;Strategy / Battle / 2D;Games:H/Harpoon&Battleset2Harpoon&Battleset2.slave;0;0;0;0
0;Harpoon & Battleset 3;Strategy / Battle / 2D;Games:H/Harpoon&Battleset3Harpoon&Battleset3.slave;0;0;0;0
0;Harpoon & Battleset 4;Strategy / Battle / 2D;Games:H/Harpoon&Battleset4Harpoon&Battleset4.slave;0;0;0;0
0;Harrier Combat Simulator (NTSC);Simulator / Plane / Combat;Games:H/HarrierCombatSimNTSCHarrierCombatSimNTSC.slave;0;0;0;0
0;Hawkeye;Action / Fighter 2D;Games:H/HawkeyeHawkeye.slave;0;0;0;0
0;Head Over Heels;Adventure / Isometric;Games:H/HeadOverHeelsHeadOverHeels.slave;0;0;0;0
0;Heart Of China;Adventure / Point & Click;Games:H/HeartOfChinaHeartOfChina.slave;0;0;0;0
0;Heart Of China (German);Adventure / Point & Click;Games:H/HeartOfChinaDeHeartOfChinaDe.slave;0;0;0;0
0;Heart Of The Dragon (Four Disk);Adventure / Action;Games:H/HeartOfTheDragon4DiskHeartOfTheDragon4Disk.slave;0;0;0;0
0;Heart Of The Dragon (Three Disk);Adventure / Action;Games:H/HeartOfTheDragon3DiskHeartOfTheDragon3Disk.Slave;0;0;0;0
0;Heavy Metal;Simulator / Tank;Games:H/HeavyMetalHeavyMetal.slave;0;0;0;0
0;Heavy Metal Heroes;Action / Shooter / 2D;Games:H/HeavyMetalHeroesHeavyMetalHeroes.Slave;0;0;0;0
0;Heimdall;RPG / Isometric;Games:H/HeimdallHeimdall.slave;0;0;0;0
0;Heimdall (French);RPG / Isometric;Games:H/HeimdallFrHeimdallFr.slave;0;0;0;0
0;Heimdall (German);RPG / Isometric;Games:H/HeimdallDeHeimdallDe.slave;0;0;0;0
0;Heimdall (Spanish);RPG / Isometric;Games:H/HeimdallEsHeimdallEs.slave;0;0;0;0
0;Heimdall 2 - Into the Hall of Worlds;RPG / Isometric;Games:H/Heimdall2Heimdall2.Slave;0;0;0;0
0;Heimdall 2 - Into the Hall of Worlds (AGA);RPG / Isometric;Games:H/Heimdall2AGAHeimdall2AGA.Slave;0;0;0;0
0;Heimdall 2 - Into the Hall of Worlds (CD32);RPG / Isometric;Games:H/Heimdall2CD32Heimdall2CD32.Slave;0;0;0;0
0;Hell Bent;Action / Shooter / Vertical;Games:H/HellbentHellbent.Slave;0;0;0;0
0;Hell Raiser;Action / Multi Level;Games:H/HellRaisersHellRaisers.Slave;0;0;0;0
0;Hellfire Attack;Action / Shooter / 3D;Games:H/HellfireAttackHellfireAttack.Slave;0;0;0;0
0;Hellowoon - Das Geheimnis des Zauberstabs (German);Adventure / Text;Games:H/HellowoonDeHellowoonDe.Slave;0;0;0;0
0;Hellraider;Action / Shooter / Multi Way;Games:H/HellraiderHellraider.slave;0;0;0;0
0;Hellrun Machine, The (Coverdisk);Reaction / 2D;Games:H/HellrunMachineHellrunMachine.Slave;0;0;0;0
0;Helter Skelter;Puzzle / 2D;Games:H/HelterSkelterHelterSkelter.Slave;0;0;0;0
0;Hero's Quest - So You Want To Be A Hero;Adventure / Point & Click;Games:H/HerosQuestHerosQuest.slave;0;0;0;0
0;Heroes of the Lance;Adventure / Action;Games:H/HeroesOfTheLanceHeroesOfTheLance.slave;0;0;0;0
0;HeroQuest;RPG / Isometric;Games:H/HeroQuestHeroQuest.slave;0;0;0;0
0;HeroQuest - Return of the Witchlord;RPG / Isometric;Games:H/HeroQuest&ReturnWitchLordHeroQuest&ReturnWitchLord.slave;0;0;0;0
0;HeroQuest 2 - Legacy Of Sorasil;RPG / Isometric;Games:H/HeroQuest2HeroQuest2.Slave;0;0;0;0
0;Hexuma - Das Auge des Kal (German);Adventure / Text;Games:H/HexumaDeHexumaDe.Slave;0;0;0;0
0;High Seas Trader (AGA);Strategy / Trading;Games:H/HighSeasTraderAGAHighSeasTraderAGA.Slave;0;0;0;0
0;High Steel;Puzzle / 2D;Games:H/HighSteelHighSteel.Slave;0;0;0;0
0;Highway Hawks;Racing / Car / Chase View;Games:H/HighwayHawksHighwayHawks.slave;0;0;0;0
0;Highway Patrol II;Racing / Car / Driver View;Games:H/HighwayPatrol2HighwayPatrol2.Slave;0;0;0;0
0;Highway Patrol II (Fast Mem);Racing / Car / Driver View;Games:H/HighwayPatrol2FastHighwayPatrol2Fast.Slave;0;0;0;0
0;Hill Street Blues;Management / Police;Games:H/HillStreetBluesHillStreetBlues.Slave;0;0;0;0
0;Hillsfar;RPG / Open World;Games:H/HillsfarHillsfar.Slave;0;0;0;0
0;Hillsfar (German);RPG / Open World;Games:H/HillsfarDeHillsfarDe.Slave;0;0;0;0
0;Hilt - Against The Hoardes;Strategy / Battle / 2D;Games:H/HiltHilt.Slave;0;0;0;0
0;Hilt II;Strategy / Battle / 2D;Games:H/Hilt2Hilt2.Slave;0;0;0;0
0;Hilt II (German);Strategy / Battle / 2D;Games:H/Hilt2DeHilt2De.Slave;0;0;0;0
0;Hired Guns 1 MB;Unknown;Games:H/HiredGuns1MBHiredGuns1MB.Slave;0;0;0;0
0;Hired Guns 512 KB;Unknown;Games:H/HiredGuns512KBHiredGuns512KB.Slave;0;0;0;0
0;Hired Guns Demo 1 MB;Unknown;Games:H/HiredGunsDemo1MBHiredGunsDemo1MB.Slave;0;0;0;0
0;Hired Guns Demo 512 KB;Unknown;Games:H/HiredGunsDemo512KBHiredGunsDemo512KB.Slave;0;0;0;0
0;History Line 1914-1918;Strategy / Historical;Games:H/HistorylineHistoryLine.Slave;0;0;0;0
0;History Line 1914-1918 (French);Strategy / Historical;Games:H/HistorylineFrHistoryLineFr.Slave;0;0;0;0
0;History Line 1914-1918 (German);Strategy / Historical;Games:H/HistorylineDeHistoryLineDe.Slave;0;0;0;0
0;Hitchhiker's Guide To The Galaxy, The;Adventure / Text;Games:H/HitchhikersGuideTTGHitchhikersGuideTTG.Slave;0;0;0;0
0;Hole In One;Sport / Miniature Golf;Games:H/HoleInOneHoleInOne.slave;0;0;0;0
0;Hole In One & Data Disks;Sport / Miniature Golf;Games:H/HoleInOne&DataDisksHoleInOne&DataDisks.Slave;0;0;0;0
0;Holiday Maker (CDTV) (German);Adventure / Adult;Games:H/HolidayMakerCDTVDeHolidayMakerCDTVDe.Slave;0;0;0;0
0;Holiday Maker (German);Adventure / Adult;Games:H/HolidayMakerDeHolidayMakerDe.Slave;0;0;0;0
0;Hollywood Poker;Tabletop / Cards / Adult;Games:H/HollywoodPokerHollywoodPoker.Slave;0;0;0;0
0;Hollywood Poker Pro;Tabletop / Cards / Adult;Games:H/HollywoodPokerProHollywoodPokerPro.slave;0;0;0;0
0;Home Alone;Platform / Action;Games:H/HomeAloneHomeAlone.Slave;0;0;0;0
0;Hong Kong Phooey - No1 Super Guy;Platform / Action;Games:H/HongKongPhooeyHongKongPhooey.Slave;0;0;0;0
0;Hook;Adventure / Point & Click;Games:H/HookHook.slave;0;0;0;0
0;Horror Zombies From the Crypt;Adventure / Action;Games:H/HorrorZombiesFromTheCryptHorrorZombiesFromTheCrypt.Slave;0;0;0;0
0;Hostage - Rescue Mission (NTSC);Action / Multi Level;Games:H/HostageNTSCHostageNTSC.Slave;0;0;0;0
0;Hostages;Action / Multi Level;Games:H/HostagesHostages.Slave;0;0;0;0
0;Hostile Breed;Strategy / Action;Games:H/HostileBreedHostileBreed.Slave;0;0;0;0
0;Hot Rod;Racing / Car / Top Down;Games:H/HotRodHotRod.Slave;0;0;0;0
0;Hot Rubber;Racing / Bike / Chase View;Games:H/HotRubberHotRubber.Slave;0;0;0;0
0;Hotshot;Puzzle / 2D;Games:H/HotshotHotshot.Slave;0;0;0;0
0;Hound Of Shadow, The;Adventure / Text;Games:H/HoundOfShadowHoundOfShadow.Slave;0;0;0;0
0;Hoyle Book Of Games Vol 3 - Great Board Games;Tabletop / Board Game;Games:H/HoyleVolume3HoyleVolume3.slave;0;0;0;0
0;Huckleberry Hound In Hollywood Capers;Platform / Action;Games:H/HuckleberryHoundHuckleberryHound.Slave;0;0;0;0
0;Hudson Hawk;Platform / Action;Games:H/HudsonHawkHudsonHawk.Slave;0;0;0;0
0;Hugo - Pa Nye Eventyr (Danish);Action / Multi Level;Games:H/Hugo1DkHugo1Dk.Slave;0;0;0;0
0;Hugo - Pa Nye Eventyr (Finnish);Action / Multi Level;Games:H/Hugo1FiHugo1Fi.Slave;0;0;0;0
0;Hugo - Pa Nye Eventyr Del 2 (Danish);Action / Multi Level;Games:H/Hugo2DkHugo2Dk.Slave;0;0;0;0
0;Hugo - Pa Nye Eventyr Del 2 (Finnish);Action / Multi Level;Games:H/Hugo2FiHugo2Fi.Slave;0;0;0;0
0;Hugo (German);Action / Multi Level;Games:H/HugoDeHugoDe.Slave;0;0;0;0
0;Hugo (Swedish);Action / Multi Level;Games:H/HugoSeHugoSe.Slave;0;0;0;0
0;Human Killing Machine;Beat 'Em Up;Games:H/HumanKillingMachineHumanKillingMachine.slave;0;0;0;0
0;Humans 2, The - The Jurassic Levels;Platform / Puzzle;Games:H/Humans2Humans2.slave;0;0;0;0
0;Humans 2, The - The Jurassic Levels (German);Platform / Puzzle;Games:H/Humans2DeHumans2De.slave;0;0;0;0
0;Humans 3 Evolution, The - Lost in time... (AGA);Platform / Puzzle;Games:H/Humans3AGAHumans3AGA.Slave;0;0;0;0
0;Humans, The;Platform / Puzzle;Games:H/HumansHumans.slave;0;0;0;0
0;Humans, The (CD32);Platform / Puzzle;Games:H/HumansCD32HumansCD32.slave;0;0;0;0
0;Humans, The (French);Platform / Puzzle;Games:H/HumansFrHumansFr.slave;0;0;0;0
0;Humans, The (German);Platform / Puzzle;Games:H/HumansDeHumansDe.slave;0;0;0;0
0;Hunt For Red October, The;Simulator / Submarine;Games:H/HuntForRedOctoberHuntForRedOctober.Slave;0;0;0;0
0;Hunt For Red October, The - The Movie;Action / Shooter / Horizontal;Games:H/HuntForRedOctoberTheMovieHuntForRedOctoberTheMovie.Slave;0;0;0;0
0;Hunter;Adventure / 3D;Games:H/HunterHunter.Slave;0;0;0;0
0;Hunter (French);Adventure / 3D;Games:H/HunterFrHunterFr.slave;0;0;0;0
0;Hunter (German);Adventure / 3D;Games:H/HunterDeHunterDe.slave;0;0;0;0
0;Hybris (NTSC);Action / Shooter / Vertical;Games:H/HybrisNTSCHybrisNTSC.Slave;0;0;0;0
0;Hydra;Action / Shooter / Vehicle;Games:H/HydraHydra.Slave;0;0;0;0
0;Hyperdome;Action / Shooter / Horizontal;Games:H/HyperdomeHyperdome.Slave;0;0;0;0
0;Hyperion;Action / Shooter / 3D;Games:H/HyperionHyperion.Slave;0;0;0;0
0;I Ludicrus;Beat 'Em Up / Weapon;Games:I/ILudicrusILudicrus.Slave;0;0;0;0
0;I Play 3-D Soccer;Sport / Football / Soccer;Games:I/IPlay3DSoccerIPlay3DSoccer.slave;0;0;0;0
0;Ian Botham's Cricket;Sport / Cricket;Games:I/IanBothamsCricketIanBothamsCricket.Slave;0;0;0;0
0;Ice Runner;Platform / Action;Games:I/IceRunnerIceRunner.Slave;0;0;0;0
0;IK+;Beat 'Em Up;Games:I/IK+IK+.slave;0;0;0;0
0;IK+ (CD32);Beat 'Em Up;Games:I/IK+CD32IK+CD32.slave;0;0;0;0
0;Ikari Warriors;Action / Shooter / Vertical;Games:I/IkariWarriorsIkariWarriors.Slave;0;0;0;0
0;Ilyad;Action / Shooter / Horizontal;Games:I/IlyadIlyad.slave;0;0;0;0
0;Immortal, The;RPG / Isometric;Games:I/ImmortalImmortal.slave;0;0;0;0
0;Impact!;Bat & Ball / 2D;Games:I/ImpactImpact.Slave;0;0;0;0
0;Impact! '95;Bat & Ball / 2D;Games:I/Impact95Impact95.Slave;0;0;0;0
0;Imperium;Strategy / Political;Games:I/ImperiumImperium.Slave;0;0;0;0
0;Impossamole;Platform / Action;Games:I/ImpossamoleImpossamole.slave;0;0;0;0
0;Impossible Mission 2;Platform / Action;Games:I/ImpossibleMission2ImpossibleMission2.Slave;0;0;0;0
0;Impossible Mission 2025;Action / Shooter / 2D;Games:I/ImpossibleMission2025ImpossibleMission2025.slave;0;0;0;0
0;Impossible Mission 2025 (AGA);Action / Shooter / 2D;Games:I/ImpossibleMission2025AGAImpossibleMission2025AGA.slave;0;0;0;0
0;Incredible Crash Dummies;Platform / Action;Games:I/IncredibleCrashDummiesIncredibleCrashDummies.slave;0;0;0;0
0;Incredible Shrinking Sphere (ISS);Action / Shooter / Isometric;Games:I/ISSISS.Slave;0;0;0;0
0;Indiana Jones & The Fate Of Atlantis;Adventure / Point & Click;Games:I/IndianaJonesAtlantisAdvIndianaJonesAtlantisAdv.slave;0;0;0;0
0;Indiana Jones & The Fate Of Atlantis (Action Game);Adventure / Isometric;Games:I/IndianaJonesAtlantisActIndianaJonesAtlantisAct.slave;0;0;0;0
0;Indiana Jones & The Fate Of Atlantis (French);Adventure / Point & Click;Games:I/IndianaJonesAtlantisAdvFrIndianaJonesAtlantisAdvFr.slave;0;0;0;0
0;Indiana Jones & The Fate Of Atlantis (German);Adventure / Point & Click;Games:I/IndianaJonesAtlantisAdvDeIndianaJonesAtlantisAdvDe.slave;0;0;0;0
0;Indiana Jones & The Fate Of Atlantis (Italian);Adventure / Point & Click;Games:I/IndianaJonesAtlantisAdvItIndianaJonesAtlantisAdvIt.slave;0;0;0;0
0;Indiana Jones & The Fate Of Atlantis (Spanish);Adventure / Point & Click;Games:I/IndianaJonesAtlantisAdvEsIndianaJonesAtlantisAdvEs.slave;0;0;0;0
0;Indiana Jones & The Last Crusade (Action Game);Adventure / Action;Games:I/IndianaJonesLastCrusActIndianaJonesLastCrusAct.Slave;0;0;0;0
0;Indiana Jones & The Last Crusade (Adventure) (CDTV) (Germ;Adventure / Point & Click;Games:I/IndyLastCrusAdvDeCDTVIndyLastCrusAdvDeCDTV.slave;0;0;0;0
0;Indiana Jones & The Last Crusade (Adventure) (French);Adventure / Point & Click;Games:I/IndianaJonesLastCrusAdvFrIndyLastCrusAdvFr.slave;0;0;0;0
0;Indiana Jones & The Last Crusade (Adventure) (German);Adventure / Point & Click;Games:I/IndianaJonesLastCrusAdvDeIndyLastCrusAdvDe.slave;0;0;0;0
0;Indiana Jones & The Last Crusade (Adventure) (Italian);Adventure / Point & Click;Games:I/IndianaJonesLastCrusAdvItIndyLastCrusAdvIt.slave;0;0;0;0
0;Indiana Jones & The Last Crusade (Adventure) (NTSC);Adventure / Point & Click;Games:I/IndyJonesLastCrusAdvNTSCIndyLastCrusAdvNTSC.slave;0;0;0;0
0;Indiana Jones & The Last Crusade (Adventure) (Spanish);Adventure / Point & Click;Games:I/IndianaJonesLastCrusAdvEsIndyLastCrusAdvEs.slave;0;0;0;0
0;Indiana Jones & The Temple Of Doom;Adventure / Action;Games:I/IndianaJonesTempleOfDoomIndianaJonesTempleOfDoom.slave;0;0;0;0
0;Indianapolis 500;Racing / Car / Driver View;Games:I/Indianapolis500Indianapolis500.slave;0;0;0;0
0;Indigo (Unreleased) (Files);Platform / Action;Games:I/IndigoFilesIndigoFiles.Slave;0;0;0;0
0;Indigo (Unreleased) (Image);Platform / Action;Games:I/IndigoImageIndigoImage.Slave;0;0;0;0
0;Indoor Sports - Volume 1;Sport / Bar / Saloon / Pub;Games:I/IndoorSportsIndoorSports.Slave;0;0;0;0
0;Indy Heat;Racing / Car / Isometric;Games:I/IndyHeatIndyHeat.slave;0;0;0;0
0;Inertia Drive;Action / Shooter / Multi Way;Games:I/InertiaDriveInertiaDrive.Slave;0;0;0;0
0;Infection;Puzzle / 2D;Games:I/InfectionInfection.Slave;0;0;0;0
0;Infestation;Action / Shooter / 3D;Games:I/InfestationInfestation.slave;0;0;0;0
0;Ingrid's Back!;Adventure / Text;Games:I/IngridsBackIngridsBack.Slave;0;0;0;0
0;Innocent Until Caught;Adventure / Point & Click;Games:I/InnocentUntilCaughtInnocentUntilCaught.slave;0;0;0;0
0;Innocent Until Caught (French);Adventure / Point & Click;Games:I/InnocentUntilCaughtFrInnocentUntilCaughtFr.slave;0;0;0;0
0;Innocent Until Caught (German);Adventure / Point & Click;Games:I/InnocentUntilCaughtDeInnocentUntilCaughtDe.slave;0;0;0;0
0;Innocent Until Caught (Italian);Adventure / Point & Click;Games:I/InnocentUntilCaughtItInnocentUntilCaughtIt.Slave;0;0;0;0
0;Insanity Fight;Action / Shooter / Vertical;Games:I/InsanityFightInsanityFight.Slave;0;0;0;0
0;Insector Hecti in the Interchange;Puzzle / 2D;Games:I/InsectorHectiInterChangeInsectorHectiInterChange.Slave;0;0;0;0
0;Insects In Space;Action / Shooter / Horizontal;Games:I/InsectsInSpaceInsectsInSpace.slave;0;0;0;0
0;Intact (1.5MB);Action / Shooter / Vertical;Games:I/Intact15MBIntact15MB.Slave;0;0;0;0
0;Intact (1MB);Action / Shooter / Vertical;Games:I/Intact1MBIntact1MB.Slave;0;0;0;0
0;Intact (512KB);Action / Shooter / Vertical;Games:I/Intact512kIntact512k.Slave;0;0;0;0
0;International 3D Tennis;Sport / Tennis;Games:I/International3DTennisInternational3DTennis.slave;0;0;0;0
0;International Ice Hockey;Sport / Ice Hockey;Games:I/InternationalIceHockeyInternationalIceHockey.Slave;0;0;0;0
0;International Ninja Rabbits;Action / Fighter 2D;Games:I/InternationalNinjaRabbitsInternationalNinjaRabbits.Slave;0;0;0;0
0;International Soccer;Sport / Football / Soccer;Games:I/InternationalSoccerInternationalSoccer.Slave;0;0;0;0
0;International Sports Challenge;Sport / Multi;Games:I/IntSportsChallengeIntSportsChallenge.slave;0;0;0;0
0;International Tennis;Sport / Tennis;Games:I/InternationalTennisInternationalTennis.slave;0;0;0;0
0;International Truck Racing;Racing / Car / Top Down;Games:I/InternationalTruckRacingInternationalTruckRacing.slave;0;0;0;0
0;Interphase;Action / Shooter / 3D;Games:I/InterphaseInterphase.slave;0;0;0;0
0;Interphase (Coverdisk);Action / Shooter / 3D;Games:I/InterphaseAmigaFormatInterphaseAmigaFormat.slave;0;0;0;0
0;Into the Eagle's Nest;Action / Shooter / Multi Way;Games:I/IntoTheEaglesNestIntoTheEaglesNest.slave;0;0;0;0
0;Invasion;Action / Shooter / Crosshair;Games:I/InvasionInvasion.Slave;0;0;0;0
0;Invest (One Disk) (German);Management / Business;Games:I/InvestDe1DiskInvestDe1Disk.slave;0;0;0;0
0;Invest (Two Disk) (German);Management / Business;Games:I/InvestDe2DiskInvestDe2Disk.slave;0;0;0;0
0;Inviyya (Game Demo);Action / Shooter / Horizontal;Games:I/InviyyaDemoInviyyaDemo.Slave;0;0;0;0
0;Iron Lord;Strategy / Action;Games:I/IronLordIronLord.Slave;0;0;0;0
0;Iron Lord (French);Strategy / Action;Games:I/IronLordFrIronLordFr.Slave;0;0;0;0
0;Iron Lord (German);Strategy / Action;Games:I/IronLordDeIronLordDe.Slave;0;0;0;0
0;Iron Trackers;Racing / Bike / Chase View;Games:I/IronTrackersIronTrackers.Slave;0;0;0;0
0;Iron Trackers (French);Racing / Bike / Chase View;Games:I/IronTrackersFrIronTrackersFr.Slave;0;0;0;0
0;Ishar - Legend Of The Fortress;RPG / Dungeon Crawler;Games:I/IsharIshar.Slave;0;0;0;0
0;Ishar - Legend Of The Fortress (AGA);RPG / Dungeon Crawler;Games:I/IsharAGAIsharAGA.Slave;0;0;0;0
0;Ishar - Legend Of The Fortress (Spanish);RPG / Dungeon Crawler;Games:I/IsharEsIsharEs.Slave;0;0;0;0
0;Ishar 2 - Messengers Of Doom;RPG / Dungeon Crawler;Games:I/Ishar2Ishar2.Slave;0;0;0;0
0;Ishar 2 - Messengers Of Doom (AGA);RPG / Dungeon Crawler;Games:I/Ishar2AGAIshar2AGA.Slave;0;0;0;0
0;Ishar 2 - Messengers Of Doom (Spanish);RPG / Dungeon Crawler;Games:I/Ishar2EsIshar2Es.Slave;0;0;0;0
0;Ishar 3 - The Seven Gates of Infinity;RPG / Dungeon Crawler;Games:I/Ishar3Ishar3.Slave;0;0;0;0
0;Ishar 3 - The Seven Gates of Infinity (AGA);RPG / Dungeon Crawler;Games:I/Ishar3AGAIshar3AGA.Slave;0;0;0;0
0;Ishar 3 - The Seven Gates of Infinity (French);RPG / Dungeon Crawler;Games:I/Ishar3FrIshar3Fr.Slave;0;0;0;0
0;Ishar 3 - The Seven Gates of Infinity (German);RPG / Dungeon Crawler;Games:I/Ishar3DeIshar3De.Slave;0;0;0;0
0;Ishido - The Way of Stones;Puzzle / 2D;Games:I/IshidoIshido.Slave;0;0;0;0
0;Island Of Hope Lost, The;Adventure / Text;Games:I/IslandOfLostHopeIslandOfLostHope.Slave;0;0;0;0
0;It Came From The Desert!;Adventure / Action;Games:I/ItCameFromTheDesertItCameFromTheDesert.Slave;0;0;0;0
0;It Came From The Desert! (Greek);Adventure / Action;Games:I/ItCameFromTheDesertGrItCameFromTheDesertGr.Slave;0;0;0;0
0;Italia 1990;Sport / Football / Soccer;Games:I/Italia1990Italia1990.slave;0;0;0;0
0;Italy 1990;Sport / Football / Soccer;Games:I/Italy1990Italy1990.slave;0;0;0;0
0;Italy 1990 - Winners Edition;Sport / Football / Soccer;Games:I/Italy1990WinnersEditionItaly1990WinnersEdition.slave;0;0;0;0
0;Ivan 'Ironman' Stewart's Super Off Road;Racing / Car / Isometric;Games:S/SuperOffRoadSuperOffRoad.Slave;0;0;0;0
0;Ivan 'Ironman' Stewart's Super Off Road (NTSC);Racing / Car / Isometric;Games:S/SuperOffRoadNTSCSuperOffRoadNTSC.Slave;0;0;0;0
0;Ivanhoe;Action / Fighter 2D;Games:I/IvanhoeIvanhoe.slave;0;0;0;0
0;Jabato (Spanish);Adventure / Text;Games:J/JabatoEsJabatoEs.slave;0;0;0;0
0;Jaguar XJ220 (Files);Racing / Car / Chase View;Games:J/JaguarXJ220FilesJaguarXJ220Files.Slave;0;0;0;0
0;Jaguar XJ220 (Files) (Chip Mem);Racing / Car / Chase View;Games:J/JaguarXJ220FilesChipJaguarXJ220FilesChip.Slave;0;0;0;0
0;Jaguar XJ220 (Image);Racing / Car / Chase View;Games:J/JaguarXJ220ImageJaguarXJ220Image.Slave;0;0;0;0
0;Jaguar XJ220 (Image) (Chip Mem);Racing / Car / Chase View;Games:J/JaguarXJ220ImageChipJaguarXJ220ImageChip.Slave;0;0;0;0
0;Jahangir Khan's World Championship Squash;Sport / Squash;Games:J/JahangirKhansWChampSquashJahangirKhansWChampSquash.Slave;0;0;0;0
0;James Bond - The Stealth Affair (NTSC);Adventure / Point & Click;Games:J/JamesBondStlthAffairNTSCJamesBondStlthAffairNTSC.slave;0;0;0;0
0;James Pond - Underwater Agent;Platform / Action;Games:J/JamesPondJamesPond.slave;0;0;0;0
0;James Pond 2 - Codename RoboCod;Platform / Action;Games:J/JamesPond2JamesPond2.Slave;0;0;0;0
0;James Pond 2 - Codename RoboCod (AGA);Platform / Action;Games:J/JamesPond2AGAJamesPond2AGA.Slave;0;0;0;0
0;James Pond 2 - Codename RoboCod (CD32);Platform / Action;Games:J/JamesPond2CD32JamesPond2CD32.slave;0;0;0;0
0;James Pond 3 - Operation Starfi5h (AGA);Platform / Action;Games:J/JamesPond3AGAJamesPond3AGA.slave;0;0;0;0
0;James Pond 3 - Operation Starfi5h (CD32);Platform / Action;Games:J/JamesPond3CD32JamesPond3CD32.slave;0;0;0;0
0;James Pond 3 - Operation Starfi5h (CD32) (French);Platform / Action;Games:J/JamesPond3CD32FrJamesPond3CD32Fr.slave;0;0;0;0
0;Jaws;Action / Shooter / 2D;Games:J/JawsJaws.Slave;0;0;0;0
0;Jet;Simulator / Plane / Combat;Games:J/JetJet.Slave;0;0;0;0
0;Jet & Hawaiian Scenery Disk;Simulator / Plane / Combat;Games:J/Jet&HawaiianSceneryJet&HawaiianScenery.Slave;0;0;0;0
0;Jet & Scenery Disk 07;Simulator / Plane / Combat;Games:J/Jet&SceneryDisk07Jet&SceneryDisk07.Slave;0;0;0;0
0;Jet & Scenery Disk 09;Simulator / Plane / Combat;Games:J/Jet&SceneryDisk09Jet&SceneryDisk09.Slave;0;0;0;0
0;Jet & Scenery Disk 11;Simulator / Plane / Combat;Games:J/Jet&SceneryDisk11Jet&SceneryDisk11.Slave;0;0;0;0
0;Jet & Scenery Disk 12;Simulator / Plane / Combat;Games:J/Jet&SceneryDisk12Jet&SceneryDisk12.Slave;0;0;0;0
0;Jet & Scenery Disk 13;Simulator / Plane / Combat;Games:J/Jet&SceneryDisk13Jet&SceneryDisk13.Slave;0;0;0;0
0;Jet & Scenery Disk 14;Simulator / Plane / Combat;Games:J/Jet&SceneryDisk14Jet&SceneryDisk14.Slave;0;0;0;0
0;Jet Set Willy II - The Final Frontier;Platform / Action;Games:J/JetSetWilly2JetSetWilly2.slave;0;0;0;0
0;Jetsons, The - The Computer Game;Adventure / Action;Games:J/JetsonsTheComputerGameJetsonsTheComputerGame.Slave;0;0;0;0
0;Jetstrike (Intro);Misc / Intro Disk;Games:J/JetstrikeJetstrike.Slave;0;0;0;0
0;Jetstrike (Intro);Misc / Intro Disk;Games:J/JetstrikeJetstrikeIntro.Slave;0;0;0;0
0;Jetstrike (Intro) (AGA);Misc / Intro Disk;Games:J/JetstrikeAGAJetstrikeAGA.Slave;0;0;0;0
0;Jetstrike (Intro) (AGA);Misc / Intro Disk;Games:J/JetstrikeAGAJetstrikeAGAIntro.Slave;0;0;0;0
0;Jewels Of Darkness;Adventure / Text;Games:J/JewelsOfDarknessJewelsOfDarkness.Slave;0;0;0;0
0;Jim Power In 'Mutant Planet';Action / Fighter 2D;Games:J/JimPowerJimPower.slave;0;0;0;0
0;Jimmy White's Whirlwind Snooker;Sport / Snooker;Games:J/JimmyWhitesSnookerJimmyWhitesSnooker.slave;0;0;0;0
0;Jimmy Willburne - A La Recherche Du Peigne Perdu (Intro);Misc / Intro Disk;Games:J/JimmyWillburneFrIntroFr.Slave;0;0;0;0
0;Jimmy Willburne - A La Recherche Du Peigne Perdu (Intro);Misc / Intro Disk;Games:J/JimmyWillburneFrJimmyWillburneFr.Slave;0;0;0;0
0;Jimmy's Fantastic Journey;Platform / Action;Games:J/JimmysFantasticJourneyJimmysFantasticJourney.slave;0;0;0;0
0;Jinks;Bat & Ball / 2D;Games:J/JinksJinks.Slave;0;0;0;0
0;Jinxter;Adventure / Text;Games:J/JinxterJinxter.Slave;0;0;0;0
0;Jocky Wilson's Darts Challenge;Sport / Darts;Games:J/JockyWilsonsDartChallengeJockyWilsonsDartChallenge.slave;0;0;0;0
0;Joe & Mac (Caveman Ninja);Platform / Action;Games:J/Joe&MacCavemanNinjaJoe&MacCavemanNinja.slave;0;0;0;0
0;Joe & Mac (Caveman Ninja) (Fast Mem);Platform / Action;Games:J/Joe&MacCavemanNinjaFastJoe&MacCavemanNinjaFast.slave;0;0;0;0
0;Joe Blade;Platform / Action;Games:J/JoeBladeJoeBlade.Slave;0;0;0;0
0;Joe Blade 2;Platform / Action;Games:J/JoeBlade2JoeBlade2.Slave;0;0;0;0
0;John Barnes European Football;Sport / Football / Soccer;Games:J/JohnBarnesEuroFootballJohnBarnesEuroFootball.Slave;0;0;0;0
0;John Lowe's Ultimate Darts;Sport / Darts;Games:J/JohnLowesUltimateDartsJohnLowesUltimateDarts.Slave;0;0;0;0
0;John Madden Football;Sport / American Football;Games:J/JohnMaddenFootballJohnMaddenFootball.slave;0;0;0;0
0;Jonathan - The Next Artventure (German);Adventure / Adult;Games:J/JonathanDeJonathanDe.Slave;0;0;0;0
0;Journey - The Quest Begins;Adventure / Text;Games:J/JourneyJourney.Slave;0;0;0;0
0;Jouster 3 (PD);Platform / Action;Games:J/Jouster3Jouster3.slave;0;0;0;0
0;Judge Dredd;Platform / Action;Games:J/JudgeDreddJudgeDredd.slave;0;0;0;0
0;Jug;Action / Shooter / Multi Way;Games:J/JugJug.Slave;0;0;0;0
0;Jump 'n' Roll (Coverdisk);Reaction / 3D;Games:J/JumpNRollJumpNRoll.Slave;0;0;0;0
0;Jumping Jack'Son;Puzzle / 2D;Games:J/JumpingJackSonJumpingJackSon.Slave;0;0;0;0
0;Jungle Book, The;Adventure / Action;Games:J/JungleBookJungleBook.Slave;0;0;0;0
0;Jungle Strike;Action / Shooter / Isometric;Games:J/JungleStrikeJungleStrike.Slave;0;0;0;0
0;Jungle Strike (AGA);Action / Shooter / Isometric;Games:J/JungleStrikeAGAJungleStrikeAGA.Slave;0;0;0;0
0;Jungle Strike (CD32);Action / Shooter / Isometric;Games:J/JungleStrikeCD32JungleStrikeCD32.Slave;0;0;0;0
0;Junior Typist;Educational;Games:J/JuniorTypistJuniorTypist.Slave;0;0;0;0
0;Jupiter Probe;Action / Shooter / Vertical;Games:J/JupiterProbeJupiterProbe.Slave;0;0;0;0
0;Jupiter's Masterdrive;Racing / Car / Top Down;Games:J/JupitersMasterdriveJupitersMasterdrive.Slave;0;0;0;0
0;Jurassic Park;Adventure / Isometric;Games:J/JurassicParkJurassicPark.slave;0;0;0;0
0;Jurassic Park (AGA);Adventure / Isometric;Games:J/JurassicParkAGAJurassicParkAGA.slave;0;0;0;0
0;K240 (1MB);Management / Space;Games:K/K2401MBK2401MB.Slave;0;0;0;0
0;K240 (512KB);Management / Space;Games:K/K240512KBK240512KB.slave;0;0;0;0
0;Kaiser (German);Strategy / Historical;Games:K/KaiserDeKaiserDe.Slave;0;0;0;0
0;Kajko I Kokosz;Adventure / Point & Click;Games:K/KajkoIKokoszKajkoIKokosz.slave;0;0;0;0
0;Kajko I Kokosz (Polish);Adventure / Point & Click;Games:K/KajkoIKokoszPlKajkoIKokoszPl.Slave;0;0;0;0
0;Kalas Puffs Expressen (1MB) (Swedish);Platform / Vehicle;Games:K/KalasPuffExpressenSe1MBKalasPuffExpressenSe1MB.slave;0;0;0;0
0;Kalas Puffs Expressen (512KB) (Swedish);Platform / Vehicle;Games:K/KalasPuffExpressenSe512KBKalasPuffExpressenSe512KB.slave;0;0;0;0
0;Kamikaze;Action / Shooter / Vertical;Games:K/KamikazeKamikaze.Slave;0;0;0;0
0;Karate Kid, The - Part 2;Beat 'Em Up;Games:K/KarateKid2KarateKid2.slave;0;0;0;0
0;Karate King & City Defence;Compilation;Games:K/KarateKing&CityDefenceKarateKing&CityDefence.Slave;0;0;0;0
0;Karting Grand Prix;Racing / Car / Top Down;Games:K/KartingGrandPrixKartingGrandPrix.Slave;0;0;0;0
0;Katakis (One Disk);Action / Shooter / Horizontal;Games:K/Katakis1DiskKatakis1Disk.Slave;0;0;0;0
0;Katakis (Two Disk);Action / Shooter / Horizontal;Games:K/Katakis2DiskKatakis2Disk.Slave;0;0;0;0
0;Kathedrale, Die (German);Adventure / Graphic;Games:K/KathedraleDeKathedraleDe.slave;0;0;0;0
0;Keef The Thief - A Boy and His Lockpick (NTSC);Adventure / Graphic;Games:K/KeefTheThiefNTSCKeefTheThiefNTSC.Slave;0;0;0;0
0;Kelly X;Action / Shooter / 3D;Games:K/KellyXKellyX.slave;0;0;0;0
0;Kennedy Approach;Management / Transport;Games:K/KennedyApproachKennedyApproach.slave;0;0;0;0
0;Keys To Maramon, The;RPG / Open World;Games:K/KeysToMaramonKeysToMaramon.Slave;0;0;0;0
0;KGB;Adventure / Graphic;Games:K/KGBKGB.Slave;0;0;0;0
0;KGB (French);Adventure / Graphic;Games:K/KGBFrKGBFr.Slave;0;0;0;0
0;KGB (German);Adventure / Graphic;Games:K/KGBDeKGBDe.Slave;0;0;0;0
0;Khalaan;Strategy / Historical;Games:K/KhalaanKhalaan.Slave;0;0;0;0
0;Khalaan (French);Strategy / Historical;Games:K/KhalaanFrKhalaanFr.Slave;0;0;0;0
0;Khalaan (German);Strategy / Historical;Games:K/KhalaanDeKhalaanDe.Slave;0;0;0;0
0;Khalaan (NTSC);Strategy / Historical;Games:K/KhalaanNTSCKhalaanNTSC.Slave;0;0;0;0
0;Kick Off;Sport / Football / Soccer;Games:K/KickOffKickOff.Slave;0;0;0;0
0;Kick Off - Extra Time (One Disk);Sport / Football / Soccer;Games:K/KickOff&ExtraTime1DiskKickOff&ExtraTime1Disk.Slave;0;0;0;0
0;Kick Off - Extra Time (Two Disk);Sport / Football / Soccer;Games:K/KickOff&ExtraTime2DiskKickOff&ExtraTime2Disk.Slave;0;0;0;0
0;Kick Off '96;Sport / Football / Soccer;Games:K/KickOff96KickOff96.slave;0;0;0;0
0;Kick Off 2;Sport / Football / Soccer;Games:K/KickOff2KickOff2.Slave;0;0;0;0
0;Kick Off 2 - Competition Version;Sport / Football / Soccer;Games:K/KickOff2CVKickOff2CV.slave;0;0;0;0
0;Kick Off 2 - Return To Europe;Sport / Football / Soccer;Games:K/KickOff2ReturnToEuropeKickOff2ReturnToEurope.slave;0;0;0;0
0;Kick Off 2 - The Final Whistle;Sport / Football / Soccer;Games:K/KickOff2FinalWhistleKickOff2FinalWhistle.slave;0;0;0;0
0;Kick Off 2 - The Final Whistle (Competition Version);Sport / Football / Soccer;Games:K/KickOff2FinalWhistleCVKickOff2FinalWhistleCV.slave;0;0;0;0
0;Kick Off 2 - The Final Whistle (German);Sport / Football / Soccer;Games:K/KickOff2FinalWhistleDeKickOff2FWDe.Slave;0;0;0;0
0;Kick Off 2 (French);Sport / Football / Soccer;Games:K/KickOff2FrKickOff2Fr.slave;0;0;0;0
0;Kick Off 2 (German);Sport / Football / Soccer;Games:K/KickOff2DeKickOff2De.slave;0;0;0;0
0;Kick Off 2 (Italian);Sport / Football / Soccer;Games:K/KickOff2ItKickOff2It.slave;0;0;0;0
0;Kick Off 2 (Spanish);Sport / Football / Soccer;Games:K/KickOff2EsKickOff2Es.slave;0;0;0;0
0;Kick Off 2 & World Cup 90;Sport / Football / Soccer;Games:K/KickOff2PlusWC90KickOff2PlusWC90.slave;0;0;0;0
0;Kick Off 2 & World Cup 90 (French);Sport / Football / Soccer;Games:K/KickOff2PlusWC90FrKickOff2PlusWC90Fr.slave;0;0;0;0
0;Kick Off 2 & World Cup 90 (German);Sport / Football / Soccer;Games:K/KickOff2PlusWC90DeKickOff2PlusWC90De.slave;0;0;0;0
0;Kick Off 2 & World Cup 90 (Italian);Sport / Football / Soccer;Games:K/KickOff2PlusWC90ItKickOff2PlusWC90It.slave;0;0;0;0
0;Kick Off 3;Sport / Football / Soccer;Games:K/KickOff3KickOff3.Slave;0;0;0;0
0;Kick Off 3 - European Challenge;Sport / Football / Soccer;Games:K/KickOff3EuroChallengeKickOff3EuroChallenge.Slave;0;0;0;0
0;Kick Off 3 - European Challenge (AGA);Sport / Football / Soccer;Games:K/KickOff3EuroChallengeAGAKickOff3EuroChallengeAGA.Slave;0;0;0;0
0;Kick Off 3 (AGA);Sport / Football / Soccer;Games:K/KickOff3AGAKickOff3AGA.Slave;0;0;0;0
0;Kid Chaos;Platform / Action;Games:K/KidChaosKidChaos.slave;0;0;0;0
0;Kid Chaos (CD32);Platform / Action;Games:K/KidChaosCD32KidChaosCD32.slave;0;0;0;0
0;Kid Gloves;Platform / Action;Games:K/KidGlovesKidGloves.Slave;0;0;0;0
0;Kid Gloves 2 - The Journey Back;Platform / Action;Games:K/KidGloves2KidGloves2.Slave;0;0;0;0
0;Kikstart 2;Racing / Bike / Side View;Games:K/Kikstart2Kikstart2.Slave;0;0;0;0
0;Kikugi;Puzzle / 2D;Games:K/KikugiKikugi.Slave;0;0;0;0
0;Killerball;Sport / Futuristic;Games:K/KillerballKillerball.Slave;0;0;0;0
0;Killing Cloud, The;Adventure / 3D;Games:K/KillingCloudKillingCloud.Slave;0;0;0;0
0;Killing Cloud, The (NTSC);Adventure / 3D;Games:K/KillingCloudNTSCKillingCloudNTSC.Slave;0;0;0;0
0;Killing Game Show, The;Action / Shooter / 2D;Games:K/KillingGameShowKillingGameShow.Slave;0;0;0;0
0;Killing Machine;Action / Shooter / Vertical;Games:K/KillingMachineKillingMachine.Slave;0;0;0;0
0;Kinderama - Five Early Learning Games;Educational;Games:K/KinderamaKinderama.Slave;0;0;0;0
0;King Of Chicago, The;Adventure / Action;Games:K/KingOfChicagoKingOfChicago.Slave;0;0;0;0
0;King Pin - Arcade Sports Series Bowling;Sport / Bowling;Games:K/KingpinKingpin.Slave;0;0;0;0
0;King Pin - Arcade Sports Series Bowling (1MB);Sport / Bowling;Games:K/Kingpin1MbKingpin1Mb.Slave;0;0;0;0
0;King Pin - Arcade Sports Series Bowling (CD32);Sport / Bowling;Games:K/KingpinCD32KingpinCD32.Slave;0;0;0;0
0;King Pin - Arcade Sports Series Bowling (Game Demo);Sport / Bowling;Games:K/KingpinDemoKingpinDemo.Slave;0;0;0;0
0;King's Bounty;Strategy / Historical;Games:K/KingsBountyKingsBounty.slave;0;0;0;0
0;King's Bounty (NTSC);Strategy / Historical;Games:K/KingsBountyNTSCKingsBountyNTSC.Slave;0;0;0;0
0;King's Quest 1 - Quest For The Crown;Adventure / Point & Click;Games:K/KingsQuestKingsQuest.Slave;0;0;0;0
0;King's Quest 1 - Quest For The Crown (Enhanced);Adventure / Graphic;Games:K/KingsQuestEnhancedKingsQuestEnhanced.slave;0;0;0;0
0;King's Quest 2 - Romancing the Throne;Adventure / Point & Click;Games:K/KingsQuest2KingsQuest2.Slave;0;0;0;0
0;King's Quest 3 - To Heir is Human;Adventure / Point & Click;Games:K/KingsQuest3KingsQuest3.Slave;0;0;0;0
0;King's Quest 4 - The Perils of Rosella;Adventure / Point & Click;Games:K/KingsQuest4KingsQuest4.Slave;0;0;0;0
0;King's Quest 5 - Absence Makes the Heart Go Yonder!;Adventure / Point & Click;Games:K/KingsQuest5KingsQuest5.slave;0;0;0;0
0;King's Quest 5 - Absence Makes the Heart Go Yonder! (Germ;Adventure / Point & Click;Games:K/KingsQuest5DeKingsQuest5De.slave;0;0;0;0
0;King's Quest 5 - Absence Makes the Heart Go Yonder! (Ital;Adventure / Point & Click;Games:K/KingsQuest5ItKingsQuest5It.slave;0;0;0;0
0;King's Quest 5 - Absence Makes the Heart Go Yonder! (MT32;Adventure / Point & Click;Games:K/KingsQuest5DeMT32KingsQuest5DeMT32.slave;0;0;0;0
0;King's Quest 5 - Absence Makes the Heart Go Yonder! (MT32;Adventure / Point & Click;Games:K/KingsQuest5ItMT32KingsQuest5ItMT32.slave;0;0;0;0
0;King's Quest 5 - Absence Makes the Heart Go Yonder! (MT32;Adventure / Point & Click;Games:K/KingsQuest5MT32KingsQuest5MT32.slave;0;0;0;0
0;King's Quest 6 - Heir Today, Gone Tomorrow;Adventure / Point & Click;Games:K/KingsQuest6KingsQuest6.slave;0;0;0;0
0;King's Quest 6 - Heir Today, Gone Tomorrow (French);Adventure / Point & Click;Games:K/KingsQuest6FrKingsQuest6Fr.slave;0;0;0;0
0;King's Quest 6 - Heir Today, Gone Tomorrow (German);Adventure / Point & Click;Games:K/KingsQuest6DeKingsQuest6De.slave;0;0;0;0
0;Kingmaker - The Quest For The Crown;Strategy / Historical;Games:K/KingmakerKingMaker.slave;0;0;0;0
0;Kiro's Quest;Puzzle / Isometric;Games:K/KirosQuestKirosQuest.slave;0;0;0;0
0;Klax;Puzzle / 3D;Games:K/KlaxKlax.Slave;0;0;0;0
0;Knight Force;Action / Fighter 2D;Games:K/KnightForceKnightForce.slave;0;0;0;0
0;Knight Orc;Adventure / Text;Games:K/KnightOrcKnightOrc.Slave;0;0;0;0
0;Knightmare;Unknown;Games:K/KnightmareKnightmare.slave;0;0;0;0
0;Knights of the Crystallion;Adventure / Action;Games:K/KnightsOfTheCrystallionKnightsOfTheCrystallion.slave;0;0;0;0
0;Knights of the Crystallion (German);Adventure / Action;Games:K/KnightsOfTheCrystallionDeKnightsOfCrystallionDe.Slave;0;0;0;0
0;Knights Of The Sky;Simulator / Plane / WW1;Games:K/KnightsOfTheSkyKnightsOfTheSky.Slave;0;0;0;0
0;Kristal, The;Adventure / Point & Click;Games:K/KristalKristal.slave;0;0;0;0
0;Kristal, The (German);Adventure / Point & Click;Games:K/KristalDeKristalDe.slave;0;0;0;0
0;Kristal, The (NTSC);Adventure / Point & Click;Games:K/KristalNTSCKristalNTSC.slave;0;0;0;0
0;Krusty's Super Fun House;Platform / Action;Games:K/KrustysSuperFunHouseKrustysSuperFunHouse.Slave;0;0;0;0
0;Krypton Egg;Bat & Ball / 2D;Games:K/KryptonEggKryptonEgg.Slave;0;0;0;0
0;Kult - The Temple Of Flying Saucers;Adventure / Point & Click;Games:K/KultKult.slave;0;0;0;0
0;Kwasimodo;Platform / Action;Games:K/KwasimodoKwasimodo.Slave;0;0;0;0
0;Kwik Snax;Platform / Puzzle;Games:K/KwikSnaxKwikSnax.slave;0;0;0;0
0;L'Amazone Queen (French);Adventure / Point & Click;Games:L/LAmazoneQueenFrLAmazoneQueenFr.Slave;0;0;0;0
0;Labyrinth - Det Nye COMputer (Danish);Maze / 2D;Games:L/LabyrinthDetNyeCOMputerDkLabyrinthDetNyeCOMputerDk.slave;0;0;0;0
0;Labyrinthe aux Mille Calculs, Le (French);Educational;Games:L/LabyrintheMilleCalculsFrLabyrintheMilleCalculsFr.Slave;0;0;0;0
0;Labyrinthe d'Anglomania 1, Le (French);Educational;Games:L/LabyrintheDAnglomania1FrLabyrintheDAnglomania1Fr.Slave;0;0;0;0
0;Labyrinthe d'Anglomania 2, Le (French);Educational;Games:L/LabyrintheDAnglomania2FrLabyrintheDAnglomania2Fr.Slave;0;0;0;0
0;Labyrinthe d'Errare, Le (French);Educational;Games:L/LabyrintheDErrareFrLabyrintheDErrareFr.Slave;0;0;0;0
0;Labyrinthe d'Orthophus, Le (French);Educational;Games:L/LabyrintheDOrthophusFrLabyrintheDOrthophusFr.Slave;0;0;0;0
0;Labyrinthe de la Reine des Ombres, Le (French);Educational;Games:L/LabyrintheReineOmbresFrLabyrintheReineOmbresFr.Slave;0;0;0;0
0;Labyrinthe de Lexicos, Le (French);Educational;Games:L/LabyrintheDeLexicosFrLabyrintheDeLexicosFr.Slave;0;0;0;0
0;Lamborghini American Challenge;Racing / Car / Chase View;Games:L/LamborghiniAmericanChllngLamborghiniAmericanChllng.slave;0;0;0;0
0;Lancelot;Adventure / Text;Games:L/LancelotLancelot.Slave;0;0;0;0
0;Landsitz von Mortville, Der (German);Adventure / Point & Click;Games:L/LandsitzVonMortvilleDeLandsitzVonMortVilleDe.Slave;0;0;0;0
0;Laser Squad;Strategy / Battle / 2D;Games:L/LaserSquadLaserSquad.slave;0;0;0;0
0;Laser Squad (Italian);Strategy / Battle / 2D;Games:L/LaserSquadItLaserSquadIt.slave;0;0;0;0
0;Laser Squad (NTSC);Strategy / Battle / 2D;Games:L/LaserSquadNTSCLaserSquadNTSC.slave;0;0;0;0
0;Last Action Hero;Action / Fighter 2.5D;Games:L/LastActionHeroLastActionHero.Slave;0;0;0;0
0;Last Battle;Action / Fighter 2D;Games:L/LastBattleLastBattle.Slave;0;0;0;0
0;Last Duel - Inter Planet War 2012;Action / Shooter / Vertical;Games:L/LastDuelLastDuel.slave;0;0;0;0
0;Last Ninja 2 - Back With A Vengeance;Adventure / Isometric;Games:L/LastNinja2LastNinja2.slave;0;0;0;0
0;Last Ninja 3;Adventure / Isometric;Games:L/LastNinja3LastNinja3.Slave;0;0;0;0
0;Last Ninja 3 (CD32);Adventure / Isometric;Games:L/LastNinja3CD32LastNinja3CD32.Slave;0;0;0;0
0;Last Soldier (Polish);Platform / Action;Games:L/LastSoldierPlLastSoldierPl.slave;0;0;0;0
0;Leader Board - Pro Golf Simulator;Sport / Golf;Games:L/LeaderBoardLeaderboard.slave;0;0;0;0
0;Leader Board - Pro Golf Simulator Tournament Disk;Sport / Golf;Games:L/LeaderBoardTD1LeaderboardTD1.slave;0;0;0;0
0;Leader Board Golf (Arcadia);Sport / Golf;Games:L/LeaderBoardArcadiaLeaderBoardArcadia.Slave;0;0;0;0
0;Leading Lap - Moving Point Of View;Racing / Car / Driver View;Games:L/LeadingLapMPVLeadingLapMPV.Slave;0;0;0;0
0;Leading Lap - Moving Point Of View (AGA);Racing / Car / Driver View;Games:L/LeadingLapMPVAGALeadingLapMPVAGA.slave;0;0;0;0
0;Leading Lap SE (CU Amiga) (Coverdisk);Racing / Car / Driver View;Games:L/LeadingLapMPVCUAmigaLeadingLapMPVCUAmiga.Slave;0;0;0;0
0;Leading Lap SE (CU Amiga) (Coverdisk) (AGA);Racing / Car / Driver View;Games:L/LeadingLapMPVAGACUAmigaLeadingLapMPVAGACUAmiga.slave;0;0;0;0
0;Leander;Platform / Action;Games:L/LeanderLeander.slave;0;0;0;0
0;Leander (NTSC);Platform / Action;Games:L/LeanderNTSCLeanderNTSC.slave;0;0;0;0
0;Leatherneck;Action / Shooter / Vertical;Games:L/LeatherneckLeatherneck.Slave;0;0;0;0
0;Leavin' Teramis;Action / Shooter / Multi Way;Games:L/LeavinTeramisLeavinTeramis.Slave;0;0;0;0
0;LED Storm - Laser Enhanced Destruction;Action / Shooter / Vehicle;Games:L/LEDStormLEDStorm.slave;0;0;0;0
0;Legacy;Platform / Action;Games:L/LegacyLegacy.Slave;0;0;0;0
0;Legacy (No Intro);Platform / Action;Games:L/LegacyNoIntroLegacyNoIntro.slave;0;0;0;0
0;Legend (Mindscape);RPG / Open World;Games:L/LegendMindscapeLegendMindscape.Slave;0;0;0;0
0;Legend (Mindscape);RPG / Open World;Games:L/LegendMindscapegetlegendsavedisk.slave;0;0;0;0
0;Legend Of Djel;Adventure / Graphic;Games:L/LegendOfDjelLegendOfDjel.Slave;0;0;0;0
0;Legend Of Djel (German);Adventure / Graphic;Games:L/LegendOfDjelDeLegendOfDjelDe.Slave;0;0;0;0
0;Legend Of Faerghail;RPG / Dungeon Crawler;Games:L/LegendOfFaerghailLegendOfFaerghail.slave;0;0;0;0
0;Legend Of Faerghail (German);RPG / Dungeon Crawler;Games:L/LegendOfFaerghailDeLegendOfFaerghailDe.slave;0;0;0;0
0;Legend Of Faerghail (NTSC);RPG / Dungeon Crawler;Games:L/LegendOfFaerghailNTSCLegendOfFaerghailNTSC.slave;0;0;0;0
0;Legend Of Kyrandia, The;Adventure / Point & Click;Games:L/LegendOfKyrandiaLegendOfKyrandia.Slave;0;0;0;0
0;Legend Of Kyrandia, The (French);Adventure / Point & Click;Games:L/LegendOfKyrandiaFrLegendOfKyrandiaFr.Slave;0;0;0;0
0;Legend Of Kyrandia, The (German);Adventure / Point & Click;Games:L/LegendOfKyrandiaDeLegendOfKyrandiaDe.Slave;0;0;0;0
0;Legend Of Kyrandia, The (Italian);Adventure / Point & Click;Games:L/LegendOfKyrandiaItLegendOfKyrandiaIt.Slave;0;0;0;0
0;Legend Of Ragnarok, The;Tabletop / Board Game;Games:L/LegendOfRagnarokLegendOfRagnarok.slave;0;0;0;0
0;Legend Of The Lost;Action / Multi Level;Games:L/LegendOfTheLostLegendOfTheLost.slave;0;0;0;0
0;Legend Of The Sword;Adventure / Text;Games:L/LegendOfTheSwordLegendOfTheSword.slave;0;0;0;0
0;Legends (AGA);RPG / Open World;Games:L/LegendsAGALegendsAGA.Slave;0;0;0;0
0;Legends (CD32);RPG / Open World;Games:L/LegendsCD32LegendsCD32.Slave;0;0;0;0
0;Legends Of Valour - Volume 1 (The Dawning);RPG / Dungeon Crawler;Games:L/LegendsOfValourLegendsOfValour.Slave;0;0;0;0
0;Legends Of Valour - Volume 1 (The Dawning) (French);RPG / Dungeon Crawler;Games:L/LegendsOfValourFrLegendsOfValourFr.Slave;0;0;0;0
0;Legends Of Valour - Volume 1 (The Dawning) (German);RPG / Dungeon Crawler;Games:L/LegendsOfValourDeLegendsOfValourDe.Slave;0;0;0;0
0;Legion (Polish);RPG / Open World;Games:L/LegionPlLegionPl.Slave;0;0;0;0
0;Leisure Suit Larry 1 - In The Land Of The Lounge Lizards;Adventure / Point & Click;Games:L/LeisureSuitLarryLeisureSuitLarry.slave;0;0;0;0
0;Leisure Suit Larry 1 - In The Land Of The Lounge Lizards;Adventure / Point & Click;Games:L/LeisureSuitLarryEnhndMT32LeisureSuitLarryEnhndMT32.slave;0;0;0;0
0;Leisure Suit Larry 1 - In The Land Of The Lounge Lizards;Adventure / Point & Click;Games:L/LeisureSuitLarryEnhancedLeisureSuitLarryEnhanced.slave;0;0;0;0
0;Leisure Suit Larry 2 - Goes Looking For Love (In Several;Adventure / Point & Click;Games:L/LeisureSuitLarry2LeisureSuitLarry2.Slave;0;0;0;0
0;Leisure Suit Larry 3 - Passionate Patti In Pursuit Of The;Adventure / Point & Click;Games:L/LeisureSuitLarry3LeisureSuitLarry3.Slave;0;0;0;0
0;Leisure Suit Larry 3 - Passionate Patti In Pursuit Of The;Adventure / Point & Click;Games:L/LeisureSuitLarry3DeLeisureSuitLarry3De.Slave;0;0;0;0
0;Leisure Suit Larry 5 - Passionate Patti Does A Little Und;Adventure / Point & Click;Games:L/LeisureSuitLarry5LeisureSuitLarry5.Slave;0;0;0;0
0;Leisure Suit Larry 5 - Passionate Patti Does A Little Und;Adventure / Point & Click;Games:L/LeisureSuitLarry5DeMT32LeisureSuitLarry5DeMT32.Slave;0;0;0;0
0;Leisure Suit Larry 5 - Passionate Patti Does A Little Und;Adventure / Point & Click;Games:L/LeisureSuitLarry5MT32LeisureSuitLarry5MT32.Slave;0;0;0;0
0;Leisure Suit Larry 5 - Passionate Patti Does A Little Und;Adventure / Point & Click;Games:L/LeisureSuitLarry5DeLeisureSuitLarry5De.Slave;0;0;0;0
0;Lemmings (Alt) (Files);Platform / Puzzle;Games:L/LemmingsAltFilesLemmingsAltFiles.Slave;0;0;0;0
0;Lemmings (Alt) (Image);Platform / Puzzle;Games:L/LemmingsAltImageLemmingsAltImage.Slave;0;0;0;0
0;Lemmings (CDTV);Platform / Puzzle;Games:L/LemmingsCDTVLemmingsCDTV.Slave;0;0;0;0
0;Lemmings (Files);Platform / Puzzle;Games:L/LemmingsFilesLemmingsFiles.Slave;0;0;0;0
0;Lemmings (Files) (NTSC);Platform / Puzzle;Games:L/LemmingsFilesNTSCLemmingsFilesNTSC.Slave;0;0;0;0
0;Lemmings (Game Demo);Platform / Puzzle;Games:L/LemmingsDemoLemmingsDemo.Slave;0;0;0;0
0;Lemmings (Holiday 1993);Platform / Puzzle;Games:L/LemmingsHoliday1993LemmingsHoliday1993.Slave;0;0;0;0
0;Lemmings (Holiday 1994);Platform / Puzzle;Games:L/LemmingsHoliday1994LemmingsHoliday1994.Slave;0;0;0;0
0;Lemmings (Holiday 1994) (Game Demo);Platform / Puzzle;Games:L/LemmingsHolidayDemoLemmingsHolidayDemo.Slave;0;0;0;0
0;Lemmings (Image);Platform / Puzzle;Games:L/LemmingsImageLemmingsImage.Slave;0;0;0;0
0;Lemmings (Image) (NTSC);Platform / Puzzle;Games:L/LemmingsImageNTSCLemmingsImageNTSC.Slave;0;0;0;0
0;Lemmings 2 - The Tribes (1MB);Platform / Puzzle;Games:L/Lemmings21MBLemmings21MB.slave;0;0;0;0
0;Lemmings 2 - The Tribes (512KB);Platform / Puzzle;Games:L/Lemmings2512KBLemmings2512KB.slave;0;0;0;0
0;Lemmings 2 - The Tribes (Game Demo);Platform / Puzzle;Games:L/Lemmings2DemoLemmings2Demo.Slave;0;0;0;0
0;Lemmings 2 - The Tribes (NTSC) (1MB);Platform / Puzzle;Games:L/Lemmings21MBNTSCLemmings21MBNTSC.slave;0;0;0;0
0;Lemmings 2 - The Tribes (NTSC) (512KB);Platform / Puzzle;Games:L/Lemmings2512KBNTSCLemmings2512KBNTSC.slave;0;0;0;0
0;Leonardo (Amiga DOS);Maze / 2D;Games:L/LeonardoDOSLeonardoDOS.Slave;0;0;0;0
0;Leonardo (High Density);Maze / 2D;Games:L/LeonardoHighDensityLeonardoHighDensity.Slave;0;0;0;0
0;Les Manley in Search for the King;Adventure / Graphic;Games:L/LesManleySearchForTheKingLesManleySearchForTheKing.slave;0;0;0;0
0;Lethal Weapon;Platform / Action;Games:L/LethalWeaponLethalWeapon.Slave;0;0;0;0
0;Lethal Xcess - Wings Of Death II;Action / Shooter / Vertical;Games:L/LethalXcessLethalXcess.slave;0;0;0;0
0;Lethal Zone (Coverdisk);Action / Shooter / Horizontal;Games:L/LethalZoneLethalZone.slave;0;0;0;0
0;Lettrix (German);Reaction / Tetris;Games:L/LettrixDeLettrixDe.Slave;0;0;0;0
0;Leviathan;Action / Shooter / Isometric;Games:L/LeviathanLeviathan.Slave;0;0;0;0
0;Licence To Kill;Action / Shooter / Vertical;Games:L/LicenceToKillLicenceToKill.Slave;0;0;0;0
0;Life & Death;Management / Medical;Games:L/Life&DeathLife&Death.slave;0;0;0;0
0;Light Corridor, The;Bat & Ball / 3D;Games:L/LightCorridorLightCorridor.Slave;0;0;0;0
0;Light Racer (PD) (German);Reaction / Light Cycle;Games:L/LightRacerDeLightRacerDe.Slave;0;0;0;0
0;Limes & Napoleon;Action / Duel / Versus;Games:L/Limes&NapoleonLimes&Napoleon.Slave;0;0;0;0
0;Line of Fire;Action / Shooter / Crosshair;Games:L/LineOfFireLineOfFire.slave;0;0;0;0
0;Links - The Challenge of Golf;Sport / Golf;Games:L/LinksLinks.slave;0;0;0;0
0;Links - The Challenge of Golf (NTSC);Sport / Golf;Games:L/LinksNTSCLinksNTSC.slave;0;0;0;0
0;Links - The Challenge of Golf & Data Disk;Sport / Golf;Games:L/Links&DataDisksLinks&DataDisks.Slave;0;0;0;0
0;Links - The Challenge of Golf & Data Disk (NTSC);Sport / Golf;Games:L/Links&DataDisksNTSCLinks&DataDisksNTSC.Slave;0;0;0;0
0;Lion King, The (AGA);Platform / Action;Games:L/LionKingAGALionKingAGA.Slave;0;0;0;0
0;Lionheart;Platform / Action;Games:L/LionheartLionheart.slave;0;0;0;0
0;Lionheart (Game Demo);Platform / Action;Games:L/LionheartDemoLionheartDemo.Slave;0;0;0;0
0;Lionheart (Game Demo) (1MB);Platform / Action;Games:L/LionheartDemo1MBLionheartDemo1MB.slave;0;0;0;0
0;Liquid Kids (Files);Platform / Action;Games:L/LiquidKidsFilesLiquidKidsFiles.Slave;0;0;0;0
0;Liquid Kids (Image);Platform / Action;Games:L/LiquidKidsImageLiquidKidsImage.Slave;0;0;0;0
0;Little Computer People - House-On-A-Disk;Simulator / Life;Games:L/LittleComputerPeopleLittleComputerPeople.Slave;0;0;0;0
0;Little Computer People - House-On-A-Disk (NTSC);Simulator / Life;Games:L/LittleComputerPeopleNTSCLittleComputerPeopleNTSC.Slave;0;0;0;0
0;Little Puff In Dragonland;Platform / Action;Games:L/LittlePuffInDragonlandLittlePuffInDragonland.slave;0;0;0;0
0;Live and Let Die;Action / Multi Level;Games:L/LiveAndLetDieLiveAndLetDie.Slave;0;0;0;0
0;Liverpool - The Computer Game;Sport / Football / Soccer;Games:L/LiverpoolLiverpool.Slave;0;0;0;0
0;Livingstone 2;Platform / Action;Games:L/Livingstone2Livingstone2.Slave;0;0;0;0
0;Llamatron 2112 (1MB);Action / Shooter / 2D;Games:L/Llamatron1MBLlamatron1MB.Slave;0;0;0;0
0;Llamatron 2112 (512KB);Action / Shooter / 2D;Games:L/Llamatron512KBLlamatron512KB.Slave;0;0;0;0
0;Locomotion;Puzzle / 2D;Games:L/LocomotionLocomotion.Slave;0;0;0;0
0;Logical;Puzzle / 2D;Games:L/LogicalLogical.slave;0;0;0;0
0;Logical (CDTV);Puzzle / 2D;Games:L/LogicalCDTVLogicalCDTV.slave;0;0;0;0
0;Logo;Puzzle / 2D;Games:L/LogoLogo.Slave;0;0;0;0
0;Lollypop;Platform / Action;Games:L/LollypopLollypop.Slave;0;0;0;0
0;Lombard RAC Rally (One Disk);Racing / Car / Driver View;Games:L/LombardRACRally1DiskLombardRACRally1Disk.Slave;0;0;0;0
0;Lombard RAC Rally (Two Disk);Racing / Car / Driver View;Games:L/LombardRACRally2DiskLombardRACRally2Disk.Slave;0;0;0;0
0;Loom;Adventure / Point & Click;Games:L/LoomLoom.slave;0;0;0;0
0;Loom (CDTV) (German);Adventure / Point & Click;Games:L/LoomDeCDTVLoomDeCDTV.slave;0;0;0;0
0;Loom (French);Adventure / Point & Click;Games:L/LoomFrLoomFr.slave;0;0;0;0
0;Loom (German);Adventure / Point & Click;Games:L/LoomDeLoomDe.slave;0;0;0;0
0;Loom (Italian);Adventure / Graphic;Games:L/LoomItLoomIt.slave;0;0;0;0
0;Loom (Spanish);Adventure / Point & Click;Games:L/LoomEsLoomEs.slave;0;0;0;0
0;Loopz;Puzzle / 2D;Games:L/LoopzLoopz.Slave;0;0;0;0
0;Lords Of Chaos & Data Disk;Strategy / Battle / 2D;Games:L/LordsOfChaos&DataDiskLordsOfChaos&DataDisk.Slave;0;0;0;0
0;Lords of Doom;RPG / Dungeon Crawler;Games:L/LordsOfDoomLordsOfDoom.Slave;0;0;0;0
0;Lords of Doom (German);RPG / Dungeon Crawler;Games:L/LordsOfDoomDeLordsOfDoomDe.Slave;0;0;0;0
0;Lords Of The Realm;Strategy / Historical;Games:L/LordsOfTheRealmLordsOfTheRealm.Slave;0;0;0;0
0;Lords Of The Realm (AGA);Strategy / Historical;Games:L/LordsOfTheRealmAGALordsOfTheRealmAGA.Slave;0;0;0;0
0;Lords Of The Realm (AGA) (Fast Mem);Strategy / Historical;Games:L/LordsOfTheRealmAGAFastLordsOfTheRealmAGAFast.slave;0;0;0;0
0;Lords Of The Realm (AGA) (Fast Mem) (French);Strategy / Historical;Games:L/LordsOfTheRealmAGAFrFastLordsOfTheRealmAGAFrFast.slave;0;0;0;0
0;Lords Of The Realm (AGA) (Fast Mem) (German);Strategy / Historical;Games:L/LordsOfTheRealmAGADeFastLordsOfTheRealmAGADeFast.Slave;0;0;0;0
0;Lords Of The Realm (AGA) (French);Strategy / Historical;Games:L/LordsOfTheRealmAGAFrLordsOfTheRealmAGAFr.Slave;0;0;0;0
0;Lords Of The Realm (AGA) (German);Strategy / Historical;Games:L/LordsOfTheRealmAGADeLordsOfTheRealmAGADe.Slave;0;0;0;0
0;Lords Of The Rising Sun;Strategy / Action;Games:L/LordsOfTheRisingSunLordsOfTheRisingSun.slave;0;0;0;0
0;Lords Of The Rising Sun (NTSC);Strategy / Action;Games:L/LordsOfTheRisingSunNTSCLordsOfTheRisingSunNTSC.slave;0;0;0;0
0;Lords Of Time;RPG / Open World;Games:L/LordsOfTimeLordsOfTime.Slave;0;0;0;0
0;Lords Of War;Bat & Ball / 2D;Games:L/LordsOfWarlordsOfwar.slave;0;0;0;0
0;Lorna;Action / Fighter 2D;Games:L/LornaLorna.slave;0;0;0;0
0;Lost DutchMan Mine;Adventure / Graphic;Games:L/LostDutchmanMineLostDutchmanMine.Slave;0;0;0;0
0;Lost In Mine (Polish);Platform / Action;Games:L/LostInMinePlLostInMinePl.slave;0;0;0;0
0;Lost Patrol;Strategy / Battle / 2D;Games:L/LostPatrolLostPatrol.Slave;0;0;0;0
0;Lost Patrol (NTSC);Strategy / Battle / 2D;Games:L/LostPatrolNTSCLostPatrolNTSC.Slave;0;0;0;0
0;Lost Vikings, The;Platform / Puzzle;Games:L/LostVikingsLostVikings.Slave;0;0;0;0
0;Lost Vikings, The (CD32);Platform / Puzzle;Games:L/LostVikingsCD32LostVikingsCD32.slave;0;0;0;0
0;Lost Vikings, The (French);Platform / Puzzle;Games:L/LostVikingsFrLostVikingsFr.Slave;0;0;0;0
0;Lost Vikings, The (Game Demo);Platform / Puzzle;Games:L/LostVikingsDemoLostVikingsDemo.Slave;0;0;0;0
0;Lost Vikings, The (Game Demo) (French);Platform / Puzzle;Games:L/LostVikingsDemoFrLostVikingsDemoFr.Slave;0;0;0;0
0;Lost Vikings, The (German);Platform / Puzzle;Games:L/LostVikingsDeLostVikingsDe.Slave;0;0;0;0
0;Lothar Matthaus - Der Interaktive Fussballsimulation;Sport / Football / Soccer;Games:L/LotharMatthausFussballLotharMatthausFussball.slave;0;0;0;0
0;Lothar Matthaus - Super Soccer (German);Sport / Football / Soccer;Games:L/LotharMSuperSoccerDeLotharMSuperSoccerDe.Slave;0;0;0;0
0;Lotus 3 - The Ultimate Challenge;Racing / Car / Chase View;Games:L/Lotus3Lotus3.slave;0;0;0;0
0;Lotus Esprit Turbo Challenge;Racing / Car / Chase View;Games:L/LotusLotus.Slave;0;0;0;0
0;Lotus Esprit Turbo Challenge (CD32);Racing / Car / Chase View;Games:L/LotusCD32LotusCD32.Slave;0;0;0;0
0;Lotus Turbo Challenge 2;Racing / Car / Chase View;Games:L/Lotus2Lotus2.Slave;0;0;0;0
0;Lunar-C (CD32);Action / Shooter / Horizontal;Games:L/LunarCCD32LunarCCD32.slave;0;0;0;0
0;Lupo Alberto;Platform / Action;Games:L/LupoAlbertoLupoAlberto.Slave;0;0;0;0
0;Lure Of The Temptress;Adventure / Point & Click;Games:L/LureOfTheTemptressLureOfTheTemptress.Slave;0;0;0;0
0;Lure Of The Temptress (French);Adventure / Point & Click;Games:L/LureOfTheTemptressFrLureOfTheTemptressFr.slave;0;0;0;0
0;Lure Of The Temptress (German);Adventure / Point & Click;Games:L/LureOfTheTemptressDeLureOfTheTemptressDe.slave;0;0;0;0
0;Lure Of The Temptress (Italian);Adventure / Point & Click;Games:L/LureOfTheTemptressItLureOfTheTemptressIt.slave;0;0;0;0
0;Luxor;Action / Fighter 2D;Games:L/LuxorLuxor.Slave;0;0;0;0
0;M.U.D.S. - Mean Ugly Dirty Sport;Sport / Futuristic;Games:M/MUDSMUDS.slave;0;0;0;0
0;M1 Tank Platoon;Simulator / Tank;Games:M/M1TankPlatoonM1TankPlatoon.Slave;0;0;0;0
0;Mach 3;Action / Shooter / 3D;Games:M/Mach3Mach3.Slave;0;0;0;0
0;Mad Professor Mariarti;Platform / Action;Games:M/MadProfessorMariartiMadProfessorMariarti.slave;0;0;0;0
0;Mad Show;Action / Multi Level;Games:M/MadShowMadShow.Slave;0;0;0;0
0;Mad Show (French);Action / Multi Level;Games:M/MadShowFrMadShowFr.Slave;0;0;0;0
0;Mad TV;Management / Business;Games:M/MadTVMadTV.Slave;0;0;0;0
0;Mad TV (French);Management / Business;Games:M/MadTVFrMadTVFr.Slave;0;0;0;0
0;Mad TV (German);Management / Business;Games:M/MadTVDeMadTVDe.Slave;0;0;0;0
0;Mafdet And The Book Of The Dead;Action / Fighter 2D;Games:M/MafdetAndTheBookOfTheDeadMafdetAndTheBookOfTheDead.slave;0;0;0;0
0;Magic Boy;Platform / Action;Games:M/MagicBoyMagicBoy.slave;0;0;0;0
0;Magic Fly (1MB);Action / Shooter / 3D;Games:M/MagicFly1MBMagicFly1MB.Slave;0;0;0;0
0;Magic Fly (512KB);Action / Shooter / 3D;Games:M/MagicFly512KBMagicFly512KB.Slave;0;0;0;0
0;Magic Johnson's Basketball;Sport / Basketball;Games:M/MagicJohnsonsBasketballMagicJohnsonsBasketball.Slave;0;0;0;0
0;Magic Johnson's Fast Break (Arcadia);Sport / Basketball;Games:M/MagicJohnsonFstBrkArcadiaMagicJohnsonFstBrkArcadia.Slave;0;0;0;0
0;Magic Lines;Puzzle / 2D;Games:M/MagicLinesMagicLines.Slave;0;0;0;0
0;Magic Marble;Puzzle / Isometric;Games:M/MagicMarbleMagicMarble.Slave;0;0;0;0
0;Magic Pockets;Platform / Action;Games:M/MagicPocketsMagicPockets.slave;0;0;0;0
0;Magic Pockets (Game Demo);Platform / Action;Games:M/MagicPocketsDemoMagicPocketsDemo.Slave;0;0;0;0
0;Magic Pockets (NTSC);Platform / Action;Games:M/MagicPocketsNTSCMagicPocketsNTSC.slave;0;0;0;0
0;Magician, The;Platform / Action;Games:M/MagicianMagician.Slave;0;0;0;0
0;Magicland Dizzy;Platform / Puzzle;Games:M/MagiclandDizzyMagiclandDizzy.Slave;0;0;0;0
0;Magnatron;Puzzle / 2D;Games:M/MagnatronMagnatron.Slave;0;0;0;0
0;Major Motion;Action / Shooter / Vehicle;Games:M/MajorMotionMajorMotion.Slave;0;0;0;0
0;Man From The Council, The;Action / Shooter / Multi Way;Games:M/ManFromTheCouncilManFromTheCouncil.Slave;0;0;0;0
0;Manchester United;Sport / Football / Soccer;Games:M/ManchesterUnitedManchesterUnited.Slave;0;0;0;0
0;Manchester United - Premier League Champions;Sport / Football / Soccer;Games:M/ManchesterUnitedPLCManchesterUnitedPLC.slave;0;0;0;0
0;Manchester United - Premier League Champions & Data Disk;Sport / Football / Soccer;Games:M/ManchesterUtdPLC&DataManchesterUtdPLC&Data.slave;0;0;0;0
0;Manchester United - The Double;Sport / Football / Soccer;Games:M/ManchesterUnitedTheDoubleManchesterUnitedTheDouble.slave;0;0;0;0
0;Manchester United Europe (v2.0);Sport / Football / Soccer;Games:M/ManchesterUnitedEurope20ManchesterUnitedEurope20.Slave;0;0;0;0
0;Manchester United Europe (v2.1);Sport / Football / Soccer;Games:M/ManchesterUnitedEurope21ManchesterUnitedEurope21.Slave;0;0;0;0
0;Manchester United Europe (v2.3);Sport / Football / Soccer;Games:M/ManchesterUnitedEurope23ManchesterUnitedEurope23.Slave;0;0;0;0
0;Manhattan Dealers;Action / Fighter 2.5D;Games:M/ManhattanDealersManhattanDealers.Slave;0;0;0;0
0;Manhattan Dealers (French);Action / Fighter 2.5D;Games:M/ManhattanDealersFrManhattanDealersFr.Slave;0;0;0;0
0;Manhunter 1 - New York;Adventure / Point & Click;Games:M/ManhunterManhunter.slave;0;0;0;0
0;Manhunter 2 - San Francisco (NTSC);Adventure / Point & Click;Games:M/Manhunter2NTSCManhunter2NTSC.slave;0;0;0;0
0;Maniac Mansion;Adventure / Point & Click;Games:M/ManiacMansionManiacMansion.slave;0;0;0;0
0;Maniac Mansion (French);Adventure / Point & Click;Games:M/ManiacMansionFrManiacMansionFr.slave;0;0;0;0
0;Maniac Mansion (German);Adventure / Point & Click;Games:M/ManiacMansionDeManiacMansionDe.slave;0;0;0;0
0;Maniac Mansion (Italian);Adventure / Point & Click;Games:M/ManiacMansionItManiacMansionIt.slave;0;0;0;0
0;Maniac Mansion (Spanish);Adventure / Point & Click;Games:M/ManiacMansionEsManiacMansionEs.slave;0;0;0;0
0;Maniax;Reaction / 2D;Games:M/Maniaxmaniax.slave;0;0;0;0
0;Manic Miner;Platform / Action;Games:M/ManicMinerManicMiner.slave;0;0;0;0
0;Manix;Puzzle / Isometric;Games:M/ManixManix.Slave;0;0;0;0
0;Manoir de MortVielle (French);Adventure / Point & Click;Games:M/ManoirDeMortvielleFrManoirDeMortvielleFr.Slave;0;0;0;0
0;Marble Madness;Puzzle / Isometric;Games:M/MarbleMadnessMarbleMadness.slave;0;0;0;0
0;Marblelous;Platform / Puzzle;Games:M/MarblelousMarblelous.Slave;0;0;0;0
0;Maria's Xmas Box;Tabletop / Cards / Adult;Games:M/MariasXmasBoxMariasXmasBox.Slave;0;0;0;0
0;Marvin's Marvellous Adventure (AGA);Platform / Action;Games:M/MarvinsMarvellousAdvAGAMarvinsMarvellousAdvAGA.Slave;0;0;0;0
0;Marvin's Marvellous Adventure (CD32);Platform / Action;Games:M/MarvinsMarvellousAdvCD32MarvinsMarvellousAdvCD32.Slave;0;0;0;0
0;Master Axe - The Genesis Of MysterX;Beat 'Em Up;Games:M/MasterAxeMasterAxe.slave;0;0;0;0
0;Master Blaster;Maze / Bomb;Games:M/MasterBlasterMasterBlaster.Slave;0;0;0;0
0;Masterblazer;Action / Duel / Versus;Games:M/MasterblazerMasterblazer.Slave;0;0;0;0
0;Match of the Day;Management / Sport;Games:M/MatchOfTheDayMatchOfTheDay.Slave;0;0;0;0
0;Math Wizard;Educational;Games:M/MathWizardMathWizard.Slave;0;0;0;0
0;Matrix Marauders;Action / Shooter / 3D;Games:M/MatrixMaraudersMatrixMarauders.slave;0;0;0;0
0;Maupiti Island;Adventure / Graphic;Games:M/MaupitiIslandMaupitiIsland.Slave;0;0;0;0
0;Maupiti Island (French);Adventure / Graphic;Games:M/MaupitiIslandFrMaupitiIslandFr.Slave;0;0;0;0
0;Maupiti Island (German);Adventure / Graphic;Games:M/MaupitiIslandDeMaupitiIslandDe.Slave;0;0;0;0
0;Maupiti Island (Spanish);Adventure / Graphic;Games:M/MaupitiIslandEsMaupitiIslandEs.Slave;0;0;0;0
0;Max Rally;Racing / Car / Top Down;Games:M/MaxRallyMaxRally.slave;0;0;0;0
0;Maya;Adventure / Action;Games:M/MayaMaya.Slave;0;0;0;0
0;Maya (Fast Mem);Adventure / Action;Games:M/MayaFastMayaFast.slave;0;0;0;0
0;Maya (Fast Mem) (Spanish);Adventure / Action;Games:M/MayaFastEsMayaFastEs.Slave;0;0;0;0
0;Maya (Spanish);Adventure / Action;Games:M/MayaEsMayaEs.Slave;0;0;0;0
0;Mayday Squad Heroes;Unknown;Games:M/MaydaySquadHeroesMaydaySquadHeroes.Slave;0;0;0;0
0;McDonald Land;Platform / Action;Games:M/McDonaldLandMcDonaldLand.slave;0;0;0;0
0;McDonald Land V2;Platform / Action;Games:M/McDonaldLandV2McDonaldLandV2.slave;0;0;0;0
0;Mean Arenas;Maze / 2D;Games:M/MeanArenasMeanArenas.slave;0;0;0;0
0;Mean Arenas (CD32);Maze / 2D;Games:M/MeanArenasCD32MeanArenasCD32.slave;0;0;0;0
0;Mean Machine;Action / Shooter / Vehicle;Games:M/MeanMachineMeanMachine.slave;0;0;0;0
0;Mean Streets;Adventure / 3D;Games:M/MeanStreetsMeanStreets.slave;0;0;0;0
0;Mean Streets (French);Adventure / 3D;Games:M/MeanStreetsFrMeanStreetsFr.slave;0;0;0;0
0;Mean Streets (German);Adventure / 3D;Games:M/MeanStreetsDeMeanStreetsDe.slave;0;0;0;0
0;Mega Motion;Puzzle / 2D;Games:M/MegaMotionMegaMotion.slave;0;0;0;0
0;Mega Phoenix;Action / Shooter / 2D;Games:M/MegaPhoenixMegaPhoenix.Slave;0;0;0;0
0;Mega Twins;Platform / Action;Games:M/MegaTwinsMegaTwins.slave;0;0;0;0
0;Mega-lo-Mania;Strategy / World Sim;Games:M/MegaLoManiaMegaLoMania.Slave;0;0;0;0
0;Mega-lo-Mania (French);Strategy / World Sim;Games:M/MegaLoManiaFrMegaLoManiaFr.Slave;0;0;0;0
0;Mega-lo-Mania (German);Strategy / World Sim;Games:M/MegaLoManiaDeMegaLoManiaDe.Slave;0;0;0;0
0;Mega-Typhoon;Action / Shooter / Vertical;Games:M/MegaTyphoonMegaTyphoon.slave;0;0;0;0
0;MegaBall 4;Bat & Ball / 2D;Games:M/MegaBallMegaBall.slave;0;0;0;0
0;MegaBall 4 (1MB);Bat & Ball / 2D;Games:M/MegaBall1MBMegaball1MB.slave;0;0;0;0
0;MegaBall 4 (AGA);Bat & Ball / 2D;Games:M/MegaBallAGAMegaBallAGA.slave;0;0;0;0
0;Megablast;Maze / Bomb;Games:M/MegaBlastMegaBlast.Slave;0;0;0;0
0;MegaTraveller 1 - The Zhodani Conspiracy;RPG / Open World;Games:M/MegaTraveller1MegaTraveller1.Slave;0;0;0;0
0;Menace;Action / Shooter / Horizontal;Games:M/MenaceMenace.Slave;0;0;0;0
0;Mental Image (Disk 1);Action / Multi Level;Games:M/MentalImage1MentalImage1.Slave;0;0;0;0
0;Mental Image (Disk 2);Action / Multi Level;Games:M/MentalImage2MentalImage2.slave;0;0;0;0
0;Mentor (Polish);Adventure / Point & Click;Games:M/MentorPlMentorPl.Slave;0;0;0;0
0;Mercenary 1 - Compendium Edition;Adventure / 3D;Games:M/MercenaryMercenary.slave;0;0;0;0
0;Mercenary 3 - The Dion Crisis;Adventure / 3D;Games:M/Mercenary3Mercenary3.Slave;0;0;0;0
0;MERCS;Action / Shooter / Vertical;Games:M/MercsMercs.Slave;0;0;0;0
0;Merv The Merciless (Coverdisk);Reaction / 2D;Games:M/MervTheMercilessMervTheMerciless.slave;0;0;0;0
0;Metal Law;Platform / Action;Games:M/MetalLawMetalLaw.slave;0;0;0;0
0;Metal Masters;Beat 'Em Up / Weapon;Games:M/MetalMastersMetalMasters.Slave;0;0;0;0
0;Metal Mutant;Adventure / Action;Games:M/MetalMutantMetalMutant.slave;0;0;0;0
0;Metal Mutant (French);Adventure / Action;Games:M/MetalMutantFrMetalMutantFr.slave;0;0;0;0
0;Metal Mutant (German);Adventure / Action;Games:M/MetalMutantDeMetalMutantDe.slave;0;0;0;0
0;Metal Warrior (PD);Action / Fighter 2D;Games:M/MetalWarriorMetalWarrior.Slave;0;0;0;0
0;Metro-Cross;Reaction / 2D;Games:M/MetroCrossMetroCross.Slave;0;0;0;0
0;MF Tanks (Coverdisk);Action / Shooter / 3D;Games:M/MFTanksMFTanks.Slave;0;0;0;0
0;Miami Chase;Racing / Car / Top Down;Games:M/MiamiChaseMiamiChase.slave;0;0;0;0
0;Mickey Jeu de Memoire (French);Educational;Games:M/MickeyJeuDeMemoireFrMickeyJeuDeMemoireFr.Slave;0;0;0;0
0;Mickey Mouse - The Computer Game;Educational;Games:M/MickeyMouseComputerGameMickeyMouseComputerGame.Slave;0;0;0;0
0;Mickey's 123 - L'anniversaire Surprise (French);Educational;Games:M/Mickey123FrMickey123Fr.Slave;0;0;0;0
0;Mickey's ABC - Une Journ?e ? La F?te (French);Educational;Games:M/MickeyABCFrMickeyABCFr.Slave;0;0;0;0
0;Mickey's ABC's - A Day at the Fair;Educational;Games:M/MickeysABCsMickeysABCs.Slave;0;0;0;0
0;Mickey's Jigsaw Puzzles;Educational;Games:M/MickeysJigsawPuzzlesMickeysJigsawPuzzles.Slave;0;0;0;0
0;Mickey's Memory Challenge;Educational;Games:M/MickeysMemoryChallengeMickeysMemoryChallenge.Slave;0;0;0;0
0;Mickey's Puzzles Animes (French);Educational;Games:M/MickeyPuzzlesAnimesFrMickeyPuzzlesAnimesFr.Slave;0;0;0;0
0;Micro Machines;Racing / Multi-Vehicle;Games:M/MicroMachinesMicroMachines.slave;0;0;0;0
0;Microbes (Coverdisk);Puzzle / 2D;Games:M/MicrobesMicrobes.Slave;0;0;0;0
0;Microprose Golf;Sport / Golf;Games:M/MicroProseGolfMicroProseGolf.slave;0;0;0;0
0;Microprose Soccer;Sport / Football / Soccer;Games:M/MicroProseSoccerMicroProseSoccer.Slave;0;0;0;0
0;Midnight Resistance;Action / Shooter / 2D;Games:M/MidnightResistanceMidnightResistance.Slave;0;0;0;0
0;Midwinter;Adventure / 3D;Games:M/MidwinterMidwinter.Slave;0;0;0;0
0;Midwinter (French);Adventure / 3D;Games:M/MidwinterFrMidwinterFr.Slave;0;0;0;0
0;Midwinter (German);Adventure / 3D;Games:M/MidwinterDeMidwinterDe.Slave;0;0;0;0
0;Midwinter 2 - Flames of Freedom;Adventure / 3D;Games:M/Midwinter2Midwinter2.Slave;0;0;0;0
0;Midwinter 2 - Flames of Freedom (French);Adventure / 3D;Games:M/Midwinter2FrMidwinter2Fr.Slave;0;0;0;0
0;Midwinter 2 - Flames of Freedom (German);Adventure / 3D;Games:M/Midwinter2DeMidwinter2De.Slave;0;0;0;0
0;MiG-29 Fulcrum;Simulator / Plane / Combat;Games:M/MiG29FulcrumMiG29Fulcrum.Slave;0;0;0;0
0;MiG-29 Soviet Fighter;Action / Shooter / 3D;Games:M/MiG29SovietFighterMiG29SovietFighter.Slave;0;0;0;0
0;MiG-29M Super Fulcrum;Simulator / Plane / Combat;Games:M/MiG29MSuperFulcrumMiG29MSuperFulcrum.Slave;0;0;0;0
0;Might & Magic 2 - Gates to Another World.;RPG / Dungeon Crawler;Games:M/Might&Magic2Might&Magic2.Slave;0;0;0;0
0;Might & Magic 3 - Die Inseln Von Terra (German);RPG / Dungeon Crawler;Games:M/Might&Magic3DeMight&Magic3De.Slave;0;0;0;0
0;Might & Magic 3 - Isles Of Terra;RPG / Dungeon Crawler;Games:M/Might&Magic3Might&Magic3.Slave;0;0;0;0
0;Mighty Bombjack;Platform / Action;Games:M/MightyBombJackMightyBombjack.Slave;0;0;0;0
0;Mike Read's Computer Pop Quiz;Quiz;Games:M/MikeReadsComputerPopQuizMikeReadsComputerPopQuiz.Slave;0;0;0;0
0;Mikro Mortal Tennis;Sport / Tennis;Games:M/MikroMortalTennisMikroMortalTennis.Slave;0;0;0;0
0;Millennium - Return To Earth (NTSC);Management / Space;Games:M/MilleniumNTSCMilleniumNTSC.Slave;0;0;0;0
0;Millennium 2.2;Management / Space;Games:M/Millennium22Millennium22.Slave;0;0;0;0
0;Mind Walker (NTSC);Puzzle / 3D;Games:M/MindWalkerNTSCMindWalkerNTSC.slave;0;0;0;0
0;Mindbender;Puzzle / 2D;Games:M/MindbenderMindbender.Slave;0;0;0;0
0;Mindfighter;Adventure / Text;Games:M/MindfighterMindfighter.Slave;0;0;0;0
0;Mindroll;Maze / 2D;Games:M/MindrollMindroll.Slave;0;0;0;0
0;Mindshadow;Adventure / Graphic;Games:M/MindshadowMindshadow.Slave;0;0;0;0
0;Mini Golf;Sport / Miniature Golf;Games:M/MiniGolfMiniGolf.Slave;0;0;0;0
0;Mini Golf Plus;Sport / Miniature Golf;Games:M/MiniGolfPlusMiniGolfPlus.slave;0;0;0;0
0;Minos;Puzzle / 2D;Games:M/MinosMinos.Slave;0;0;0;0
0;Minskies - The Abduction;Reaction / 2D;Games:M/MinskiesMinskies.slave;0;0;0;0
0;Minskies - The Abduction (AGA);Reaction / 2D;Games:M/MinskiesAGAMinskiesAGA.slave;0;0;0;0
0;Misja Harolda (Polish);Adventure / Action;Games:M/MisjaHaroldaPlMisjaHaroldaPl.slave;0;0;0;0
0;Missiles Over Xerion;Action / Shooter / 2D;Games:M/MissilesOverXerionMissilesOverXerion.slave;0;0;0;0
0;Mission Elevator;Platform / Action;Games:M/MissionElevatorMissionElevator.slave;0;0;0;0
0;Mixed-Up Mother Goose (Enhanced);Educational;Games:M/MixedUpMotherGooseMixedUpMotherGoose.Slave;0;0;0;0
0;Moebius - The Orb Of Celestial Harmony (NTSC);RPG / Open World;Games:M/MoebiusNTSCMoebiusNTSC.Slave;0;0;0;0
0;Monkey Island 2 - Le Chuck's Revenge (Spanish);Adventure / Point & Click;Games:M/MonkeyIsland2EsMonkeyIsland2Es.slave;0;0;0;0
0;Monster Business;Platform / Action;Games:M/MonsterBusinessMonsterBusiness.slave;0;0;0;0
0;Monty Pythons Flying Circus;Platform / Action;Games:M/MontyPythonsFlyCirMontyPythonsFlyCir.Slave;0;0;0;0
0;Monty Pythons Flying Circus (NTSC);Platform / Action;Games:M/MontyPythonsFlyCirNTSCMontyPythonsFlyCirNTSC.Slave;0;0;0;0
0;Moochies, The;Puzzle / 2D;Games:M/MoochiesMoochies.Slave;0;0;0;0
0;Moon Blaster (French);Action / Shooter / 3D;Games:M/MoonBlasterFrMoonBlasterFr.Slave;0;0;0;0
0;Moonfall;Strategy / Space;Games:M/MoonfallMoonfall.slave;0;0;0;0
0;Moonshine Racers;Racing / Car / Chase View;Games:M/MoonShineRacersMoonShineRacers.Slave;0;0;0;0
0;Moonstone - A Hard Days Knight;Adventure / Action;Games:M/MoonstoneMoonstone.Slave;0;0;0;0
0;Moonwalker;Action / Multi Level;Games:M/MoonwalkerMoonwalker.Slave;0;0;0;0
0;Morph;Platform / Puzzle;Games:M/MorphMorph.Slave;0;0;0;0
0;Morph (AGA);Platform / Puzzle;Games:M/MorphAGAMorphAGA.Slave;0;0;0;0
0;Morph (CD32);Platform / Puzzle;Games:M/MorphCD32MorphCD32.Slave;0;0;0;0
0;Mortal Kombat;Beat 'Em Up;Games:M/MortalKombatMortalKombat.Slave;0;0;0;0
0;Mortal Kombat (Censored);Beat 'Em Up;Games:M/MortalKombatCensoredMortalKombatCensored.Slave;0;0;0;0
0;Mortal Kombat 2 (1MB);Beat 'Em Up;Games:M/MortalKombat21MBMortalKombat21MB.slave;0;0;0;0
0;Mortal Kombat 22 MB;Unknown;Games:M/MortalKombat22MBMortalKombat22MB.slave;0;0;0;0
0;Morton Strikes Back;Platform / Action;Games:M/MortonStrikesBackMortonStrikesBack.Slave;0;0;0;0
0;Morton Strikes Back (AGA);Platform / Action;Games:M/MortonStrikesBackAGAMortonStrikesBackAGA.Slave;0;0;0;0
0;Mortville Manor;Adventure / Graphic;Games:M/MortvilleManorMortvilleManor.Slave;0;0;0;0
0;Mot;Action / Multi Level;Games:M/MotMot.slave;0;0;0;0
0;Motor Massacre;Action / Shooter / Vehicle;Games:M/MotorMassacreMotorMassacre.Slave;0;0;0;0
0;Motorbike Madness;Racing / Bike / Isometric;Games:M/MotorbikeMadnessMotorbikeMadness.Slave;0;0;0;0
0;Motorhead;Action / Fighter 2.5D;Games:M/MotorheadMotorhead.Slave;0;0;0;0
0;MouseQuest (NTSC);Platform / Puzzle;Games:M/MouseQuestNTSCMouseQuestNTSC.Slave;0;0;0;0
0;Mousetrap;Platform / Puzzle;Games:M/MousetrapMousetrap.Slave;0;0;0;0
0;Mr Do! Run Run (Files);Reaction / 2D;Games:M/MrDoRunRunFilesMrDoRunRunFiles.Slave;0;0;0;0
0;Mr Do! Run Run (Image);Reaction / 2D;Games:M/MrDoRunRunImageMrDoRunRunImage.Slave;0;0;0;0
0;Mr. Blobby;Platform / Puzzle;Games:M/MrBlobbyMrBlobby.slave;0;0;0;0
0;Mr. HELI;Action / Shooter / Horizontal;Games:M/MrHeliMrHeli.slave;0;0;0;0
0;Mr. Nutz - Hoppin' Mad;Platform / Action;Games:M/MrNutzMrNutz.Slave;0;0;0;0
0;Multi Player Soccer Manager;Management / Sport;Games:M/MultiPlayerSoccerManagerMultiPlayerSoccerManager.Slave;0;0;0;0
0;Munsters, The;Adventure / Action;Games:M/MunstersMunsters.slave;0;0;0;0
0;Murder;Adventure / Isometric;Games:M/MurderMurder.Slave;0;0;0;0
0;Murders In Space (Files);Adventure / Graphic;Games:M/MurdersInSpaceFilesMurdersInSpaceFiles.slave;0;0;0;0
0;Murders In Space (Image);Adventure / Graphic;Games:M/MurdersInSpaceImageMurdersInSpaceImage.slave;0;0;0;0
0;Mysterious Worlds (Coverdisk);Platform / Action;Games:M/MysteriousWorldsMysteriousWorlds.Slave;0;0;0;0
0;Mystery Of The Mummy;Adventure / Graphic;Games:M/MysteryOfTheMummyMysteryOfTheMummy.Slave;0;0;0;0
0;Mystical;Action / Shooter / Multi Way;Games:M/MysticalMystical.Slave;0;0;0;0
0;Myth (Magnetic Scrolls);Adventure / Text;Games:M/MythMagneticScrollsMythMagneticScrolls.Slave;0;0;0;0
0;Myth (System 3);Action / Fighter 2D;Games:M/MythSystem3MythSystem3.slave;0;0;0;0
0;Myth (System 3) (CD32);Action / Fighter 2D;Games:M/MythSystem3CD32MythSystem3CD32.slave;0;0;0;0
0;Nam 1965-1975;Strategy / Historical;Games:N/Nam19651975Nam19651975.slave;0;0;0;0
0;NARC;Action / Fighter 2.5D;Games:N/NarcNarc.slave;0;0;0;0
0;Narco Police;Action / Shooter / 3D;Games:N/NarcoPoliceNarcoPolice.Slave;0;0;0;0
0;Nathan Never - The Arcade Game (Italian);Adventure / Action;Games:N/NathanNeverItNathanNeverIt.Slave;0;0;0;0
0;Naughty Ones;Platform / Action;Games:N/NaughtyOnesNaughtyOnes.Slave;0;0;0;0
0;Naughty Ones (AGA);Platform / Action;Games:N/NaughtyOnesAGANaughtyOnesAGA.Slave;0;0;0;0
0;Naughty Ones (CD32);Platform / Action;Games:N/NaughtyOnesCD32NaughtyOnesCD32.Slave;0;0;0;0
0;Navy Moves;Action / Shooter / 2D;Games:N/NavyMovesNavyMoves.Slave;0;0;0;0
0;Navy Seals;Action / Shooter / 2D;Games:N/NavySealsNavySeals.slave;0;0;0;0
0;Nebulus;Platform / Puzzle;Games:N/NebulusNebulus.Slave;0;0;0;0
0;Nebulus 2;Unknown;Games:N/Nebulus2Nebulus2.slave;0;0;0;0
0;Necronom;Action / Shooter / Horizontal;Games:N/NecronomNecronom.Slave;0;0;0;0
0;Neighbours;Racing / Other;Games:N/NeighboursNeighbours.Slave;0;0;0;0
0;Netherworld;Action / Shooter / Multi Way;Games:N/NetherworldNetherworld.slave;0;0;0;0
0;Neuromancer;Adventure / Point & Click;Games:N/NeuromancerNeuromancer.slave;0;0;0;0
0;Neuronics;Puzzle / 2D;Games:N/NeuronicsNeuronics.Slave;0;0;0;0
0;Never Ending Story II, The;Adventure / Action;Games:N/NeverEndingStory2NeverEndingStory2.slave;0;0;0;0
0;Nevermind;Puzzle / Isometric;Games:N/NeverMindNevermind.Slave;0;0;0;0
0;New Year Lemmings 91-92;Platform / Puzzle;Games:L/LemmingsNewYear9192LemmingsNewYear9192.Slave;0;0;0;0
0;New York Warriors (1MB);Action / Shooter / Multi Way;Games:N/NewYorkWarriors1MBNewYorkWarriors1MB.Slave;0;0;0;0
0;New York Warriors 512 KB;Unknown;Games:N/NewYorkWarriors512KBNewYorkWarriors512KB.Slave;0;0;0;0
0;New Zealand Story, The;Platform / Action;Games:N/NewZealandStoryNewZealandStory.slave;0;0;0;0
0;New Zealand Story, The (Game Demo);Platform / Action;Games:N/NewZealandStoryDemoNewZealandStoryDemo.Slave;0;0;0;0
0;Nibby Nibble;Maze / 2D;Games:N/NibbyNibbleNibbyNibble.slave;0;0;0;0
0;Nick Faldo's Championship Golf;Sport / Golf;Games:N/NickFaldosChampGolfNickFaldosChampGolf.Slave;0;0;0;0
0;Nick Faldo's Championship Golf (CD32);Sport / Golf;Games:N/NickFaldosChampGolfCD32NickFaldosChampGolfCD32.Slave;0;0;0;0
0;Nicky 2;Platform / Action;Games:N/Nicky2Nicky2.Slave;0;0;0;0
0;Nicky Boom;Platform / Action;Games:N/NickyBoomNickyBoom.Slave;0;0;0;0
0;Nigel Mansell's Grand Prix;Racing / Car / Chase View;Games:N/NigelMansellsGrandPrixNigelMansellsGrandPrix.Slave;0;0;0;0
0;Nigel Mansell's World Champion;Racing / Car / Driver View;Games:N/NigelMansellsWrldChmpNigelMansellsWrldChmp.slave;0;0;0;0
0;Nigel Mansell's World Champion (AGA);Racing / Car / Driver View;Games:N/NigelMansellsWrldChmpAGANigelMansellsWrldChmpAGA.slave;0;0;0;0
0;Nigel Mansell's World Champion (CD32);Racing / Car / Driver View;Games:N/NigelMansellsWrldChmpCD32NigelMansellsWrldChmpCD32.slave;0;0;0;0
0;Night Breed - The Action Game;Adventure / Action;Games:N/NightbreedActionNightbreedAction.Slave;0;0;0;0
0;Night Breed - The Interactive Movie;Adventure / Graphic;Games:N/NightbreedMovieNightbreedMovie.Slave;0;0;0;0
0;Night Hunter;Platform / Action;Games:N/NightHunterNightHunter.slave;0;0;0;0
0;Night Shift;Platform / Puzzle;Games:N/NightShiftNightShift.slave;0;0;0;0
0;Nightdawn;Action / Shooter / Multi Way;Games:N/NightdawnNightdawn.Slave;0;0;0;0
0;Nightdawn (NTSC);Action / Shooter / Multi Way;Games:N/NightdawnNTSCNightdawnNTSC.Slave;0;0;0;0
0;Nil Dieu Vivant (French);Adventure / Action;Games:N/NilDieuVivantFrNilDieuVivantFr.Slave;0;0;0;0
0;Ninja Mission;Beat 'Em Up;Games:N/NinjaMissionNinjaMission.Slave;0;0;0;0
0;Ninja Mission (Arcadia);Beat 'Em Up;Games:N/NinjaMissionArcadiaNinjaMissionArcadia.Slave;0;0;0;0
0;Ninja Rabbits;Action / Fighter 2D;Games:N/NinjaRabbitsNinjaRabbits.Slave;0;0;0;0
0;Ninja Remix;Adventure / Isometric;Games:N/NinjaRemixNinjaRemix.slave;0;0;0;0
0;Ninja Spirit;Action / Fighter 2D;Games:N/NinjaSpiritNinjaSpirit.Slave;0;0;0;0
0;Ninja Warriors, The;Action / Fighter 2D;Games:N/NinjaWarriorsNinjaWarriors.slave;0;0;0;0
0;Nippon Safes Inc.;Adventure / Point & Click;Games:N/NipponSafesIncNipponSafesInc.Slave;0;0;0;0
0;Nitro;Racing / Car / Top Down;Games:N/NitroNitro.Slave;0;0;0;0
0;Nitro (NTSC);Racing / Car / Top Down;Games:N/NitroNTSCNitroNTSC.Slave;0;0;0;0
0;Nitro Boost Challenge;Racing / Car / Top Down;Games:N/NitroBoostChallengeNitroBoostChallenge.slave;0;0;0;0
0;No Buddies Land;Platform / Action;Games:N/NoBuddiesLandNoBuddiesLand.slave;0;0;0;0
0;No Excuses;Puzzle / Isometric;Games:N/NoExcusesNoExcuses.slave;0;0;0;0
0;No Exit;Beat 'Em Up;Games:N/NoExitNoExit.Slave;0;0;0;0
0;No Second Prize;Racing / Bike / Rider View;Games:N/NoSecondPrizeNoSecondPrize.Slave;0;0;0;0
0;Nobby The Aardvark;Platform / Action;Games:N/NobbyTheAardvarkNobbyTheAardvark.slave;0;0;0;0
0;North & South (Files);Strategy / Historical;Games:N/NorthAndSouthFilesNorthAndSouthFiles.slave;0;0;0;0
0;North & South (Files) (NTSC);Strategy / Historical;Games:N/NorthAndSouthFilesNTSCNorthAndSouthFilesNTSC.slave;0;0;0;0
0;North & South (Image);Strategy / Historical;Games:N/NorthAndSouthImageNorthAndSouthImage.slave;0;0;0;0
0;North & South (Image) (NTSC);Strategy / Historical;Games:N/NorthAndSouthImageNTSCNorthAndSouthImageNTSC.slave;0;0;0;0
0;North Sea Inferno, The;Action / Shooter / 2D;Games:N/NorthSeaInfernoNorthSeaInferno.Slave;0;0;0;0
0;Nova 9;Action / Shooter / 3D;Games:N/Nova9Nova9.Slave;0;0;0;0
0;Nuclear War (NTSC);Strategy / Battle / 2D;Games:N/NuclearWarNTSCNuclearWarNTSC.Slave;0;0;0;0
0;Nucleus;Action / Shooter / Horizontal;Games:N/NucleusNucleus.Slave;0;0;0;0
0;Nuxelia (Game Demo) (AGA);Platform / Action;Games:N/NuxeliaDemoNuxeliaDemo.Slave;0;0;0;0
0;nWho Framed Roger Rabbit;Action / Multi Level;Games:W/WhoFramedRogerRabbitWhoFramedRogerRabbit.slave;0;0;0;0
0;Oath, The;Action / Shooter / Horizontal;Games:O/OathOath.Slave;0;0;0;0
0;Obitus;RPG / Dungeon Crawler;Games:O/ObitusObitus.Slave;0;0;0;0
0;Obliterator;Action / Shooter / 2D;Games:O/ObliteratorObliterator.slave;0;0;0;0
0;Oblivion;Action / Shooter / Horizontal;Games:O/OblivionOblivion.Slave;0;0;0;0
0;Obsession;Pinball;Games:O/ObsessionObsession.Slave;0;0;0;0
0;Odyssey;Platform / Action;Games:O/OdysseyOdyssey.slave;0;0;0;0
0;Off Shore Warrior;Action / Shooter / Vehicle;Games:O/OffShoreWarriorOffShoreWarrior.Slave;0;0;0;0
0;Og! (AGA);Platform / Action;Games:O/OgAGAOgAGA.Slave;0;0;0;0
0;Ogre (NTSC);Strategy / Battle / 2D;Games:O/OgreNTSCOgreNTSC.Slave;0;0;0;0
0;Oh-No! More Lemmings;Platform / Puzzle;Games:O/OhNoMoreLemmingsOhNoMoreLemmings.Slave;0;0;0;0
0;Oh-No! More Lemmings (NTSC);Platform / Puzzle;Games:O/OhNoMoreLemmingsNTSCOhNoMoreLemmingsNTSC.Slave;0;0;0;0
0;Oil Imperium;Management / Business;Games:O/OilImperiumOilImperium.Slave;0;0;0;0
0;Oil Imperium (German);Management / Business;Games:O/OilImperiumDeOilImperiumDe.Slave;0;0;0;0
0;Oktagon (Coverdisk);Puzzle / 2D;Games:O/OktagonOktagon.Slave;0;0;0;0
0;Omega;Strategy / Battle / 2D;Games:O/OmegaOmega.Slave;0;0;0;0
0;Omnicron Conspiracy;Adventure / Point & Click;Games:O/OmnicronConspiracyOmnicronConspiracy.Slave;0;0;0;0
0;Omnicron Conspiracy (French);Adventure / Point & Click;Games:O/OmnicronConspiracyFrOmnicronConspiracyFr.Slave;0;0;0;0
0;Omnicron Conspiracy (German);Adventure / Point & Click;Games:O/OmnicronConspiracyDeOmnicronConspiracyDe.Slave;0;0;0;0
0;On The Ball - League Edition;Management / Sport;Games:O/OnTheBallLEOnTheBallLE.slave;0;0;0;0
0;On The Ball - League Edition (AGA);Management / Sport;Games:O/OnTheBallLEAGAOnTheBallLEAGA.slave;0;0;0;0
0;On The Ball - World Cup Edition;Management / Sport;Games:O/OnTheBallWCEOnTheBallWCE.slave;0;0;0;0
0;On The Ball - World Cup Edition (AGA);Management / Sport;Games:O/OnTheBallWCEAGAOnTheBallWCEAGA.slave;0;0;0;0
0;One On One (NTSC);Sport / Basketball;Games:O/OneOnOneNTSCOneOnOneNTSC.slave;0;0;0;0
0;One Step Beyond;Puzzle / 2D;Games:O/OneStepBeyondOneStepBeyond.slave;0;0;0;0
0;One To One Match Pairs;Puzzle / 2D;Games:O/OneToOneMatchOneToOneMatch.Slave;0;0;0;0
0;Onslaught;Action / Fighter 2D;Games:O/OnslaughtOnslaught.slave;0;0;0;0
0;Ooops Up;Reaction / 2D;Games:O/OoopsUpOoopsUp.Slave;0;0;0;0
0;Ooze - Als Die Geister Murbe Wurden (German);Adventure / Text;Games:O/OozeDeOozeDe.Slave;0;0;0;0
0;Ooze - Creepy Nites;Adventure / Text;Games:O/OozeOoze.Slave;0;0;0;0
0;Operation Cleanstreets;Unknown;Games:O/OperationCleanstreetsOperationCleanstreets.Slave;0;0;0;0
0;Operation Combat II - By Land, Sea & Air;Strategy / Battle / 2D;Games:O/OperationCombat2OperationCombat2.Slave;0;0;0;0
0;Operation Firestorm;Action / Shooter / 2D;Games:O/OperationFirestormOperationFirestorm.slave;0;0;0;0
0;Operation G2 (Game Demo);RPG / Dungeon Crawler;Games:O/OperationG2DemoOperationG2Demo.Slave;0;0;0;0
0;Operation Harrier;Action / Shooter / Multi Way;Games:O/OperationHarrierOperationHarrier.slave;0;0;0;0
0;Operation Jupiter (French);Action / Multi Level;Games:O/OperationJupiterFrOperationJupiterFr.Slave;0;0;0;0
0;Operation Neptune;Action / Multi Level;Games:O/OperationNeptuneOperationNeptune.Slave;0;0;0;0
0;Operation Stealth;Adventure / Point & Click;Games:O/OperationStealthOperationStealth.slave;0;0;0;0
0;Operation Stealth (French);Adventure / Point & Click;Games:O/OperationStealthFrOperationStealthFr.slave;0;0;0;0
0;Operation Stealth (German);Adventure / Point & Click;Games:O/OperationStealthDeOperationStealthDe.slave;0;0;0;0
0;Operation Stealth (Italian);Adventure / Point & Click;Games:O/OperationStealthItOperationStealthIt.slave;0;0;0;0
0;Operation Stealth (Spanish);Adventure / Point & Click;Games:O/OperationStealthEsOperationStealthEs.slave;0;0;0;0
0;Operation Thunderbolt;Action / Shooter / Crosshair;Games:O/OperationThunderboltOperationThunderbolt.slave;0;0;0;0
0;Operation Wolf;Action / Shooter / Crosshair;Games:O/OperationWolfOperationWolf.Slave;0;0;0;0
0;Orbital Destroyer;Action / Shooter / Crosshair;Games:O/OrbitalDestroyerOrbitalDestroyer.Slave;0;0;0;0
0;Oriental Games;Beat 'Em Up;Games:O/OrientalGamesOrientalGames.Slave;0;0;0;0
0;Ork;Action / Shooter / 2D;Games:O/OrkOrk.Slave;0;0;0;0
0;Ork (Game Demo);Action / Shooter / 2D;Games:O/OrkDemoOrkDemo.Slave;0;0;0;0
0;Ork (NTSC);Action / Shooter / 2D;Games:O/OrkNTSCOrkNTSC.Slave;0;0;0;0
0;Ork Attack - The Return;Reaction / 2D;Games:O/OrkAttackTheReturnOrkAttackTheReturn.Slave;0;0;0;0
0;Oscar;Platform / Action;Games:O/OscarOscar.slave;0;0;0;0
0;Oscar (AGA);Platform / Action;Games:O/OscarAGAOscarAGA.Slave;0;0;0;0
0;Oscar (CD32);Platform / Action;Games:O/OscarCD32OscarCD32.Slave;0;0;0;0
0;Oscar CD 32 NTSC;Unknown;Games:O/OscarCD32NTSCOscarCD32NTSC.Slave;0;0;0;0
0;OsWALD of the Ice Floes (Danish);Reaction / 2D;Games:O/OswaldDkOswaldDk.Slave;0;0;0;0
0;OsWALD of the Ice Flows (NTSC);Reaction / 2D;Games:O/OswaldNTSCOswaldNTSC.Slave;0;0;0;0
0;Out Of This World (NTSC);Adventure / Action;Games:O/OutOfThisWorldNTSCOutOfThisWorldNTSC.Slave;0;0;0;0
0;Out Run;Racing / Car / Chase View;Games:O/OutRunOutRun.slave;0;0;0;0
0;Out Run (NTSC);Racing / Car / Chase View;Games:O/OutRunNTSCOutRunNTSC.slave;0;0;0;0
0;Out Run Europa;Racing / Multi-Vehicle;Games:O/OutRunEuropaOutrunEuropa.slave;0;0;0;0
0;Outlands;Action / Shooter / Vertical;Games:O/OutlandsOutlands.slave;0;0;0;0
0;Outlands & Dizzy Dice;Compilation;Games:O/Outlands&DizzyDiceOutlands&DizzyDice.slave;0;0;0;0
0;Outzone;Action / Shooter / Horizontal;Games:O/OutzoneOutzone.Slave;0;0;0;0
0;Over The Net (NTSC);Sport / Volleyball;Games:O/OverTheNetNTSCOverTheNetNTSC.Slave;0;0;0;0
0;Overdrive (Infacto);Action / Shooter / Vertical;Games:O/OverdriveInfactoOverdriveInfacto.Slave;0;0;0;0
0;Overdrive (Team 17);Racing / Car / Top Down;Games:O/OverdriveTeam17OverdriveTeam17.Slave;0;0;0;0
0;Overkill (AGA);Action / Shooter / Horizontal;Games:O/OverkillAGAOverkillAGA.slave;0;0;0;0
0;Overlander;Racing / Car / Chase View;Games:O/OverlanderOverlander.Slave;0;0;0;0
0;Overlord;Simulator / Plane / WW2;Games:O/OverlordRowanOverlordRowan.Slave;0;0;0;0
0;Overlord (Game Demo);Simulator / Plane / WW2;Games:O/OverlordDemoRowanOverlordDemoRowan.Slave;0;0;0;0
0;Oxxonian;Action / Shooter / Multi Way;Games:O/OxxonianOxxonian.Slave;0;0;0;0
0;P-47 Thunderbolt;Action / Shooter / Horizontal;Games:P/P47ThunderboltP47Thunderbolt.Slave;0;0;0;0
0;P. P. Hammer & His Pneumatic Weapon;Platform / Action;Games:P/PPHammerPPHammer.Slave;0;0;0;0
0;P.O.D - Proof Of Destruction (Coverdisk);Action / Shooter / 2D;Games:P/PodPod.slave;0;0;0;0
0;P.O.W.;Action / Shooter / Crosshair;Games:P/POWPOW.Slave;0;0;0;0
0;Pac-Land;Platform / Action;Games:P/PacLandPacLand.Slave;0;0;0;0
0;Pac-Mania;Maze / 2D;Games:P/PacManiaPacmania.Slave;0;0;0;0
0;Pacific Islands (Team Yankee 2);Simulator / Tank;Games:P/PacificIslandsPacificIslands.Slave;0;0;0;0
0;PacMan '87;Maze / 2D;Games:P/Pacman87Pacman87.slave;0;0;0;0
0;Paladin;RPG / Open World;Games:P/PaladinPaladin.Slave;0;0;0;0
0;Paladin 2;RPG / Open World;Games:P/Paladin2Paladin2.Slave;0;0;0;0
0;Pandora;Adventure / Action;Games:P/PandoraPandora.Slave;0;0;0;0
0;Pang;Reaction / 2D;Games:P/PangPang.slave;0;0;0;0
0;Pango;Platform / Action;Games:P/PangoPango.Slave;0;0;0;0
0;Panza Kick Boxing;Beat 'Em Up;Games:P/PanzaKickBoxingPanzaKickBoxing.Slave;0;0;0;0
0;Panza Kick Boxing (French);Beat 'Em Up;Games:P/PanzaKickBoxingFrPanzaKickBoxingFr.Slave;0;0;0;0
0;Paperboy;Racing / Other;Games:P/PaperboyPaperboy.slave;0;0;0;0
0;Paperboy 2;Racing / Other;Games:P/Paperboy2Paperboy2.slave;0;0;0;0
0;Paradise Lost;Action / Fighter 2D;Games:P/ParadiseLostParadiseLost.slave;0;0;0;0
0;Paradroid 90 (1MB);Action / Shooter / Multi Way;Games:P/Paradroid901MBParadroid901MB.Slave;0;0;0;0
0;Paradroid 90 (512KB);Action / Shooter / Multi Way;Games:P/Paradroid90512KBParadroid90512KB.Slave;0;0;0;0
0;Paragliding Simulation;Sport / Extreme;Games:P/ParaglidingSimulationParaglidingSimulation.Slave;0;0;0;0
0;Paramax;Platform / Action;Games:P/ParamaxParamax.Slave;0;0;0;0
0;Paranoia Complex, The;Action / Shooter / Multi Way;Games:P/ParanoiaComplexParanoiaComplex.Slave;0;0;0;0
0;Paranoia Complex, The (German);Action / Shooter / Multi Way;Games:P/ParanoiaComplexDeParanoiaComplexDe.Slave;0;0;0;0
0;Parasol Stars;Platform / Action;Games:P/ParasolStarsParasolStars.Slave;0;0;0;0
0;Paris Dakar '90;Racing / Car / Chase View;Games:P/ParisDakar90ParisDakar90.Slave;0;0;0;0
0;Passing Shot;Sport / Tennis;Games:P/PassingShotPassingShot.Slave;0;0;0;0
0;Patrician, The;Strategy / Trading;Games:P/PatricianPatrician.slave;0;0;0;0
0;Patrician, The (French);Strategy / Trading;Games:P/PatricianFrPatricianFr.slave;0;0;0;0
0;Patrizier, Der (German);Strategy / Trading;Games:P/PatrizierDePatrizierDe.slave;0;0;0;0
0;Pawn, The;Adventure / Text;Games:P/PawnPawn.Slave;0;0;0;0
0;Pegasus;Action / Shooter / Horizontal;Games:P/PegasusPegasus.Slave;0;0;0;0
0;Penthouse Hot Numbers;Puzzle / Adult;Games:P/PenthouseHotNumbersPenthouseHotNumbers.Slave;0;0;0;0
0;Penthouse Hot Numbers Deluxe (AGA) (German);Puzzle / Adult;Games:P/PenthouseHotNumsDlxAGADePenthouseHotNumsDlxAGADe.Slave;0;0;0;0
0;Penthouse Hot Numbers Deluxe (German);Puzzle / Adult;Games:P/PenthouseHotNumsDlxDePenthouseHotNumsDlxDe.Slave;0;0;0;0
0;Perihelion;RPG / Dungeon Crawler;Games:P/PerihelionPerihelion.Slave;0;0;0;0
0;Persian Gulf Inferno;Action / Shooter / 2D;Games:P/PersianGulfInfernoPersianGulfInferno.Slave;0;0;0;0
0;Personal Nightmare;Adventure / Graphic;Games:P/PersonalNightmarePersonalNightmare.Slave;0;0;0;0
0;Peter Beardsley's International Football (NTSC);Sport / Football / Soccer;Games:P/PeterBeardsleysIFNTSCPeterBeardsleysIFNTSC.Slave;0;0;0;0
0;Peter Pan (French);Adventure / Puzzle;Games:P/PeterPanFrPeterPanFr.Slave;0;0;0;0
0;Peter Pan (German);Adventure / Puzzle;Games:P/PeterPanDePeterPanDe.Slave;0;0;0;0
0;Peter Schmeichel Soccer;Management / Sport;Games:P/PeterSchmeichelSoccerPeterSchmeichelSoccer.Slave;0;0;0;0
0;PGA European Tour;Sport / Golf;Games:P/PGAEuropeanTourPGAEuropeanTour.Slave;0;0;0;0
0;PGA European Tour (AGA);Sport / Golf;Games:P/PGAEuropeanTourAGAPGAEuropeanTourAGA.Slave;0;0;0;0
0;PGA European Tour (CD32);Sport / Golf;Games:P/PGAEuropeanTourCD32PGAEuropeanTourCD32.Slave;0;0;0;0
0;PGA Tour Golf;Sport / Golf;Games:P/PGATourGolfPGATourGolf.Slave;0;0;0;0
0;PGA Tour Golf & Tournament Course Disk;Sport / Golf;Games:P/PGATourGolf&TourDiskPGATourGolf&TourDisk.Slave;0;0;0;0
0;Phalanx;Action / Shooter / Vertical;Games:P/PhalanxPhalanx.Slave;0;0;0;0
0;Phantasie;RPG / Open World;Games:P/PhantasiePhantasie.Slave;0;0;0;0
0;Phantasie 3 - The Wrath of Nikademus;RPG / Open World;Games:P/Phantasie3Phantasie3.Slave;0;0;0;0
0;Phantasm;Action / Shooter / 3D;Games:P/PhantasmPhantasm.Slave;0;0;0;0
0;Phantom Fighter;Action / Shooter / Horizontal;Games:P/PhantomFighterPhantomFighter.Slave;0;0;0;0
0;Pharaohs Curse;Platform / Action;Games:P/PharaohsCursePharaohsCurse.Slave;0;0;0;0
0;Pharaohs Match (Arcadia);Tabletop / Mahjong;Games:P/PharaohsMatchArcadiaPharaohsMatchArcadia.Slave;0;0;0;0
0;Phobia;Action / Shooter / Horizontal;Games:P/PhobiaPhobia.Slave;0;0;0;0
0;Photon Storm;Action / Shooter / Multi Way;Games:P/PhotonStormPhotonStorm.slave;0;0;0;0
0;Pick'n'Pile;Puzzle / 2D;Games:P/PickNPilePickNPile.Slave;0;0;0;0
0;Pierre le Chef is ... Out To Lunch (AGA);Platform / Action;Games:P/PierreIsOutToLunchAGAPierreIsOutToLunchAGA.Slave;0;0;0;0
0;Pierre le Chef is ... Out To Lunch (CD32);Platform / Action;Games:P/PierreIsOutToLunchCD32PierreIsOutToLunchCD32.Slave;0;0;0;0
0;Pinball Brain Damage (AGA);Pinball;Games:P/PinballBrainDamageAGAPinballBrainDamageAGA.Slave;0;0;0;0
0;Pinball Dreams;Pinball;Games:P/PinballDreamsPinballDreams.Slave;0;0;0;0
0;Pinball Dreams (NTSC);Pinball;Games:P/PinballDreamsNTSCPinballDreamsNTSC.Slave;0;0;0;0
0;Pinball Fantasies;Pinball;Games:P/PinballFntsiesPinballFntsies.slave;0;0;0;0
0;Pinball Fantasies (AGA);Pinball;Games:P/PinballFntsiesAGAPinballFntsiesAGA.slave;0;0;0;0
0;Pinball Fantasies (AGA) (Chip Mem);Pinball;Games:P/PinballFntsiesAGAChipPinballFntsiesAGAChip.slave;0;0;0;0
0;Pinball Fantasies (CD32);Pinball;Games:P/PinballFntsiesCD32PinballFntsiesCD32.slave;0;0;0;0
0;Pinball Fantasies (CD32) (Chip Mem);Pinball;Games:P/PinballFntsiesCD32ChipPinballFntsiesCD32Chip.slave;0;0;0;0
0;Pinball Fantasies (NTSC) (AGA);Pinball;Games:P/PinballFntsiesAGANTSCPinballFntsiesAGANTSC.slave;0;0;0;0
0;Pinball Fantasies (NTSC) (AGA) (Chip Mem);Pinball;Games:P/PinballFntsiesAGANTSCChipPinballFntsiesAGANTSCChip.slave;0;0;0;0
0;Pinball Hazard;Pinball;Games:P/PinballHazardPinballHazard.Slave;0;0;0;0
0;Pinball Illusions (AGA);Pinball;Games:P/PinballIllusionsAGAPinballIllusionsAGA.slave;0;0;0;0
0;Pinball Illusions (CD32);Pinball;Games:P/PinballIllusionsCD32PinballIllusionsCD32.slave;0;0;0;0
0;Pinball Illusions (Game Demo) (AGA);Pinball;Games:P/PinballIllusionsAGADemoPinballIllusionsAGADemo.Slave;0;0;0;0
0;Pinball Magic;Pinball;Games:P/PinballMagicPinballMagic.Slave;0;0;0;0
0;Pinball Mania (AGA);Pinball;Games:P/PinballManiaAGAPinballManiaAGA.slave;0;0;0;0
0;Pinball Prelude - Present;Pinball;Games:P/PinballPreludePinballPrelude.slave;0;0;0;0
0;Pinball Prelude - Present (AGA);Pinball;Games:P/PinballPreludeAGAPinballPreludeAGA.slave;0;0;0;0
0;Pinball Wizard;Pinball;Games:P/PinballWizardPinballWizard.Slave;0;0;0;0
0;Pinball Wizard (Pre Release);Pinball;Games:P/PinballWizardPrereleasePinballWizardPrerelease.Slave;0;0;0;0
0;Pink Panther;Platform / Action;Games:P/PinkPantherPinkPanther.slave;0;0;0;0
0;Pinkie;Platform / Action;Games:P/PinkiePinkie.slave;0;0;0;0
0;Pinomania;Puzzle / 2D;Games:P/PinomaniaPinomania.Slave;0;0;0;0
0;Pipe Dream (NTSC);Reaction / PipeMania;Games:P/PipeDreamNTSCPipeDreamNTSC.Slave;0;0;0;0
0;Pipe Mania;Reaction / PipeMania;Games:P/PipeManiaPipeMania.Slave;0;0;0;0
0;Pipeline (Nomad);Reaction / PipeMania;Games:P/PipelineNomadPipelineNomad.Slave;0;0;0;0
0;Pipeline (Oracle);Reaction / PipeMania;Games:P/PipelineOraclePipelineOracle.Slave;0;0;0;0
0;Pirates!;Adventure / Action;Games:P/PiratesPirates.slave;0;0;0;0
0;Pirates! Gold (CD32);Adventure / Action;Games:P/PiratesGoldCD32PiratesGoldCD32.slave;0;0;0;0
0;Pit-Fighter;Beat 'Em Up;Games:P/PitFighterPitFighter.slave;0;0;0;0
0;Pixie And Dixie;Platform / Action;Games:P/Pixie&DixiePixie&Dixie.Slave;0;0;0;0
0;Pizza Connection (German);Management / Business;Games:P/PizzaConnectionDePizzaConnectionDe.Slave;0;0;0;0
0;Plague, The;Action / Fighter 2D;Games:P/PlaguePlague.Slave;0;0;0;0
0;Plague, The (NTSC);Action / Fighter 2D;Games:P/PlagueNTSCPlagueNTSC.Slave;0;0;0;0
0;Plan 9 From Outer Space;Adventure / Graphic;Games:P/Plan9FromOuterSpacePlan9FromOuterSpace.Slave;0;0;0;0
0;Plan 9 From Outer Space (NTSC);Adventure / Graphic;Games:P/Plan9FromOuterSpaceNTSCPlan9FromOuterSpaceNTSC.Slave;0;0;0;0
0;Platoon (NTSC);Action / Shooter / 2D;Games:P/PlatoonNTSCPlatoonNTSC.Slave;0;0;0;0
0;Play Room - La Chambre De Peppy (French);Educational;Games:P/PlayroomFrPlayroomFr.Slave;0;0;0;0
0;Playdays;Educational;Games:P/PlaydaysPlaydays.Slave;0;0;0;0
0;Player Manager;Sport / Football / Soccer;Games:P/PlayerManagerPlayerManager.slave;0;0;0;0
0;Player Manager (French);Sport / Football / Soccer;Games:P/PlayerManagerFrPlayerManagerFr.slave;0;0;0;0
0;Player Manager (German);Sport / Football / Soccer;Games:P/PlayerManagerDePlayerManagerDe.slave;0;0;0;0
0;Player Manager (Italian);Sport / Football / Soccer;Games:P/PlayerManagerItPlayerManagerIt.slave;0;0;0;0
0;Player Manager 2;Sport / Football / Soccer;Games:P/PlayerManager2PlayerManager2.Slave;0;0;0;0
0;Player Manager 2 Extra - The Chase For Glory (AGA);Sport / Football / Soccer;Games:P/PlayerManager2ExtraAGAPlayerManager2ExtraAGA.Slave;0;0;0;0
0;Plotting;Puzzle / 2D;Games:P/PlottingPlotting.slave;0;0;0;0
0;Plutos;Action / Shooter / Vertical;Games:P/PlutosPlutos.Slave;0;0;0;0
0;Plutos (NTSC);Action / Shooter / Vertical;Games:P/PlutosNTSCPlutosNTSC.Slave;0;0;0;0
0;Poker Nights De;Unknown;Games:P/PokerNightsDePokerNightsDe.Slave;0;0;0;0
0;Police Quest 1;Adventure / Point & Click;Games:P/PoliceQuestPoliceQuest.slave;0;0;0;0
0;Police Quest 1 (NTSC);Adventure / Point & Click;Games:P/PoliceQuestNTSCPoliceQuestNTSC.slave;0;0;0;0
0;Police Quest 2 - The Vengeance;Adventure / Point & Click;Games:P/PoliceQuest2PoliceQuest2.slave;0;0;0;0
0;Police Quest 3 - The Kindred (German);Adventure / Point & Click;Games:P/PoliceQuest3DePoliceQuest3De.slave;0;0;0;0
0;Police Quest 3 - The Kindred (MT32) (German);Adventure / Point & Click;Games:P/PoliceQuest3DeMT32PoliceQuest3DeMT32.slave;0;0;0;0
0;Police Quest 3 - The Kindred (NTSC);Adventure / Point & Click;Games:P/PoliceQuest3NTSCPoliceQuest3NTSC.slave;0;0;0;0
0;Police Quest 3 - The Kindred (NTSC) (MT32);Adventure / Point & Click;Games:P/PoliceQuest3NTSCMT32PoliceQuest3NTSCMT32.slave;0;0;0;0
0;Pong (Coverdisk);Sport / Tennis;Games:P/PongPong.slave;0;0;0;0
0;Pool;Sport / Pool / Billiards;Games:P/PoolPool.Slave;0;0;0;0
0;Pool Of Radiance;RPG / Dungeon Crawler;Games:P/PoolOfRadiancePoolOfRadiance.Slave;0;0;0;0
0;Pools Of Darkness;RPG / Dungeon Crawler;Games:P/PoolsOfDarknessPoolsOfDarkness.slave;0;0;0;0
0;Pools Of Darkness (German);RPG / Dungeon Crawler;Games:P/PoolsOfDarknessDePoolsOfDarknessDe.Slave;0;0;0;0
0;Popeye 2;Platform / Action;Games:P/Popeye2Popeye2.Slave;0;0;0;0
0;Populous;Strategy / God Simulator;Games:P/PopulousPopulous.Slave;0;0;0;0
0;Populous (NTSC);Strategy / God Simulator;Games:P/PopulousNTSCPopulousNTSC.Slave;0;0;0;0
0;Populous & Data Disks;Strategy / God Simulator;Games:P/Populous&DataDisksPopulous&DataDisks.Slave;0;0;0;0
0;Populous 2;Strategy / God Simulator;Games:P/Populous2Populous2.slave;0;0;0;0
0;Populous 2 & Challenge Games;Strategy / God Simulator;Games:P/Populous2&ChallengeGamesPopulous2&ChallengeGames.slave;0;0;0;0
0;Populous World Editor;Misc / Game Editor;Games:P/PopulousWorldEditorPopulousWorldEditor.Slave;0;0;0;0
0;Portal;Unknown;Games:P/PortalPortal.slave;0;0;0;0
0;Portes Du Temps, Les (French);Adventure / Text;Games:P/PortesDuTempsFrPortesDuTempsFr.Slave;0;0;0;0
0;Ports Of Call;Management / Business;Games:P/PortsOfCallPortsOfCall.Slave;0;0;0;0
0;Ports Of Call (French);Management / Business;Games:P/PortsOfCallFrPortsOfCallFr.Slave;0;0;0;0
0;Ports Of Call (German);Management / Business;Games:P/PortsOfCallDePortsOfCallDe.Slave;0;0;0;0
0;Postman Pat;Adventure / Action;Games:P/PostmanPatPostmanPat.Slave;0;0;0;0
0;Power Drift;Racing / Car / Chase View;Games:P/PowerDriftPowerDrift.slave;0;0;0;0
0;Power Pinball;Pinball;Games:P/PowerPinballPowerPinball.slave;0;0;0;0
0;Power Pinball (CDTV);Pinball;Games:P/PowerPinballCDTVPowerPinballCDTV.slave;0;0;0;0
0;Power, The;Puzzle / 2D;Games:P/PowerPower.Slave;0;0;0;0
0;Powerdrive;Racing / Car / Top Down;Games:P/PowerDrivePowerDrive.Slave;0;0;0;0
0;Powerdrome;Racing / Futuristic;Games:P/PowerdromePowerdrome.Slave;0;0;0;0
0;Powermonger;Strategy / Battle / 3D;Games:P/PowermongerPowermonger.Slave;0;0;0;0
0;Powermonger WW1 Edition;Strategy / Battle / 3D;Games:P/PowermongerWW1EditionPowermongerWW1Edition.slave;0;0;0;0
0;Powerplay (Enhanced) - Das Spiel Der G?tter (German);Quiz;Games:P/PowerplayDePowerplayDe.Slave;0;0;0;0
0;Powerplay (Enhanced) - El Juego De Los Dioses (Spanish);Quiz;Games:P/PowerplayEsPowerplayEs.Slave;0;0;0;0
0;Powerplay (Enhanced) - Le Jeu Des Dieux (French);Quiz;Games:P/PowerplayFrPowerplayFr.Slave;0;0;0;0
0;Powerplay (Enhanced) - The Game Of The Gods;Quiz;Games:P/PowerplayPowerplay.Slave;0;0;0;0
0;Powerplay (Enhanced) - To Paikhnidi Ton Theon (Greek);Quiz;Games:P/PowerplayGrPowerplayGr.Slave;0;0;0;0
0;Powerstyx;Reaction / 2D;Games:P/PowerstyxPowerstyx.slave;0;0;0;0
0;Prawo Krwi (AGA) (Polish);Beat 'Em Up;Games:P/PrawoKrwiAGAPlPrawoKrwiAGAPl.slave;0;0;0;0
0;Predator;Action / Shooter / 2D;Games:P/PredatorPredator.Slave;0;0;0;0
0;Predator 2;Action / Shooter / Crosshair;Games:P/Predator2Predator2.Slave;0;0;0;0
0;Prehistoric Tale, A;Platform / Puzzle;Games:P/PrehistoricTalePrehistoricTale.slave;0;0;0;0
0;Prehistorik;Platform / Action;Games:P/PrehistorikPrehistorik.slave;0;0;0;0
0;Prehistorik (CDTV);Platform / Action;Games:P/PrehistorikCDTVPrehistorikCDTV.slave;0;0;0;0
0;Premier Manager;Management / Sport;Games:P/PremierManagerPremierManager.Slave;0;0;0;0
0;Premier Manager 2;Management / Sport;Games:P/PremierManager2PremierManager2.Slave;0;0;0;0
0;Premier Manager 3;Management / Sport;Games:P/PremierManager3PremierManager3.Slave;0;0;0;0
0;Premier Manager 3 (AGA);Management / Sport;Games:P/PremierManager3AGAPremierManager3AGA.Slave;0;0;0;0
0;Premier Manager 3 Deluxe;Management / Sport;Games:P/PremierManager3DeluxePremierManager3Deluxe.Slave;0;0;0;0
0;Premiere;Platform / Action;Games:P/PremierePremiere.slave;0;0;0;0
0;Premiere (CD32);Platform / Action;Games:P/PremiereCD32PremiereCD32.slave;0;0;0;0
0;Primal Rage (AGA);Beat 'Em Up;Games:P/PrimalRageAGAPrimalRageAGA.Slave;0;0;0;0
0;Prime Mover;Racing / Bike / Chase View;Games:P/PrimeMoverPrimeMover.Slave;0;0;0;0
0;Prince;Strategy / Historical;Games:P/PrincePrince.slave;0;0;0;0
0;Prince De Perse (French);Adventure / Action;Games:P/PrinceDePerseFrPrinceDePerseFr.slave;0;0;0;0
0;Prince Of Persia;Adventure / Action;Games:P/PrinceOfPersiaPrinceOfPersia.slave;0;0;0;0
0;Prince Of Persia (German);Adventure / Action;Games:P/PrinceOfPersiaDePrinceOfPersiaDe.slave;0;0;0;0
0;Prince Of Persia (NTSC);Adventure / Action;Games:P/PrinceOfPersiaNTSCPrinceOfPersiaNTSC.slave;0;0;0;0
0;Prison;Adventure / Action;Games:P/PrisonPrison.Slave;0;0;0;0
0;Prison (NTSC);Adventure / Action;Games:P/PrisonNTSCPrisonNTSC.Slave;0;0;0;0
0;Pro Boxing Simulator;Sport / Boxing;Games:P/ProBoxingSimulatorProBoxingSimulator.Slave;0;0;0;0
0;Pro PowerBoat Simulator;Racing / Boat / Top Down;Games:P/ProPowerBoatSimulatorProPowerBoatSimulator.Slave;0;0;0;0
0;Pro Soccer 2190;Sport / Futuristic;Games:P/ProSoccer2190ProSoccer2190.Slave;0;0;0;0
0;Pro Tennis Simulator (Files);Sport / Tennis;Games:P/ProTennisSimulatorFilesProTennisSimulatorFiles.Slave;0;0;0;0
0;Pro Tennis Simulator (Image);Sport / Tennis;Games:P/ProTennisSimulatorImageProTennisSimulatorImage.Slave;0;0;0;0
0;Pro Tennis Tour;Sport / Tennis;Games:P/ProTennisTourProTennisTour.slave;0;0;0;0
0;Pro Tennis Tour 2;Sport / Tennis;Games:P/ProTennisTour2ProTennisTour2.slave;0;0;0;0
0;Pro Tennis Tour 2 (512KB);Sport / Tennis;Games:P/ProTennisTour2512KBProTennisTour2512KB.slave;0;0;0;0
0;Profezia (Italian);Adventure / Text;Games:P/ProfeziaItProfeziaIt.Slave;0;0;0;0
0;Project X;Action / Shooter / Horizontal;Games:P/ProjectXProjectX.slave;0;0;0;0
0;Project X (Bonus Level);Action / Shooter / Horizontal;Games:P/ProjectXBonusLevelProjectXBonusLevel.Slave;0;0;0;0
0;Project X (v2);Action / Shooter / Horizontal;Games:P/ProjectXv2ProjectXv2.slave;0;0;0;0
0;Project X Special Edition '93;Action / Shooter / Horizontal;Games:P/ProjectXSEProjectXSE.Slave;0;0;0;0
0;Project X Special Edition '93 (CD32);Action / Shooter / Horizontal;Games:P/ProjectXSECD32ProjectXSECD32.slave;0;0;0;0
0;Projectyle;Action / Shooter / Multi Way;Games:P/ProjectyleProjectyle.slave;0;0;0;0
0;Prophecy 1 - The Viking Child;Platform / Action;Games:P/Prophecy1VikingChildProphecy1VikingChild.Slave;0;0;0;0
0;Prospector in the Mazes of Xor;Maze / 2D;Games:P/ProspectorInTheMazesOfXorProspectorInTheMazesOfXor.Slave;0;0;0;0
0;Psyborg;Reaction / 3D;Games:P/PsyborgPsyborg.Slave;0;0;0;0
0;Psycho Killer (CDTV);Adventure / Graphic;Games:P/PsychoKillerCDTVPsychoKillerCDTV.Slave;0;0;0;0
0;Psycho Santa (Coverdisk);Action / Shooter / Horizontal;Games:P/PsychoSantaPsychoSanta.Slave;0;0;0;0
0;Pub Trivia Simulator;Quiz;Games:P/PubTriviaSimulatorPubTriviaSimulator.Slave;0;0;0;0
0;Puffy's Saga;Maze / 2D;Games:P/PuffysSagaPuffysSaga.Slave;0;0;0;0
0;Puggsy;Platform / Puzzle;Games:P/PuggsyPuggsy.slave;0;0;0;0
0;Pulsator (Game Demo) (AGA);Action / Shooter / Horizontal;Games:P/PulsatorDemoAGAPulsatorDemoAGA.Slave;0;0;0;0
0;Purple Saturn Day;Action / Multi Level;Games:P/PurpleSaturnDayPurpleSaturnDay.slave;0;0;0;0
0;Push Over;Platform / Puzzle;Games:P/PushOverPushOver.slave;0;0;0;0
0;Putty;Platform / Puzzle;Games:P/PuttyPutty.Slave;0;0;0;0
0;Putty Squad (AGA);Platform / Action;Games:P/PuttySquadAGAPuttySquadAGA.slave;0;0;0;0
0;Putty Squad (Game Demo) (AGA);Platform / Action;Games:P/PuttySquadDemoAGAPuttySquadDemoAGA.Slave;0;0;0;0
0;Puzznic;Puzzle / 2D;Games:P/PuzznicPuzznic.Slave;0;0;0;0
0;Pyramax;Maze / 2D;Games:P/PyramaxPyramax.Slave;0;0;0;0
0;Q.Bic (Coverdisk);Platform / Action;Games:Q/QBicQBic.slave;0;0;0;0
0;Qix (NTSC);Reaction / 2D;Games:Q/QixNTSCQixNTSC.Slave;0;0;0;0
0;Quadralien;Puzzle / 2D;Games:Q/QuadralienQuadralien.slave;0;0;0;0
0;Quadrel;Puzzle / 2D;Games:Q/QuadrelQuadrel.Slave;0;0;0;0
0;Quartz;Action / Shooter / Multi Way;Games:Q/QuartzQuartz.slave;0;0;0;0
0;Quasar Wars AGA;Unknown;Games:Q/QuasarWarsAGAQuasarWarsAGA.slave;0;0;0;0
0;Quest For Glory 1 - So You Want To Be A Hero;Adventure / Point & Click;Games:Q/QuestForGloryQuestForGlory.slave;0;0;0;0
0;Quest For Glory 2 - Trial by Fire;Adventure / Point & Click;Games:Q/QuestForGlory2QuestForGlory2.Slave;0;0;0;0
0;Quest For Glory 2 - Trial by Fire (MT32);Adventure / Point & Click;Games:Q/QuestForGlory2MT32QuestForGlory2MT32.Slave;0;0;0;0
0;Quest For The Time-Bird, The (Files);Adventure / Graphic;Games:Q/QuestForTimeBirdFilesQuestForTimeBirdFiles.slave;0;0;0;0
0;Quest For The Time-Bird, The (Image);Adventure / Graphic;Games:Q/QuestForTimeBirdImageQuestForTimeBirdImage.slave;0;0;0;0
0;Quest of Agravain, The;Platform / Action;Games:Q/QuestOfAgravainQuestOfAgravain.Slave;0;0;0;0
0;Question Of Sport, A;Quiz;Games:Q/QuestionOfSportQuestionOfSport.Slave;0;0;0;0
0;Questron II;RPG / Open World;Games:Q/Questron2Questron2.Slave;0;0;0;0
0;Quete L'Oiseau Du Temp (Files) (French);Adventure / Graphic;Games:Q/QueteLOiseauDuTempFrFilesQueteLOiseauDuTempFrFiles.slave;0;0;0;0
0;Quete L'Oiseau Du Temp (Image) (French);Adventure / Graphic;Games:Q/QueteLOiseauDuTempFrImageQueteLOiseauDuTempFrImage.slave;0;0;0;0
0;Quik The Thunder Rabbit;Platform / Action;Games:Q/QuikThunderRabbitQuikThunderRabbit.slave;0;0;0;0
0;Quik The Thunder Rabbit (AGA);Platform / Action;Games:Q/QuikThunderRabbitAGAQuikThunderRabbitAGA.slave;0;0;0;0
0;Quik The Thunder Rabbit (CD32);Platform / Action;Games:Q/QuikThunderRabbitCD32QuikThunderRabbitCD32.Slave;0;0;0;0
0;Quiksilver Pinball Simulator;Pinball;Games:Q/QuiksilverPinballQuiksilverPinball.Slave;0;0;0;0
0;Qwak;Platform / Action;Games:Q/QwakQwak.Slave;0;0;0;0
0;Qwak (CD32);Platform / Action;Games:Q/QwakCD32QwakCD32.Slave;0;0;0;0
0;R-Type;Action / Shooter / Horizontal;Games:R/RTypeRType.slave;0;0;0;0
0;R-Type 2;Action / Shooter / Horizontal;Games:R/RType2RType2.Slave;0;0;0;0
0;R.B.I. 2 Baseball;Sport / Baseball;Games:R/RBI2BaseballRBI2Baseball.Slave;0;0;0;0
0;Race Drivin No Intro;Unknown;Games:R/RaceDrivinNoIntroRaceDrivinNoIntro.slave;0;0;0;0
0;Race Drivin';Racing / Car / Driver View;Games:R/RaceDrivinRaceDrivin.slave;0;0;0;0
0;Rackney's Island;Platform / Action;Games:R/RackneysIslandRackneysIsland.Slave;0;0;0;0
0;Racter;Adventure / Text;Games:R/RacterRacter.Slave;0;0;0;0
0;Raffles;Puzzle / Isometric;Games:R/RafflesRaffles.slave;0;0;0;0
0;Raffles (CDTV);Puzzle / Isometric;Games:R/RafflesCDTVRafflesCDTV.slave;0;0;0;0
0;Rage V1;Action / Shooter / Horizontal;Games:R/RageV1RageV1.Slave;0;0;0;0
0;Rage V2;Action / Shooter / Horizontal;Games:R/RageV2RageV2.Slave;0;0;0;0
0;Raider;Reaction / Gravity;Games:R/RaiderRaider.Slave;0;0;0;0
0;Raiders Compilation, The (Targhan-Starblade-Maya-Colorado;Compilation;Games:R/RaidersFrRaidersFr.Slave;0;0;0;0
0;Railroad Tycoon;Management / Transport;Games:R/RailroadTycoonRailroadTycoon.slave;0;0;0;0
0;Railroad Tycoon (French);Management / Transport;Games:R/RailroadTycoonFrRailroadTycoonFr.slave;0;0;0;0
0;Railroad Tycoon (German);Management / Transport;Games:R/RailroadTycoonDeRailroadTycoonDe.slave;0;0;0;0
0;Rainbow Islands;Platform / Action;Games:R/RainbowIslandsRainbowIslands.slave;0;0;0;0
0;Rainbow Warrior;Action / Multi Level;Games:R/RainbowWarriorRainbowWarrior.Slave;0;0;0;0
0;Rally Championships;Racing / Car / Isometric;Games:R/RallyChampionshipsRallyChampionships.Slave;0;0;0;0
0;Rally Championships (AGA);Racing / Car / Isometric;Games:R/RallyChampionshipsAGARallyChampionshipsAGA.Slave;0;0;0;0
0;Rally Cross Challenge;Racing / Car / Top Down;Games:R/RallyCrossChallengeRallyCrossChallenge.Slave;0;0;0;0
0;Rambo 3;Action / Shooter / Multi Way;Games:R/Rambo3Rambo3.slave;0;0;0;0
0;Rambo 3 (NTSC);Action / Shooter / Multi Way;Games:R/Rambo3NTSCRambo3NTSC.slave;0;0;0;0
0;Rampage;Action / Destruction;Games:R/RampageRampage.slave;0;0;0;0
0;Rampart;Strategy / Action;Games:R/RampartRampart.Slave;0;0;0;0
0;RanX - The Video Game;Action / Fighter 2D;Games:R/RanXRanX.Slave;0;0;0;0
0;RanX - The Video Game (French);Action / Fighter 2D;Games:R/RanXFrRanXFr.Slave;0;0;0;0
0;RanX - The Video Game (German);Action / Fighter 2D;Games:R/RanXDeRanXDe.Slave;0;0;0;0
0;Rat Trap;Platform / Puzzle;Games:R/RatTrapRatTrap.Slave;0;0;0;0
0;Read & Rhyme;Educational;Games:R/Read&RhymeRead&Rhyme.Slave;0;0;0;0
0;Real Ghostbusters, The;Action / Shooter / Multi Way;Games:R/RealGhostbustersRealGhostbusters.Slave;0;0;0;0
0;Real Popeye, The;Platform / Action;Games:R/RealPopeyeRealPopeye.Slave;0;0;0;0
0;Realm Of The Trolls (One Disk);Platform / Action;Games:R/RealmOfTheTrolls1DiskRealmOfTheTrolls1Disk.Slave;0;0;0;0
0;Realm Of The Trolls (Two Disk);Platform / Action;Games:R/RealmOfTheTrolls2DiskRealmOfTheTrolls2Disk.Slave;0;0;0;0
0;Realms;Strategy / Battle / 3D;Games:R/RealmsRealms.Slave;0;0;0;0
0;Realms Of Arkania - Blade Of Destiny;RPG / Dungeon Crawler;Games:R/RealmsOfArkaniaRealmsOfArkania.Slave;0;0;0;0
0;Rebellion;Action / Duel / Versus;Games:R/RebellionRebellion.slave;0;0;0;0
0;Red Baron;Simulator / Plane / WW1;Games:R/RedBaronRedBaron.slave;0;0;0;0
0;Red Baron (German);Simulator / Plane / WW1;Games:R/RedBaronDeRedBaronDe.slave;0;0;0;0
0;Red Heat;Action / Multi Level;Games:R/RedHeatRedHeat.slave;0;0;0;0
0;Red Lightning (NTSC);Strategy / Battle / 2D;Games:R/RedLightningNTSCRedLightningNTSC.slave;0;0;0;0
0;Red Storm Rising;Simulator / Submarine;Games:R/RedStormRisingRedStormRising.Slave;0;0;0;0
0;Red Zone;Racing / Bike / Rider View;Games:R/RedZoneRedZone.Slave;0;0;0;0
0;Reflexity Pinball Challenge (Coverdisk);Pinball;Games:R/ReflexityReflexity.Slave;0;0;0;0
0;Renaissance - Classic 4;Action / Multi Level;Games:R/RenaissanceRenaissance.Slave;0;0;0;0
0;Renegade;Action / Fighter 2.5D;Games:R/RenegadeRenegade.slave;0;0;0;0
0;Renegade 3 - The Final Chapter;Action / Fighter 2.5D;Games:R/Renegade3Renegade3.Slave;0;0;0;0
0;Renegades Editor;Misc / Game Editor;Games:R/RenegadesRenegadesEditor.Slave;0;0;0;0
0;Renegades Editor;Misc / Game Editor;Games:R/RenegadesRenegades.Slave;0;0;0;0
0;Resolution 101;Action / Shooter / 3D;Games:R/Resolution101Resolution101.Slave;0;0;0;0
0;Return To Atlantis;Adventure / Action;Games:R/ReturnToAtlantisReturnToAtlantis.Slave;0;0;0;0
0;Return To Genesis;Action / Shooter / Horizontal;Games:R/ReturnToGenesisReturnToGenesis.Slave;0;0;0;0
0;Reunion;Management / Space;Games:R/ReunionReunion.slave;0;0;0;0
0;Reunion (AGA);Management / Space;Games:R/ReunionAGAReunionAGA.slave;0;0;0;0
0;Reunion (AGA) (German);Management / Space;Games:R/ReunionAGADeReunionAGADe.slave;0;0;0;0
0;Reunion (German);Management / Space;Games:R/ReunionDeReunionDe.slave;0;0;0;0
0;Revelation;Puzzle / 2D;Games:R/RevelationRevelation.Slave;0;0;0;0
0;Revenge Of Defender;Action / Shooter / Horizontal;Games:R/RevengeOfDefenderRevengeOfDefender.slave;0;0;0;0
0;Revenge of the Mutant Camels;Action / Shooter / Horizontal;Games:R/RevengeOfMutantCamelsRevengeOfMutantCamels.Slave;0;0;0;0
0;Revenge of the Mutant Camels (NTSC);Action / Shooter / Horizontal;Games:R/RevengeOfMutantCamelsNTSCRevengeOfMutantCamelsNTSC.Slave;0;0;0;0
0;Revenge of the Mutant Camels 2;Action / Shooter / Horizontal;Games:R/RevengeOfMutantCamels2RevengeOfMutantCamels2.slave;0;0;0;0
0;Rick Dangerous;Platform / Action;Games:R/RickDangerousRickDangerous.Slave;0;0;0;0
0;Rick Dangerous 2;Platform / Action;Games:R/RickDangerous2RickDangerous2.slave;0;0;0;0
0;Rick Dangerous 2.5;Platform / Action;Games:R/RickDangerous25RickDangerous25.Slave;0;0;0;0
0;Rings Of Medusa;Strategy / Historical;Games:R/RingsOfMedusaRingsOfMedusa.Slave;0;0;0;0
0;Rings Of Medusa (French);Strategy / Historical;Games:R/RingsOfMedusaFrRingsOfMedusaFr.Slave;0;0;0;0
0;Rings Of Medusa (German);Strategy / Historical;Games:R/RingsOfMedusaDeRingsOfMedusaDe.Slave;0;0;0;0
0;Rings of Medusa Gold (German);Strategy / Historical;Games:R/RingsOfMedusaGoldDeRingsOfMedusaGoldDe.Slave;0;0;0;0
0;Ringside;Sport / Boxing;Games:R/RingsideRingside.Slave;0;0;0;0
0;Rise Of The Dragon;Adventure / Graphic;Games:R/RiseOfTheDragonRiseOfTheDragon.Slave;0;0;0;0
0;Rise Of The Dragon (German);Adventure / Graphic;Games:R/RiseOfTheDragonDeRiseOfTheDragonDe.Slave;0;0;0;0
0;Rise Of The Robots;Beat 'Em Up;Games:R/RiseOfTheRobotsRiseOfTheRobots.slave;0;0;0;0
0;Rise Of The Robots (AGA);Beat 'Em Up;Games:R/RiseOfTheRobotsAGARiseOfTheRobotsAGA.slave;0;0;0;0
0;Rise Of The Robots (CD32);Beat 'Em Up;Games:R/RiseOfTheRobotsCD32RiseOfTheRobotsCD32.slave;0;0;0;0
0;Risk;Strategy / Battle / 2D;Games:R/RiskRisk.Slave;0;0;0;0
0;Risky Woods;Action / Fighter 2D;Games:R/RiskyWoodsRiskyWoods.slave;0;0;0;0
0;Road Blasters;Action / Shooter / Vehicle;Games:R/RoadBlastersRoadBlasters.Slave;0;0;0;0
0;Road Rash;Racing / Bike / Chase View;Games:R/RoadRashRoadRash.slave;0;0;0;0
0;RoadKill (AGA);Racing / Car / Top Down;Games:R/RoadkillAGARoadkillAGA.Slave;0;0;0;0
0;RoadKill (CD32);Racing / Car / Top Down;Games:R/RoadkillCD32RoadkillCD32.Slave;0;0;0;0
0;RoadKill (No Intro) (CD32);Racing / Car / Top Down;Games:R/RoadkillCD32NoIntroRoadkillCD32NoIntro.Slave;0;0;0;0
0;Roadwar Europa;Strategy / Battle / 2D;Games:R/RoadwarEuropaRoadwarEuropa.Slave;0;0;0;0
0;Roadwars;Reaction / 3D;Games:R/RoadWarsRoadWars.Slave;0;0;0;0
0;Roadwars (Arcadia);Reaction / 3D;Games:R/RoadWarsArcadiaRoadWarsArcadia.Slave;0;0;0;0
0;Robbeary;Platform / Action;Games:R/RobbearyRobbeary.Slave;0;0;0;0
0;Robin Hood - Legend Quest;Action / Fighter 2D;Games:R/RobinHoodLegendQuestRobinHoodLegendQuest.slave;0;0;0;0
0;Robinson Requiem;RPG / Open World;Games:R/RobinsonsRequiemRobinsonsRequiem.Slave;0;0;0;0
0;Robinson Requiem (AGA);RPG / Open World;Games:R/RobinsonsRequiemAGARobinsonsRequiemAGA.Slave;0;0;0;0
0;RoboCop;Action / Fighter 2D;Games:R/RoboCopRoboCop.Slave;0;0;0;0
0;RoboCop 2;Action / Fighter 2D;Games:R/RoboCop2RoboCop2.Slave;0;0;0;0
0;RoboCop 3;Action / Shooter / 3D;Games:R/RoboCop3RoboCop3.slave;0;0;0;0
0;RoboCop 3 (NTSC);Action / Shooter / 3D;Games:R/RoboCop3NTSCRoboCop3NTSC.slave;0;0;0;0
0;RoboSport;Strategy / Battle / 2D;Games:R/RoboSportRoboSport.Slave;0;0;0;0
0;Robot Reader - Aesop's Fables;Educational;Games:R/RobotReaderAesopsFablesRobotReaderAesopsFables.Slave;0;0;0;0
0;Robot Reader - Chicken Little;Educational;Games:R/RobotReaderChickenLittleRobotReaderChickenLittle.Slave;0;0;0;0
0;Roboter (German);Strategy / Battle / 2D;Games:R/RoboterDeRoboterDe.Slave;0;0;0;0
0;Robotnic;Puzzle / 2D;Games:R/RobotnicRobotnic.Slave;0;0;0;0
0;Robozone;Action / Shooter / 2D;Games:R/RobozoneRobozone.slave;0;0;0;0
0;Rock 'n Roll;Puzzle / 2D;Games:R/RockNRollRockNRoll.Slave;0;0;0;0
0;Rock Challenge;Quiz;Games:R/RockChallengeRockChallenge.slave;0;0;0;0
0;Rock Star (French);Management / Business;Games:R/RockStarFrRockStarFr.slave;0;0;0;0
0;Rocket Ranger;Adventure / Action;Games:R/RocketRangerRocketRanger.Slave;0;0;0;0
0;Rocket Ranger (Censored);Adventure / Action;Games:R/RocketRangerCensoredRocketRangerCensored.Slave;0;0;0;0
0;Rocket Ranger (NTSC);Adventure / Action;Games:R/RocketRangerNTSCRocketRangerNTSC.Slave;0;0;0;0
0;Rockford;Maze / Digger;Games:R/RockfordRockford.slave;0;0;0;0
0;Rockstar - Never Trust Rotten Tangerines (Polish);Management / Business;Games:R/RockstarNTRTPlRockstarNTRTPl.Slave;0;0;0;0
0;Rockstar Ate My Hamster!;Management / Business;Games:R/RockStarAteMyHamsterRockStarAteMyHamster.slave;0;0;0;0
0;Rod-Land;Platform / Action;Games:R/RodLandRodLand.Slave;0;0;0;0
0;Rody & Mastico (French);Educational;Games:R/Rody&MasticoFrRody&MasticoFr.Slave;0;0;0;0
0;Rody & Mastico (German);Educational;Games:R/Rody&MasticoDeRody&MasticoDe.Slave;0;0;0;0
0;Rody & Mastico 2 (French);Educational;Games:R/Rody&Mastico2FrRody&Mastico2Fr.Slave;0;0;0;0
0;Rody & Mastico 3 (French);Educational;Games:R/Rody&Mastico3FrRody&Mastico3Fr.Slave;0;0;0;0
0;Rody & Mastico 4 - Rody Noel (French);Educational;Games:R/Rody&Mastico4RodyNoelFrRody&Mastico4RodyNoelFr.Slave;0;0;0;0
0;Rody & Mastico 5 (French);Educational;Games:R/Rody&Mastico5FrRody&Mastico5Fr.Slave;0;0;0;0
0;Rody & Mastico 6 (French);Educational;Games:R/Rody&Mastico6FrRody&Mastico6Fr.Slave;0;0;0;0
0;Rogue - The Adventure Game;RPG / Dungeon Crawler;Games:R/RogueRogue.Slave;0;0;0;0
0;Rogue Trooper;Platform / Action;Games:R/RogueTrooperRogueTrooper.Slave;0;0;0;0
0;Roketz (AGA);Reaction / Gravity;Games:R/RoketzAGARoketzAGA.Slave;0;0;0;0
0;Roll or Die (PD);Action / Multi Level;Games:R/RollOrDieRollOrDie.slave;0;0;0;0
0;Roller Coaster Rumbler;Action / Shooter / 3D;Games:R/RollerCoasterRumblerRollerCoasterRumbler.Slave;0;0;0;0
0;Rolling Ronny;Platform / Action;Games:R/RollingRonnyRollingRonny.Slave;0;0;0;0
0;Rolling Thunder;Action / Fighter 2D;Games:R/RollingThunderRollingThunder.slave;0;0;0;0
0;Rome AD92 - The Pathway To Power;Adventure / Isometric;Games:R/RomeAD92RomeAD92.Slave;0;0;0;0
0;Rotor;Reaction / Gravity;Games:R/RotorRotor.slave;0;0;0;0
0;Rotox;Action / Shooter / 2D;Games:R/RotoxRotox.slave;0;0;0;0
0;Round The Bend;Platform / Action;Games:R/RoundTheBendRoundTheBend.Slave;0;0;0;0
0;Rubicon;Platform / Action;Games:R/RubiconRubicon.slave;0;0;0;0
0;Ruesselsheim (AGA) (German);Management / Business;Games:R/RuesselsheimDeAGARuesselsheimDeAGA.Slave;0;0;0;0
0;Ruesselsheim (German);Management / Business;Games:R/RuesselsheimDeRuesselsheimDe.Slave;0;0;0;0
0;Ruff & Reddy Space Adventure;Platform / Action;Games:R/Ruff&ReddySpaceAdventureRuff&ReddySpaceAdventure.slave;0;0;0;0
0;Ruff'N'Tumble;Platform / Action;Games:R/RuffNTumbleRuffNTumble.slave;0;0;0;0
0;Ruff'N'Tumble (512KB);Platform / Action;Games:R/RuffNTumble512kRuffNTumble512k.slave;0;0;0;0
0;Ruffian;Platform / Action;Games:R/RuffianRuffian.Slave;0;0;0;0
0;Rugby - The World Cup;Sport / Rugby;Games:R/RugbyTheWorldCupRugbyTheWorldCup.Slave;0;0;0;0
0;Rugby - The World Cup (Early Build);Sport / Rugby;Games:R/RugbyTheWorldCupEarlyBuildRugbyTheWorldCupEarlyBld.Slave;0;0;0;0
0;Run the Gauntlet;Action / Multi Level;Games:R/RunTheGauntletRunTheGauntlet.Slave;0;0;0;0
0;Running Man, The;Platform / Action;Games:R/RunningManRunningMan.slave;0;0;0;0
0;Rush Hour (Coverdisk);Reaction / 2D;Games:R/RushhourRushhour.Slave;0;0;0;0
0;RVF Honda;Racing / Bike / Chase View;Games:R/RVFHondaRVFHonda.slave;0;0;0;0
0;Rygar (AGA);Action / Shooter / 2D;Games:R/RygarAGARygarAGA.slave;0;0;0;0
0;Rygar (AGA) (Chip Mem);Action / Shooter / 2D;Games:R/RygarAGAChipRygarAGAChip.slave;0;0;0;0
0;S.D.I (Cinemaware) (NTSC);Strategy / Action;Games:S/SDICinemawareNTSCSDICinemawareNTSC.Slave;0;0;0;0
0;S.T.U.N. Runner;Racing / Futuristic;Games:S/STUNRunnerSTUNRunner.Slave;0;0;0;0
0;Sabre Team;Strategy / Action;Games:S/SabreTeamSabreTeam.Slave;0;0;0;0
0;Sabre Team (AGA);Strategy / Action;Games:S/SabreTeamAGASabreTeamAGA.Slave;0;0;0;0
0;Sabre Team (CD32);Strategy / Action;Games:S/SabreTeamCD32SabreTeamCD32.Slave;0;0;0;0
0;Safari Guns - On Safari;Action / Shooter / Crosshair;Games:S/SafariGunsSafariGuns.Slave;0;0;0;0
0;Safari Guns - On Safari (French);Action / Shooter / Crosshair;Games:S/SafariGunsFrSafariGunsFr.Slave;0;0;0;0
0;Saint & Greavsie;Quiz;Games:S/Saint&GreavsieSaint&Greavsie.Slave;0;0;0;0
0;Saint Dragon;Action / Shooter / Horizontal;Games:S/SaintDragonSaintDragon.Slave;0;0;0;0
0;Salmon-Pink Max;Action / Duel / Versus;Games:S/SalmonPinkMaxSalmonPinkMax.Slave;0;0;0;0
0;Sanctuary (German);Adventure / Graphic;Games:S/SanctuaryDeSanctuaryDe.Slave;0;0;0;0
0;Santa's Xmas Caper;Platform / Action;Games:S/SantasXmasCaperSantasXmasCaper.Slave;0;0;0;0
0;Sarakon;Puzzle / 2D;Games:S/SarakonSarakon.slave;0;0;0;0
0;Sarcophaser;Action / Shooter / Horizontal;Games:S/SarcophaserSarcophaser.Slave;0;0;0;0
0;SAS Combat Simulator;Action / Shooter / Multi Way;Games:S/SASCombatSimulatorSASCombatSimulator.Slave;0;0;0;0
0;Satan;Action / Shooter / 2D;Games:S/SatanSatan.Slave;0;0;0;0
0;Savage;Action / Multi Level;Games:S/SavageSavage.Slave;0;0;0;0
0;Scapeghost;Adventure / Text;Games:S/ScapeghostScapeghost.Slave;0;0;0;0
0;Schmutzige Erbe, Das (German);Adventure / Point & Click;Games:S/SchmutzigeErbeDeSchmutzigeErbeDe.Slave;0;0;0;0
0;Schwarze Auge, Das - Die Schicksalsklinge (German);RPG / Dungeon Crawler;Games:S/SchwarzeAugeDeSchwarzeAugeDe.slave;0;0;0;0
0;Sci Fi;Action / Shooter / Horizontal;Games:S/SciFiSciFi.Slave;0;0;0;0
0;Scooby-Doo & Scrappy-Doo;Platform / Action;Games:S/ScoobyDoo&ScrappyDooScoobyDoo&ScrappyDoo.slave;0;0;0;0
0;Scorpio;Action / Shooter / Vertical;Games:S/ScorpioScorpio.Slave;0;0;0;0
0;Scorpion;Action / Fighter 2D;Games:S/ScorpionScorpion.Slave;0;0;0;0
0;Scrabble;Tabletop / Board Game;Games:S/ScrabbleScrabble.Slave;0;0;0;0
0;Scramble Spirits;Action / Shooter / Vertical;Games:S/ScrambleSpiritsScrambleSpirits.Slave;0;0;0;0
0;Scrolling Walls;Bat & Ball / 2D;Games:S/ScrollingWallsScrollingWalls.Slave;0;0;0;0
0;Second Samurai;Action / Fighter 2D;Games:S/SecondSamuraiSecondSamurai.slave;0;0;0;0
0;Second Samurai (AGA);Action / Fighter 2D;Games:S/SecondSamuraiAGASecondSamuraiAGA.slave;0;0;0;0
0;Seconds Out;Sport / Boxing;Games:S/SecondsOutSecondsOut.Slave;0;0;0;0
0;Secret Of Monkey Island, The;Adventure / Point & Click;Games:S/SecretOfMonkeyIslandSecretOfMonkeyIsland.slave;0;0;0;0
0;Secret Of Monkey Island, The (French);Adventure / Point & Click;Games:S/SecretOfMonkeyIslandFrSecretOfMonkeyIslandFr.slave;0;0;0;0
0;Secret Of Monkey Island, The (German);Adventure / Point & Click;Games:S/SecretOfMonkeyIslandDeSecretOfMonkeyIslandDe.slave;0;0;0;0
0;Secret Of Monkey Island, The (Italian);Adventure / Point & Click;Games:S/SecretOfMonkeyIslandItSecretOfMonkeyIslandIt.slave;0;0;0;0
0;Secret Of Monkey Island, The (Spanish);Adventure / Point & Click;Games:S/SecretOfMonkeyIslandEsSecretOfMonkeyIslandEs.slave;0;0;0;0
0;Secret Of The Silver Blades;RPG / Dungeon Crawler;Games:S/SecretOfTheSilverBladesSecretOfTheSilverBlades.Slave;0;0;0;0
0;Seek and Destroy;Action / Shooter / Multi Way;Games:S/Seek&DestroySeek&Destroy.Slave;0;0;0;0
0;Seek and Destroy (AGA);Action / Shooter / Multi Way;Games:S/Seek&DestroyAGASeek&DestroyAGA.Slave;0;0;0;0
0;Seelenturm, Der (AGA) (German);RPG / Isometric;Games:S/SeelenturmAGADeSeelenturmAGADe.Slave;0;0;0;0
0;Sensible Golf;Sport / Golf;Games:S/SensibleGolfSensibleGolf.Slave;0;0;0;0
0;Sensible Soccer - European Champions (1MB);Sport / Football / Soccer;Games:S/SensibleSoccerEuro1MBSensibleSoccerEuro1MB.Slave;0;0;0;0
0;Sensible Soccer - European Champions (512KB);Sport / Football / Soccer;Games:S/SensibleSoccerEuro512KBSensibleSoccerEuro512KB.Slave;0;0;0;0
0;Sensible Soccer (1MB);Sport / Football / Soccer;Games:S/SensibleSoccer1MBSensibleSoccer1MB.Slave;0;0;0;0
0;Sensible Soccer (512KB);Sport / Football / Soccer;Games:S/SensibleSoccer512KBSensibleSoccer512KB.Slave;0;0;0;0
0;Sensible Soccer (92-93) (1MB);Sport / Football / Soccer;Games:S/SensibleSoccer92931MBSensibleSoccer92931MB.Slave;0;0;0;0
0;Sensible Soccer (92-93) (512KB);Sport / Football / Soccer;Games:S/SensibleSoccer9293512KBSensibleSoccer9293512KB.Slave;0;0;0;0
0;Sensible Soccer International Edition (1MB);Sport / Football / Soccer;Games:S/SensibleSoccerIntEd1MBSensibleSoccerIntEd1MB.Slave;0;0;0;0
0;Sensible Soccer International Edition (512KB);Sport / Football / Soccer;Games:S/SensibleSoccerIntEd512KBSensibleSoccerIntEd512KB.Slave;0;0;0;0
0;Sensible Soccer International Edition (CD32);Sport / Football / Soccer;Games:S/SensibleSoccerIntlEdCD32SensibleSoccerIntlEdCD32.Slave;0;0;0;0
0;Sensible Soccer Meets Bulldog Blighty (92-93) (Coverdisk);Sport / Football / Soccer;Games:S/SensibleSoccerBulldogBltySensibleSoccerBulldogBlty.Slave;0;0;0;0
0;Sensible Train Spotter (Coverdisk);Reaction / 2D;Games:S/SensibleTrainSpottingSensibleTrainSpotting.Slave;0;0;0;0
0;Sensible World of Moon Soccer (Coverdisk);Sport / Football / Soccer;Games:S/SensibleWorldMoonSoccerSensibleWorldMoonSoccer.Slave;0;0;0;0
0;Sensible World Of Soccer;Unknown;Games:S/SensibleWorldOfSoccerSensibleWorldOfSoccer.Slave;0;0;0;0
0;Sensible World Of Soccer 11;Unknown;Games:S/SensibleWorldOfSoccer11SensibleWorldOfSoccer11.Slave;0;0;0;0
0;Sensible World Of Soccer 1617;Unknown;Games:S/SensibleWorldOfSoccer1617SensibleWorldOfSoccer1617.Slave;0;0;0;0
0;Sensible World Of Soccer 2020;Unknown;Games:S/SensibleWorldOfSoccer2020SensibleWorldOfSoccer2020.Slave;0;0;0;0
0;Sensible World Of Soccer 2021;Unknown;Games:S/SensibleWorldOfSoccer2021SensibleWorldOfSoccer2021.Slave;0;0;0;0
0;Sensible World Of Soccer 9596;Unknown;Games:S/SensibleWorldOfSoccer9596SensibleWorldOfSoccer9596.Slave;0;0;0;0
0;Sensible World Of Soccer 9697;Unknown;Games:S/SensibleWorldOfSoccer9697SensibleWorldOfSoccer9697.Slave;0;0;0;0
0;Sensible World Of Soccer 9798;Unknown;Games:S/SensibleWorldOfSoccer9798SensibleWorldOfSoccer9798.Slave;0;0;0;0
0;Sensible World Of Soccer Euro;Unknown;Games:S/SensibleWorldOfSoccerEuroSensibleWorldOfSoccerEuro.Slave;0;0;0;0
0;Sensible World Of Soccer WC 98;Unknown;Games:S/SensibleWorldOfSoccerWC98SensibleWorldOfSoccerWC98.Slave;0;0;0;0
0;Sentinel, The;Puzzle / 3D;Games:S/SentinelSentinel.Slave;0;0;0;0
0;Settlers, The;Management / Historical;Games:S/SettlersSettlers.slave;0;0;0;0
0;Settlers, The (French);Management / Historical;Games:S/SettlersFrSettlersFr.slave;0;0;0;0
0;Seven Cities of Gold (NTSC);Strategy / Historical;Games:S/SevenCitiesOfGoldNTSCSevenCitiesOfGoldNTSC.slave;0;0;0;0
0;Seven Gates Of Jambala Files;Unknown;Games:S/SevenGatesOfJambalaFilesSevenGatesOfJambalaFiles.slave;0;0;0;0
0;Seven Gates Of Jambala Image;Unknown;Games:S/SevenGatesOfJambalaImageSevenGatesOfJambalaImage.slave;0;0;0;0
0;Sextimates;Quiz / Adult;Games:S/SextimatesSextimates.Slave;0;0;0;0
0;Seymour Goes To Hollywood;Platform / Action;Games:S/SeymourGoesToHollywoodSeymourGoesToHollywood.slave;0;0;0;0
0;Shadow Dancer;Action / Fighter 2D;Games:S/ShadowDancerShadowDancer.slave;0;0;0;0
0;Shadow Fighter;Beat 'Em Up;Games:S/ShadowFighterShadowFighter.Slave;0;0;0;0
0;Shadow Fighter (AGA);Beat 'Em Up;Games:S/ShadowFighterAGAShadowFighterAGA.Slave;0;0;0;0
0;Shadow Fighter (CD32);Beat 'Em Up;Games:S/ShadowFighterCD32ShadowFighterCD32.Slave;0;0;0;0
0;Shadow Of The Beast;Action / Fighter 2D;Games:S/ShadowOfTheBeastShadowOfTheBeast.slave;0;0;0;0
0;Shadow Of The Beast (Game Demo);Action / Fighter 2D;Games:S/ShadowOfTheBeastDemoShadowOfTheBeastDemo.Slave;0;0;0;0
0;Shadow Of The Beast 2;Action / Fighter 2D;Games:S/ShadowOfTheBeast2ShadowOfTheBeast2.Slave;0;0;0;0
0;Shadow Of The Beast 2 (Game Demo);Action / Fighter 2D;Games:S/ShadowOfTheBeast2DemoShadowOfTheBeast2Demo.Slave;0;0;0;0
0;Shadow Of The Beast 2 (NTSC);Action / Fighter 2D;Games:S/ShadowOfTheBeast2NTSCShadowOfTheBeast2NTSC.Slave;0;0;0;0
0;Shadow Of The Beast 3;Action / Fighter 2D;Games:S/ShadowOfTheBeast3ShadowOfTheBeast3.slave;0;0;0;0
0;Shadow Of The Beast 3 (NTSC);Action / Fighter 2D;Games:S/ShadowOfTheBeast3NTSCShadowOfTheBeast3NTSC.slave;0;0;0;0
0;Shadow Sorcerer;RPG / Open World;Games:S/ShadowSorcererShadowSorcerer.Slave;0;0;0;0
0;Shadow Sorcerer (Multi);RPG / Open World;Games:S/ShadowSorcererDeFrItShadowSorcererDeFrIt.Slave;0;0;0;0
0;Shadow Warriors;Action / Fighter 2.5D;Games:S/ShadowWarriorsShadowWarriors.Slave;0;0;0;0
0;Shadowgate;Adventure / Graphic;Games:S/ShadowgateShadowgate.Slave;0;0;0;0
0;Shadowlands;RPG / Open World;Games:S/ShadowlandsShadowlands.Slave;0;0;0;0
0;Shadoworlds;Strategy / Space;Games:S/ShadoworldsShadoworlds.Slave;0;0;0;0
0;Shanghai;Tabletop / Mahjong;Games:S/ShanghaiShanghai.Slave;0;0;0;0
0;Shanghai (French);Tabletop / Mahjong;Games:S/ShanghaiFrShanghaiFr.Slave;0;0;0;0
0;Shanghai (NTSC);Tabletop / Mahjong;Games:S/ShanghaiNTSCShanghaiNTSC.Slave;0;0;0;0
0;Shaq Fu;Beat 'Em Up;Games:S/ShaqFuShaqFu.slave;0;0;0;0
0;Shaq Fu (AGA);Beat 'Em Up;Games:S/ShaqFuAGAShaqFuAGA.slave;0;0;0;0
0;Sharkey's Moll;Action / Shooter / Crosshair;Games:S/SharkeysMollSharkeysMoll.Slave;0;0;0;0
0;She-Fox;Action / Fighter 2D;Games:S/SheFoxSheFox.slave;0;0;0;0
0;Sherman-M4;Simulator / Tank;Games:S/ShermanM4ShermanM4.slave;0;0;0;0
0;Shinobi;Action / Fighter 2D;Games:S/ShinobiShinobi.Slave;0;0;0;0
0;Shinobi (NTSC);Action / Fighter 2D;Games:S/ShinobiNTSCShinobiNTSC.Slave;0;0;0;0
0;ShockWave;Action / Shooter / Crosshair;Games:S/ShockWaveShockWave.Slave;0;0;0;0
0;Short Grey, The (Intro) (French);Misc / Intro Disk;Games:S/ShortgreyFrIntroFr.Slave;0;0;0;0
0;Short Grey, The (Intro) (French);Misc / Intro Disk;Games:S/ShortgreyFrShortgreyFr.Slave;0;0;0;0
0;Shuffle;Puzzle / 2D;Games:S/ShuffleShuffle.Slave;0;0;0;0
0;Shufflepuck Cafe;Bat & Ball / 3D;Games:S/ShufflepuckCafeShufflepuckCafe.Slave;0;0;0;0
0;Shufflepuck Cafe (French);Bat & Ball / 3D;Games:S/ShufflepuckCafeFrShufflepuckCafeFr.Slave;0;0;0;0
0;Shuttle - The Space Flight Simulator;Simulator / Space;Games:S/ShuttleShuttle.Slave;0;0;0;0
0;Side Arms - Hyper Dyne;Action / Shooter / Horizontal;Games:S/SideArmsSideArms.slave;0;0;0;0
0;Sideshow;Action / Carnival;Games:S/SideShowSideShow.Slave;0;0;0;0
0;SideWinder;Action / Shooter / Vertical;Games:S/SideWinderSidewinder.Slave;0;0;0;0
0;SideWinder (Arcadia);Action / Shooter / Vertical;Games:S/SideWinderArcadiaSideWinderArcadia.Slave;0;0;0;0
0;SideWinder 2;Action / Shooter / Vertical;Games:S/SideWinder2SideWinder2.Slave;0;0;0;0
0;Siedler, Die (German);Management / Historical;Games:S/SiedlerDeSiedlerDe.slave;0;0;0;0
0;Sierra Soccer - World Challenge Edition;Sport / Football / Soccer;Games:S/SierraSoccerSierraSoccer.Slave;0;0;0;0
0;Silent Service;Simulator / Submarine;Games:S/SilentServiceSilentService.Slave;0;0;0;0
0;Silent Service 2 (NTSC);Simulator / Submarine;Games:S/SilentService2NTSCSilentService2NTSC.slave;0;0;0;0
0;Silicon Dreams (NTSC);Adventure / Text;Games:S/SiliconDreamsNTSCSiliconDreamsNTSC.Slave;0;0;0;0
0;Silkworm;Action / Shooter / Horizontal;Games:S/SilkwormSilkworm.slave;0;0;0;0
0;Silly Putty;Platform / Puzzle;Games:S/SillyPuttySillyPutty.Slave;0;0;0;0
0;Sim City (1.2);Management / City;Games:S/SimCitySimCity.Slave;0;0;0;0
0;Sim City (1.2) (NTSC);Management / City;Games:S/SimCityNTSCSimCityNTSC.Slave;0;0;0;0
0;Sim City (512KB);Management / City;Games:S/SimCity512KBSimCity512KB.Slave;0;0;0;0
0;Sim City (CDTV);Management / City;Games:S/SimCityCDTVSimCityCDTV.Slave;0;0;0;0
0;Sim Earth (Hi Res);Simulator / Life;Games:S/SimEarthHiResSimEarthHiRes.Slave;0;0;0;0
0;Sim Earth (Hi Res) (French);Simulator / Life;Games:S/SimEarthHiResFrSimEarthHiResFr.Slave;0;0;0;0
0;Sim Earth (Hi Res) (German);Simulator / Life;Games:S/SimEarthHiResDeSimEarthHiResDe.Slave;0;0;0;0
0;Sim Earth (Low Res);Simulator / Life;Games:S/SimEarthLoResSimEarthLoRes.Slave;0;0;0;0
0;Sim Earth (Low Res) (French);Simulator / Life;Games:S/SimEarthLoResFrSimEarthLoResFr.Slave;0;0;0;0
0;Sim Earth (Low Res) (German);Simulator / Life;Games:S/SimEarthLoResDeSimEarthLoResDe.Slave;0;0;0;0
0;Sim Life;Simulator / Life;Games:S/SimLifeSimLife.Slave;0;0;0;0
0;Sim Life (AGA);Simulator / Life;Games:S/SimLifeAGASimLifeAGA.Slave;0;0;0;0
0;Sim Life (German);Simulator / Life;Games:S/SimLifeDeSimLifeDe.Slave;0;0;0;0
0;SimAnt (Hi Res);Simulator / Life;Games:S/SimAntHiResSimAntHires.slave;0;0;0;0
0;SimAnt (Hi Res) (French);Simulator / Life;Games:S/SimAntHiResFrSimAntHiresFr.slave;0;0;0;0
0;SimAnt (Hi Res) (German);Simulator / Life;Games:S/SimAntHiResDeSimAntHiresDe.slave;0;0;0;0
0;SimAnt (Low Res);Simulator / Life;Games:S/SimAntLoResSimAntLoRes.slave;0;0;0;0
0;SimAnt (Low Res) (French);Simulator / Life;Games:S/SimAntLoResFrSimAntLoResFr.slave;0;0;0;0
0;SimAnt (Low Res) (German);Simulator / Life;Games:S/SimAntLoResDeSimAntLoResDe.slave;0;0;0;0
0;Simon The Sorcerer;Adventure / Point & Click;Games:S/SimonTheSorcererSimonTheSorcerer.Slave;0;0;0;0
0;Simon The Sorcerer (AGA);Adventure / Point & Click;Games:S/SimonTheSorcererAGASimonTheSorcererAGA.Slave;0;0;0;0
0;Simon The Sorcerer (AGA) (French);Adventure / Point & Click;Games:S/SimonTheSorcererAGAFrSimonTheSorcererAGAFr.Slave;0;0;0;0
0;Simon The Sorcerer (AGA) (German);Adventure / Point & Click;Games:S/SimonTheSorcererAGADeSimonTheSorcererAGADe.Slave;0;0;0;0
0;Simon The Sorcerer (French);Adventure / Point & Click;Games:S/SimonTheSorcererFrSimonTheSorcererFr.Slave;0;0;0;0
0;Simon The Sorcerer (German);Adventure / Point & Click;Games:S/SimonTheSorcererDeSimonTheSorcererDe.Slave;0;0;0;0
0;Simulcra;Action / Shooter / 3D;Games:S/SimulcraSimulcra.Slave;0;0;0;0
0;Simulman 01 - Simulman (Italian);Adventure / Point & Click;Games:S/Simulman01ItSimulman01It.Slave;0;0;0;0
0;Simulman 02 - Nella Morsa Di SS DOS (Italian);Adventure / Point & Click;Games:S/Simulman02ItSimulman02It.Slave;0;0;0;0
0;Simulman 03 - Nel Regno Di Doors (Italian);Adventure / Point & Click;Games:S/Simulman03ItSimulman03It.Slave;0;0;0;0
0;Simulman 04 - Il Mordo Simultato (Italian);Adventure / Point & Click;Games:S/Simulman04ItSimulman04It.Slave;0;0;0;0
0;Simulman 05 - I Rapitori Di Sogni (Italian);Adventure / Point & Click;Games:S/Simulman05ItSimulman05It.Slave;0;0;0;0
0;Simulman 06 - Luna Park (Moon Park) (Italian);Adventure / Point & Click;Games:S/Simulman06ItSimulman06It.Slave;0;0;0;0
0;Simulman 07 - Il ande eddo (Italian);Adventure / Point & Click;Games:S/Simulman07ItSimulman07It.Slave;0;0;0;0
0;Simulman 08 - Il Giardino Virtuale (Italian);Adventure / Point & Click;Games:S/Simulman08ItSimulman08It.Slave;0;0;0;0
0;Simulman 09 - Il Giocattolaio (Italian);Adventure / Point & Click;Games:S/Simulman09ItSimulman09It.Slave;0;0;0;0
0;Simulman 10 - Pentagram (Italian);Adventure / Point & Click;Games:S/Simulman10ItSimulman10It.Slave;0;0;0;0
0;Simulman 11 - Jailhouse Rock (Italian);Adventure / Point & Click;Games:S/Simulman11ItSimulman11It.Slave;0;0;0;0
0;Sinbad & The Throne Of The Falcon (NTSC);Adventure / Action;Games:S/SinbadNTSCSinbadNTSC.Slave;0;0;0;0
0;Sink Or Swim 1 MB;Unknown;Games:S/SinkOrSwim1MBSinkOrSwim1MB.Slave;0;0;0;0
0;Sink Or Swim 512 KB;Unknown;Games:S/SinkOrSwim512KBSinkOrSwim512KB.Slave;0;0;0;0
0;Sir Fred The Legend;Unknown;Games:S/SirFredTheLegendSirFredTheLegend.slave;0;0;0;0
0;Sixiang;Puzzle / 2D;Games:S/SixiangSixiang.Slave;0;0;0;0
0;Skaermtrolden Hugo (In a Mine) (Danish);Action / Multi Level;Games:S/SkaermtroldenHugoDkSkaermtroldenHugoDk.Slave;0;0;0;0
0;Skate Of The Art;Sport / Extreme;Games:S/SkateOfTheArtSkateOfTheArt.Slave;0;0;0;0
0;Skaut Kwatermaster (Polish);Adventure / Point & Click;Games:S/SkautKwatermasterPlSkautKwatermasterPl.slave;0;0;0;0
0;Skeet Shoot;Action / Shooter / Crosshair;Games:S/SkeetShootSkeetShoot.Slave;0;0;0;0
0;Skeleton Krew (AGA);Action / Shooter / Isometric;Games:S/SkeletonKrewAGASkeletonKrewAGA.slave;0;0;0;0
0;Skeleton Krew (CD32);Action / Shooter / Isometric;Games:S/SkeletonKrewCD32SkeletonKrewCD32.slave;0;0;0;0
0;Ski or Die;Sport / Winter;Games:S/SkiOrDieSkiOrDie.Slave;0;0;0;0
0;Skidmarks;Racing / Car / Isometric;Games:S/SkidmarksSkidmarks.slave;0;0;0;0
0;Skidmarks (AGA);Racing / Car / Isometric;Games:S/SkidmarksAGASkidmarksAGA.slave;0;0;0;0
0;Skidoo;Racing / Other;Games:S/SkidooSkidoo.Slave;0;0;0;0
0;Skidz;Sport / Extreme;Games:S/SkidzSkidz.Slave;0;0;0;0
0;Skrull;Adventure / Action;Games:S/SkrullSkrull.Slave;0;0;0;0
0;Skull & Crossbones;Action / Fighter 2D;Games:S/Skull&CrossbonesSkull&CrossBones.slave;0;0;0;0
0;Skweek;Puzzle / 2D;Games:S/SkweekSkweek.Slave;0;0;0;0
0;Sky Fighter;Action / Shooter / Vertical;Games:S/SkyFighterSkyFighter.Slave;0;0;0;0
0;Sky High Stuntman;Action / Shooter / Vertical;Games:S/SkyHighStuntmanSkyHighStuntman.Slave;0;0;0;0
0;Skyblaster;Action / Shooter / 3D;Games:S/SkyblasterSkyblaster.Slave;0;0;0;0
0;SkyChase;Action / Duel / Versus;Games:S/SkyChaseSkyChase.Slave;0;0;0;0
0;SkyChase (Fast Mem);Action / Duel / Versus;Games:S/SkyChaseFastSkyChaseFast.Slave;0;0;0;0
0;Skyfox (NTSC);Action / Shooter / 3D;Games:S/SkyfoxNTSCSkyfoxNTSC.slave;0;0;0;0
0;Skyfox 2 - The Cygnus Conflict;Action / Shooter / 3D;Games:S/Skyfox2Skyfox2.Slave;0;0;0;0
0;Slackskin & Flint;Platform / Action;Games:S/Slackskin&FlintSlackskin&Flint.Slave;0;0;0;0
0;Slam Tilt (AGA);Pinball;Games:S/SlamTiltAGASlamTiltAGA.Slave;0;0;0;0
0;Slam Tilt (AGA) (2MB);Pinball;Games:S/SlamTiltAGA2MBSlamTiltAGA2MB.Slave;0;0;0;0
0;Slam Tilt (Game Demo) (AGA);Pinball;Games:S/SlamTiltDemoAGASlamTiltDemoAGA.Slave;0;0;0;0
0;Slayer;Action / Shooter / Horizontal;Games:S/SlayerSlayer.Slave;0;0;0;0
0;Sleeping Gods Lie;RPG / Open World;Games:S/SleepingGodsLieSleepingGodsLie.Slave;0;0;0;0
0;Sleepwalker;Platform / Puzzle;Games:S/SleepwalkerSleepwalker.Slave;0;0;0;0
0;Sleepwalker (AGA);Platform / Puzzle;Games:S/SleepwalkerAGASleepwalkerAGA.Slave;0;0;0;0
0;Sleepwalker (Comic Relief);Platform / Puzzle;Games:S/SleepwalkerComicReliefSleepwalkerComicRelief.Slave;0;0;0;0
0;Sleepwalker (Comic Relief) (AGA);Platform / Puzzle;Games:S/SleepwalkerAGAComicReliefSleepwalkerAGAComicRelief.Slave;0;0;0;0
0;Sliders;Puzzle / Isometric;Games:S/SlidersSliders.Slave;0;0;0;0
0;Slightly Magic;Platform / Puzzle;Games:S/SlightlyMagicSlightlyMagic.slave;0;0;0;0
0;Slip Stream;Action / Shooter / 3D;Games:S/SlipStreamSlipStream.Slave;0;0;0;0
0;Sly Spy - Secret Agent;Action / Multi Level;Games:S/SlySpySecretAgentSlySpySecretAgent.slave;0;0;0;0
0;Smarty And The Nasty Gluttons;Platform / Action;Games:S/SmartyAndTheNastyGluttonsSmartyAndTheNastyGluttons.slave;0;0;0;0
0;Smash;Sport / Tennis;Games:S/SmashSmash.slave;0;0;0;0
0;Smash TV;Action / Shooter / Multi Way;Games:S/SmashTVSmashTV.Slave;0;0;0;0
0;Snapperazzi;Platform / Action;Games:S/SnapperazziSnapperazzi.Slave;0;0;0;0
0;Sneech V1.52 (PD);Reaction / Light Cycle;Games:S/SneechSneech.Slave;0;0;0;0
0;Snoopy & Peanuts;Adventure / Action;Games:S/Snoopy&PeanutsSnoopy&Peanuts.Slave;0;0;0;0
0;Snoopy& Peanuts No Sounds;Unknown;Games:S/Snoopy&PeanutsNoSoundsSnoopy&PeanutsNoSounds.Slave;0;0;0;0
0;Snow Bros (Files);Platform / Action;Games:S/SnowBrosFilesSnowBrosFiles.slave;0;0;0;0
0;Snow Bros (Image);Platform / Action;Games:S/SnowBrosImageSnowBrosImage.slave;0;0;0;0
0;Snow Strike;Simulator / Plane / Combat;Games:S/SnowStrikeSnowStrike.Slave;0;0;0;0
0;Soccer Kid;Platform / Action;Games:S/SoccerKidSoccerKid.Slave;0;0;0;0
0;Soccer Kid (1MB Chip);Platform / Action;Games:S/SoccerKid1MbChipSoccerKid1MbChip.Slave;0;0;0;0
0;Soccer Kid (AGA);Platform / Action;Games:S/SoccerKidAGASoccerKidAGA.Slave;0;0;0;0
0;Soccer Kid (CD32);Platform / Action;Games:S/SoccerKidCD32SoccerKidCD32.Slave;0;0;0;0
0;Soccer Pinball;Pinball;Games:S/SoccerPinballSoccerPinball.slave;0;0;0;0
0;Soccer Superstars;Sport / Football / Soccer;Games:S/SoccerSuperstarsSoccerSuperstars.Slave;0;0;0;0
0;Soccer Superstars (AGA);Sport / Football / Soccer;Games:S/SoccerSuperstarsAGASoccerSuperstarsAGA.Slave;0;0;0;0
0;Soccer Superstars (German);Sport / Football / Soccer;Games:S/SoccerSuperstarsDeSoccerSuperstarsDe.Slave;0;0;0;0
0;Sol Negro;Action / Shooter / Horizontal;Games:S/SolNegroSolNegro.Slave;0;0;0;0
0;Soldier 2000;Action / Shooter / Crosshair;Games:S/Soldier2000Soldier2000.Slave;0;0;0;0
0;Soldier Of Light - Xain'd Sleena;Action / Shooter / 2D;Games:S/SoldierOfLightSoldierOfLight.slave;0;0;0;0
0;Solid Gold (PD);Platform / Action;Games:S/SolidGoldSolidGold.slave;0;0;0;0
0;Solomon's Key 2;Platform / Puzzle;Games:S/SolomonsKey2SolomonsKey2.Slave;0;0;0;0
0;Son Shu-Shi;Platform / Action;Games:S/SonShuShiSonShuShi.Slave;0;0;0;0
0;Sonic Boom;Action / Shooter / Vertical;Games:S/SonicBoomSonicBoom.slave;0;0;0;0
0;Sooty & Sweep;Platform / Action;Games:S/Sooty&SweepSooty&Sweep.Slave;0;0;0;0
0;Sooty's Fun With Numbers;Educational;Games:S/SootysFunWithNumbersSootysFunWithNumbers.slave;0;0;0;0
0;Sophelie;Action / Shooter / Horizontal;Games:S/SophelieSophelie.Slave;0;0;0;0
0;Sorcerer Lord;Strategy / Historical;Games:S/SorcererLordSorcererLord.Slave;0;0;0;0
0;Sorcerer Lord (French);Strategy / Historical;Games:S/SorcererLordFrSorcererLordFr.Slave;0;0;0;0
0;Sorceror's Apprentice;Platform / Action;Games:S/SorcerorsApprenticeSorcerorsApprentice.Slave;0;0;0;0
0;Sorcery+;Platform / Puzzle;Games:S/SorceryPlusSorceryPlus.Slave;0;0;0;0
0;Sorefist;Action / Fighter 2.5D;Games:S/SorefistSorefist.Slave;0;0;0;0
0;Space Ace;Adventure / Action;Games:S/SpaceAceSpaceAce.slave;0;0;0;0
0;Space Ace (Game Demo);Adventure / Action;Games:S/SpaceAceDemoSpaceAceDemo.Slave;0;0;0;0
0;Space Ace 2 - Borf's Revenge;Adventure / Action;Games:S/SpaceAce2SpaceAce2.Slave;0;0;0;0
0;Space Assault;Action / Shooter / Horizontal;Games:S/SpaceAssaultSpaceAssault.slave;0;0;0;0
0;Space Crusade;RPG / Open World;Games:S/SpaceCrusadeSpaceCrusade.Slave;0;0;0;0
0;Space Crusade & The Voyage Beyond;RPG / Open World;Games:S/SpaceCrusade&VoyageBeyondSpaceCrusade.Slave;0;0;0;0
0;Space Crusade & The Voyage Beyond;RPG / Open World;Games:S/SpaceCrusade&VoyageBeyondVoyageBeyond.Slave;0;0;0;0
0;Space Gun;Action / Shooter / Crosshair;Games:S/SpaceGunSpaceGun.Slave;0;0;0;0
0;Space Harrier;Action / Shooter / 3D;Games:S/SpaceHarrierSpaceHarrier.Slave;0;0;0;0
0;Space Harrier - Return To The Fantasy Zone;Action / Shooter / 3D;Games:S/SpaceHarrier&RetrnFntZoneSpaceHarrier.slave;0;0;0;0
0;Space Harrier (NTSC);Action / Shooter / 3D;Games:S/SpaceHarrierNTSCSpaceHarrierNTSC.Slave;0;0;0;0
0;Space Harrier 2;Action / Shooter / 3D;Games:S/SpaceHarrier2SpaceHarrier2.Slave;0;0;0;0
0;Space Hulk;RPG / Dungeon Crawler;Games:S/SpaceHulkSpaceHulk.Slave;0;0;0;0
0;Space MAX (German);Management / Space;Games:S/SpaceMAXDeSpaceMAXDe.Slave;0;0;0;0
0;Space Pilot 89;Action / Shooter / Multi Way;Games:S/SpacePilot89SpacePilot89.Slave;0;0;0;0
0;Space Quest 1 - The Sarien Encounter (Enhanced);Adventure / Point & Click;Games:S/SpaceQuestEnhancedSpaceQuestEnhanced.slave;0;0;0;0
0;Space Quest 1 (NTSC);Adventure / Point & Click;Games:S/SpaceQuestNTSCSpaceQuestNTSC.Slave;0;0;0;0
0;Space Quest 2 - Vohaul's Revenge;Adventure / Point & Click;Games:S/SpaceQuest2SpaceQuest2.slave;0;0;0;0
0;Space Quest 3 - The Pirates of Pestulon;Adventure / Point & Click;Games:S/SpaceQuest3SpaceQuest3.slave;0;0;0;0
0;Space Quest 3 - The Pirates of Pestulon (German);Adventure / Point & Click;Games:S/SpaceQuest3DeSpaceQuest3De.slave;0;0;0;0
0;Space Quest 4 - Roger Wilco & The Time Rippers (German);Adventure / Point & Click;Games:S/SpaceQuest4DeSpaceQuest4De.slave;0;0;0;0
0;Space Quest 4 - Roger Wilco & The Time Rippers (MT32) (Ge;Adventure / Point & Click;Games:S/SpaceQuest4DeMT32SpaceQuest4DeMT32.slave;0;0;0;0
0;Space Quest 4 - Roger Wilco & The Time Rippers (NTSC);Adventure / Point & Click;Games:S/SpaceQuest4NTSCSpaceQuest4NTSC.slave;0;0;0;0
0;Space Quest 4 - Roger Wilco & The Time Rippers (NTSC) (MT;Adventure / Point & Click;Games:S/SpaceQuest4NTSCMT32SpaceQuest4NTSCMT32.slave;0;0;0;0
0;Space Racer;Racing / Futuristic;Games:S/SpaceRacerSpaceRacer.Slave;0;0;0;0
0;Space Racer (French);Racing / Futuristic;Games:S/SpaceRacerFrSpaceRacerFr.Slave;0;0;0;0
0;Space Ranger (Arcadia);Action / Shooter / Horizontal;Games:S/SpaceRangerArcadiaSpaceRangerArcadia.Slave;0;0;0;0
0;Space Rogue;Strategy / Space;Games:S/SpaceRogueSpaceRogue.Slave;0;0;0;0
0;Space Station (Part 1);Action / Shooter / 2D;Games:S/SpaceStationSpaceStation.Slave;0;0;0;0
0;Spaceball;Bat & Ball / 2D;Games:S/SpaceballSpaceball.slave;0;0;0;0
0;Spacecutter (NTSC);Action / Shooter / 3D;Games:S/SpacecutterNTSCSpacecutterNTSC.Slave;0;0;0;0
0;Spaceport;Action / Shooter / 2D;Games:S/SpaceportSpaceport.Slave;0;0;0;0
0;Spacewrecked (NTSC);RPG / Dungeon Crawler;Games:S/SpacewreckedNTSCSpacewreckedNTSC.Slave;0;0;0;0
0;Special Forces;Strategy / Action;Games:S/SpecialForcesSpecialForces.slave;0;0;0;0
0;Speed Buggy (NTSC);Racing / Car / Chase View;Games:S/SpeedBuggyNTSCSpeedBuggyNTSC.slave;0;0;0;0
0;Speedball;Sport / Futuristic;Games:S/SpeedballSpeedball.slave;0;0;0;0
0;Speedball (NTSC);Sport / Futuristic;Games:S/SpeedballNTSCSpeedballNTSC.slave;0;0;0;0
0;Speedball 2 - Brutal Deluxe;Sport / Futuristic;Games:S/Speedball2Speedball2.Slave;0;0;0;0
0;Speedball 2 - Brutal Deluxe (CD32);Sport / Futuristic;Games:S/Speedball2CD32Speedball2CD32.slave;0;0;0;0
0;Speedball 2 - Brutal Deluxe (NTSC);Sport / Futuristic;Games:S/Speedball2NTSCSpeedball2NTSC.Slave;0;0;0;0
0;Speedboat Assassin;Action / Shooter / Vehicle;Games:S/SpeedboatAssassinsSpeedboatAssassins.Slave;0;0;0;0
0;Spell Bound;Unknown;Games:S/SpellBoundSpellBound.Slave;0;0;0;0
0;Spellbound Dizzy;Platform / Action;Games:S/SpellboundDizzySpellboundDizzy.Slave;0;0;0;0
0;Spellfire the Sorceror;Platform / Action;Games:S/SpellfireTheSorcererSpellfireTheSorcerer.slave;0;0;0;0
0;Speris Legacy, The (AGA);RPG / Open World;Games:S/SperisLegacyAGASperisLegacyAGA.Slave;0;0;0;0
0;Speris Legacy, The (CD32);RPG / Open World;Games:S/SperisLegacyCD32SperisLegacyCD32.Slave;0;0;0;0
0;Spherical;Puzzle / 2D;Games:S/SphericalSpherical.Slave;0;0;0;0
0;Spherical Worlds;Action / Shooter / Multi Way;Games:S/SphericalWorldsSphericalWorlds.Slave;0;0;0;0
0;Spherical Worlds (CD-ROM);Action / Shooter / Multi Way;Games:S/SphericalWorldsCDSphericalWorldsCD.Slave;0;0;0;0
0;Spiderman 1 - L'Uomo Ragno - Il Ritorno Di Hobgoblin;Adventure / Action;Games:S/SpidermanSpiderman.Slave;0;0;0;0
0;Spiderman 2 - L'Uomo Ragno - E Ora, Carnage!;Adventure / Action;Games:S/Spiderman2Spiderman2.Slave;0;0;0;0
0;Spiderman 3 - L'Uomo Ragno - Destino Incrociato!;Adventure / Action;Games:S/Spiderman3Spiderman3.Slave;0;0;0;0
0;Spidertronic;Puzzle / Isometric;Games:S/SpidertronicSpidertronic.Slave;0;0;0;0
0;Spike in Transylvania;Platform / Action;Games:S/SpikeInTransylvaniaSpikeInTransylvania.Slave;0;0;0;0
0;Spindizzy Worlds;Puzzle / Isometric;Games:S/SpindizzyWorldsSpindizzyWorlds.slave;0;0;0;0
0;Spirilon (AGA);Action / Shooter / Horizontal;Games:S/SpirilonAGASpirilonAGA.Slave;0;0;0;0
0;Spirit Of Adventure (One Disk) (German);RPG / Dungeon Crawler;Games:S/SpiritOfAdventureDe1DiskSpiritOfAdventureDe1Disk.slave;0;0;0;0
0;Spirit Of Adventure (Three Disk) (German);RPG / Dungeon Crawler;Games:S/SpiritOfAdventureDe3DiskSpiritOfAdventureDe3Disk.slave;0;0;0;0
0;Spirit of Excalibur;Adventure / Action;Games:S/SpiritOfExcaliburSpiritOfExcalibur.slave;0;0;0;0
0;Spirit of Excalibur (NTSC);Adventure / Action;Games:S/SpiritOfExcaliburNTSCSpiritOfExcaliburNTSC.slave;0;0;0;0
0;Spitting Image - The Computer Game;Beat 'Em Up;Games:S/SpittingImageSpittingImage.slave;0;0;0;0
0;SportTime Table Hockey (Arcadia);Sport / Bar / Saloon / Pub;Games:T/TableHockeyArcadiaTableHockeyArcadia.Slave;0;0;0;0
0;SportTime Ten Pin Bowling (Arcadia);Sport / Bowling;Games:T/TenPinBowlingArcadiaTenPinBowlingArcadia.Slave;0;0;0;0
0;Spot;Puzzle / 2D;Games:S/SpotSpot.Slave;0;0;0;0
0;Spot (Arcadia);Puzzle / 2D;Games:S/SpotArcadiaSpotArcadia.Slave;0;0;0;0
0;Spy Vs Spy;Action / Duel / Versus;Games:S/SpyVsSpySpyVsSpy.Slave;0;0;0;0
0;Spy Vs Spy 2 - The Island Caper;Action / Duel / Versus;Games:S/SpyVsSpy2TheIslandCaperSpyVsSpy2TheIslandCaper.Slave;0;0;0;0
0;Spy Vs Spy 3 - Arctic Antics;Action / Duel / Versus;Games:S/SpyVsSpy3ArcticAnticsSpyVsSpy3ArcticAntics.Slave;0;0;0;0
0;Spy Who Loved Me, The;Action / Multi Level;Games:S/SpyWhoLovedMeSpyWhoLovedMe.Slave;0;0;0;0
0;Sqrxz (PD);Platform / Action;Games:S/SqrxzSqrxz.Slave;0;0;0;0
0;Stack Up;Reaction / Tetris;Games:S/StackUpStackUp.Slave;0;0;0;0
0;Star Command;Strategy / Space;Games:S/StarCommandStarCommand.Slave;0;0;0;0
0;Star Control;Strategy / Space;Games:S/StarControlStarControl.Slave;0;0;0;0
0;Star Crusader (AGA);Action / Shooter / 3D;Games:S/StarCrusaderAGAStarCrusaderAGA.Slave;0;0;0;0
0;Star Goose!;Action / Shooter / Vertical;Games:S/StarGooseStarGoose.Slave;0;0;0;0
0;Star Trek - 25th Anniversary (AGA);Adventure / Point & Click;Games:S/StarTrek25thAnnivAGAStarTrek25thAnnivAGA.Slave;0;0;0;0
0;Star Trek - 25th Anniversary (AGA) (French);Adventure / Point & Click;Games:S/StarTrek25thAnnivAGAFrStarTrek25thAnnivAGAFr.Slave;0;0;0;0
0;Star Trek - 25th Anniversary (AGA) (German);Adventure / Point & Click;Games:S/StarTrek25thAnnivAGADeStarTrek25thAnnivAGADe.Slave;0;0;0;0
0;Star Wars;Action / Shooter / 3D;Games:S/StarWarsStarWars.Slave;0;0;0;0
0;Star Wars - Return Of The Jedi;Action / Shooter / Isometric;Games:R/ReturnOfTheJediReturnOfTheJedi.slave;0;0;0;0
0;Star Wars - The Empire Strikes Back;Action / Shooter / 3D;Games:E/EmpireStrikesBackEmpireStrikesBack.Slave;0;0;0;0
0;Starball;Bat & Ball / 2D;Games:S/StarballStarball.slave;0;0;0;0
0;Starbirds (PD);Action / Shooter / Horizontal;Games:S/StarbirdsStarbirds.Slave;0;0;0;0
0;Starblade;Adventure / Action;Games:S/StarbladeStarblade.Slave;0;0;0;0
0;Starblade (Fast Mem);Adventure / Action;Games:S/StarbladeFastStarbladeFast.slave;0;0;0;0
0;Starblade (Fast Mem) (French);Adventure / Action;Games:S/StarbladeFastFrStarbladeFastFr.slave;0;0;0;0
0;Starblade (French);Adventure / Action;Games:S/StarbladeFrStarbladeFr.Slave;0;0;0;0
0;Starblaze;Action / Shooter / 3D;Games:S/StarblazeStarblaze.slave;0;0;0;0
0;Stardust;Action / Shooter / Multi Way;Games:S/StardustStardust.slave;0;0;0;0
0;Starflight;Strategy / Space;Games:S/StarflightStarflight.Slave;0;0;0;0
0;Starglider;Action / Shooter / 3D;Games:S/StargliderStarglider.Slave;0;0;0;0
0;Starglider 2;Action / Shooter / 3D;Games:S/Starglider2Starglider2.Slave;0;0;0;0
0;Starians (Coverdisk);Platform / Action;Games:S/StariansStarians.slave;0;0;0;0
0;Starlord;Strategy / Space;Games:S/StarlordStarlord.Slave;0;0;0;0
0;Starlord (French);Strategy / Space;Games:S/StarlordFrStarlordFr.Slave;0;0;0;0
0;Starlord (German);Strategy / Space;Games:S/StarlordDeStarlordDe.Slave;0;0;0;0
0;StarQuake;Action / Shooter / 2D;Games:S/StarquakeStarquake.slave;0;0;0;0
0;StarRay;Action / Shooter / Horizontal;Games:S/StarRayStarRay.slave;0;0;0;0
0;StarRay (No Intro);Action / Shooter / Horizontal;Games:S/StarRayNoIntroStarRayNoIntro.slave;0;0;0;0
0;StarTrash;Puzzle / Isometric;Games:S/StarTrashStarTrash.slave;0;0;0;0
0;Starush (Files);Action / Shooter / Horizontal;Games:S/StarushFilesStarushFiles.Slave;0;0;0;0
0;Starush (Image);Action / Shooter / Horizontal;Games:S/StarushImageStarushImage.Slave;0;0;0;0
0;Steel;Action / Shooter / 2D;Games:S/SteelSteel.Slave;0;0;0;0
0;Steel Empire;Strategy / Action;Games:S/SteelEmpireSteelEmpire.Slave;0;0;0;0
0;Steg the Slug;Platform / Action;Games:S/StegTheSlugStegTheSlug.slave;0;0;0;0
0;Steigar;Action / Shooter / Horizontal;Games:S/SteigarSteigar.Slave;0;0;0;0
0;Stellar 7 (German);Action / Shooter / 3D;Games:S/Stellar7DeStellar7De.Slave;0;0;0;0
0;Stellar 7 (NTSC);Action / Shooter / 3D;Games:S/Stellar7NTSCStellar7NTSC.Slave;0;0;0;0
0;Stone Age;Puzzle / 2D;Games:S/StoneAgeStoneAge.slave;0;0;0;0
0;Storia Ancestrale - Chapter 4;Adventure / Action;Games:S/StoriaAncestraleStoriaAncestrale.Slave;0;0;0;0
0;Storm Master;Strategy / Action;Games:S/StormMasterStormMaster.Slave;0;0;0;0
0;Storm Master (Fast Mem);Strategy / Action;Games:S/StormMasterFastStormMasterFast.Slave;0;0;0;0
0;Storm Master (Fast Mem) (French);Strategy / Action;Games:S/StormMasterFastFrStormMasterFastFr.Slave;0;0;0;0
0;Storm Master (Fast Mem) (German);Strategy / Action;Games:S/StormMasterFastDeStormMasterFastDe.slave;0;0;0;0
0;Storm Master (French);Strategy / Action;Games:S/StormMasterFrStormMasterFr.Slave;0;0;0;0
0;Storm Master (German);Strategy / Action;Games:S/StormMasterDeStormMasterDe.Slave;0;0;0;0
0;Stormball;Sport / Futuristic;Games:S/StormballStormball.Slave;0;0;0;0
0;Stormlord;Action / Shooter / 2D;Games:S/StormlordStormlord.Slave;0;0;0;0
0;Stormlord (NTSC);Action / Shooter / 2D;Games:S/StormlordNTSCStormlordNTSC.Slave;0;0;0;0
0;Stormlord (Pre Release);Action / Shooter / 2D;Games:S/StormlordPrereleaseStormlordPrerelease.Slave;0;0;0;0
0;Stratego;Strategy / Battle / 2D;Games:S/StrategoStratego.Slave;0;0;0;0
0;Street Fighter;Beat 'Em Up;Games:S/StreetFighterStreetFighter.slave;0;0;0;0
0;Street Fighter 2 - The World Warrior;Beat 'Em Up;Games:S/StreetFighter2StreetFighter2.slave;0;0;0;0
0;Street Gang;Action / Fighter 2D;Games:S/StreetGangStreetGang.slave;0;0;0;0
0;Street Hockey;Sport / Other;Games:S/StreetHockeyStreetHockey.Slave;0;0;0;0
0;Street Racer (CD-ROM) (AGA);Racing / Car / Chase View;Games:S/StreetRacerAGACDStreetRacerAGACD.slave;0;0;0;0
0;Street Rod;Racing / Car / Driver View;Games:S/StreetRodStreetRod.slave;0;0;0;0
0;Street Rod 2;Racing / Car / Driver View;Games:S/StreetRod2StreetRod2.slave;0;0;0;0
0;Street Sports Basketball (NTSC);Sport / Basketball;Games:S/StreetSportsBBNTSCStreetSportsBBNTSC.Slave;0;0;0;0
0;Strider;Action / Fighter 2D;Games:S/StriderStrider.Slave;0;0;0;0
0;Strider 2;Action / Fighter 2D;Games:S/Strider2Strider2.Slave;0;0;0;0
0;Strike Aces (NTSC);Simulator / Plane / Combat;Games:S/StrikeAcesNTSCStrikeAcesNTSC.Slave;0;0;0;0
0;Strike Fleet;Strategy / Action;Games:S/StrikefleetStrikefleet.slave;0;0;0;0
0;Strike Force Harrier;Simulator / Plane / Combat;Games:S/StrikeForceHarrierStrikeForceHarrier.Slave;0;0;0;0
0;Striker;Sport / Football / Soccer;Games:S/StrikerStriker.slave;0;0;0;0
0;Strip Poker;Tabletop / Cards / Adult;Games:S/StripPokerStripPoker.slave;0;0;0;0
0;Strip Poker 2;Tabletop / Cards / Adult;Games:S/StripPoker2StripPoker2.slave;0;0;0;0
0;Strip Poker 2+;Tabletop / Cards / Adult;Games:S/StripPoker2+StripPoker2+.Slave;0;0;0;0
0;Strip Poker 2+ & Data Disk;Tabletop / Cards / Adult;Games:S/StripPoker2+&DataDisk1StripPoker2+&DataDisk1.Slave;0;0;0;0
0;Strip Pot (AGA);Gambling / Adult;Games:S/StripPotAGAStripPotAGA.Slave;0;0;0;0
0;Strip Pot (CD32);Gambling / Adult;Games:S/StripPotCD32StripPotCD32.Slave;0;0;0;0
0;Stryx;Platform / Action;Games:S/StryxStryx.Slave;0;0;0;0
0;Stunt Car Racer;Racing / Car / Driver View;Games:S/StuntCarRacerStuntCarRacer.Slave;0;0;0;0
0;Stunt Car Racer TNT;Racing / Car / Driver View;Games:S/StuntCarRacerTNTStuntCarRacerTNT.Slave;0;0;0;0
0;Stunt Track Racer (NTSC);Racing / Car / Driver View;Games:S/StuntTrackRacerNTSCStuntTrackRacerNTSC.Slave;0;0;0;0
0;Sub Battle Simulator (NTSC);Simulator / Submarine;Games:S/SubBattleSimulatorNTSCSubBattleSimulatorNTSC.Slave;0;0;0;0
0;Subbuteo - The Computer Game;Tabletop / Board Game;Games:S/SubbuteoSubbuteo.Slave;0;0;0;0
0;Subtrade Return To Irata;Strategy / Space;Games:S/SubtradeSubtrade.slave;0;0;0;0
0;Suburban Commando;Action / Multi Level;Games:S/SuburbanCommandoSuburbanCommando.Slave;0;0;0;0
0;Subwar 2050 (AGA);Action / Shooter / 3D;Games:S/Subwar2050AGASubwar2050AGA.slave;0;0;0;0
0;Subwar 2050 (CD32);Action / Shooter / 3D;Games:S/Subwar2050CD32Subwar2050CD32.slave;0;0;0;0
0;Summer Camp;Platform / Action;Games:S/SummerCampSummerCamp.Slave;0;0;0;0
0;Summer Challenge;Sport / Multi;Games:S/SummerChallengeSummerChallenge.Slave;0;0;0;0
0;Summer Games;Sport / Multi;Games:S/SummerGamesSummerGames.slave;0;0;0;0
0;Summer Games 1 & 2;Sport / Multi;Games:S/SummerGames&SummerGames2SummerGames&SummerGames2.slave;0;0;0;0
0;Summer Games 2;Sport / Multi;Games:S/SummerGames2SummerGames2.slave;0;0;0;0
0;Summer Olympiad;Sport / Multi;Games:S/SummerOlympiadSummerOlympiad.Slave;0;0;0;0
0;Supaplex;Maze / Digger;Games:S/SupaplexSupaplex.Slave;0;0;0;0
0;Super C;Action / Fighter 2.5D;Games:S/SuperCSuperC.Slave;0;0;0;0
0;Super C (Fast Mem);Action / Fighter 2.5D;Games:S/SuperCFastSuperCFast.Slave;0;0;0;0
0;Super Cars (One Disk);Racing / Car / Top Down;Games:S/SuperCars1DiskSuperCars1Disk.Slave;0;0;0;0
0;Super Cars (Two Disk);Racing / Car / Top Down;Games:S/SuperCars2DiskSuperCars2Disk.Slave;0;0;0;0
0;Super Cars 2;Racing / Car / Top Down;Games:S/SuperCars2SuperCars2.slave;0;0;0;0
0;Super Cauldron;Platform / Action;Games:S/SuperCauldronSuperCauldron.Slave;0;0;0;0
0;Super Gem Z;Puzzle / 2D;Games:S/SuperGemZSuperGemZ.slave;0;0;0;0
0;Super Grand Prix;Racing / Car / Top Down;Games:S/SuperGrandPrixSuperGrandPrix.Slave;0;0;0;0
0;Super Grid Runner;Action / Shooter / 2D;Games:S/SuperGridRunnerSuperGridRunner.Slave;0;0;0;0
0;Super Hang On;Racing / Bike / Chase View;Games:S/SuperHangOnSuperHangOn.slave;0;0;0;0
0;Super Loopz (AGA);Puzzle / 2D;Games:S/SuperLoopzAGASuperLoopzAGA.Slave;0;0;0;0
0;Super Methane Bros;Platform / Puzzle;Games:S/SuperMethaneBrosSuperMethaneBros.slave;0;0;0;0
0;Super Methane Bros (CD32);Platform / Puzzle;Games:S/SuperMethaneBrosCD32SuperMethaneBrosCD32.slave;0;0;0;0
0;Super Monaco GP;Racing / Car / Driver View;Games:S/SuperMonacoGPSuperMonacoGP.slave;0;0;0;0
0;Super Obliteration (PD);Action / Shooter / 2D;Games:S/SuperObliterationSuperObliteration.Slave;0;0;0;0
0;Super OsWALD (Danish);Puzzle / 2D;Games:S/SuperOsWALDDkSuperOsWALDDk.Slave;0;0;0;0
0;Super Putty (CD32);Platform / Action;Games:S/SuperPuttyCD32SuperPuttyCD32.Slave;0;0;0;0
0;Super Scramble Simulator;Racing / Bike / Side View;Games:S/SuperScrambleSimulatorSuperScrambleSimulator.slave;0;0;0;0
0;Super Seymour Saves The Planet;Platform / Action;Games:S/SuperSeymourSavesPlanetSuperSeymourSavesPlanet.slave;0;0;0;0
0;Super Silly Skid Marks (CD-ROM);Racing / Car / Isometric;Games:S/SuperSillySkidmarksCDSuperSillySkidmarksCD.slave;0;0;0;0
0;Super Silly Skid Marks (CD-ROM) (Low Mem);Racing / Car / Isometric;Games:S/SuperSillySkidmarksLMCDSuperSillySkidmarksLMCD.slave;0;0;0;0
0;Super Ski (French);Sport / Winter;Games:S/SuperSkiFrSuperSkiFr.Slave;0;0;0;0
0;Super Ski II;Sport / Winter;Games:S/SuperSki2SuperSki2.slave;0;0;0;0
0;Super Skid Marks;Racing / Car / Isometric;Games:S/SuperSkidmarksSuperSkidmarks.slave;0;0;0;0
0;Super Skid Marks (CD-ROM);Racing / Car / Isometric;Games:S/SuperSkidmarksCDSuperSkidmarksCD.slave;0;0;0;0
0;Super Skid Marks (CD-ROM) (Low Mem);Racing / Car / Isometric;Games:S/SuperSkidmarksLMCDSuperSkidmarksLMCD.slave;0;0;0;0
0;Super Skid Marks (Farm Yard Ed.) (CD-ROM);Racing / Car / Isometric;Games:S/SuperSkidmarksFYEdCD//Games:S/SuperSkidmarksFYEdCD//Games:S/SuperSkidmarksFYEdCD//Games:S/SuperSkidmarksFYEdCD/Games:S/SuperSkidmarksFYEdCD//Games:S/SuperSkidmarksFYEdCD//Games:S/SuperSkidmarksFYEdCD//Games:S/SuperSkidmarksFYEdCD//;0;0;0;0
0;Super Skid Marks (Farm Yard Ed.) (CD-ROM);Racing / Car / Isometric;Games:S/SuperSkidmarksFYEdCDSuperSkidmarksFYEdCD.slave;0;0;0;0
0;Super Skid Marks (Farm Yard Ed.) (CD-ROM) (Low Mem);Racing / Car / Isometric;Games:S/SuperSkidmarksFYEdLMCDSuperSkidmarksFYEdLMCD.slave;0;0;0;0
0;Super Skid Marks (Low Mem);Racing / Car / Isometric;Games:S/SuperSkidmarksLowMemSuperSkidmarksLowMem.slave;0;0;0;0
0;Super Skid Marks+ (CD-ROM);Racing / Car / Isometric;Games:S/SuperSkidmarks+CDSuperSkidmarks+CD.slave;0;0;0;0
0;Super Skid Marks+ (CD-ROM) (Low Mem);Racing / Car / Isometric;Games:S/SuperSkidmarks+LMCDSuperSkidmarks+LMCD.slave;0;0;0;0
0;Super SkidMarks (CD32);Racing / Car / Isometric;Games:S/SuperSkidmarksCD32SuperSkidmarksCD32.slave;0;0;0;0
0;Super SkidMarks (CD32) (Low Mem);Racing / Car / Isometric;Games:S/SuperSkidmarksLowMemCD32SuperSkidmarksLowMemCD32.slave;0;0;0;0
0;Super Skweek (1MB);Puzzle / 2D;Games:S/SuperSkweek1MBSuperSkweek1MB.Slave;0;0;0;0
0;Super Skweek (512KB);Puzzle / 2D;Games:S/SuperSkweek512KBSuperSkweek512KB.Slave;0;0;0;0
0;Super Space Invaders;Action / Shooter / 2D;Games:S/SuperSpaceInvadersSuperSpaceInvaders.slave;0;0;0;0
0;Super Space Invaders (NTSC);Action / Shooter / 2D;Games:S/SuperSpaceInvadersNTSCSuperSpaceInvadersNTSC.slave;0;0;0;0
0;Super Stardust (AGA);Action / Shooter / 2D;Games:S/SuperStardustAGASuperStardustAGA.slave;0;0;0;0
0;Super Street Fighter II - The New Challengers;Beat 'Em Up;Games:S/SuperStreetFighter2SuperStreetFighter2.Slave;0;0;0;0
0;Super Street Fighter II - The New Challengers (AGA);Beat 'Em Up;Games:S/SuperStreetFighter2AGASuperStreetFighter2AGA.Slave;0;0;0;0
0;Super Street Fighter II - The New Challengers Deluxe (AGA;Beat 'Em Up;Games:S/SuperStreetFighter2DXAGASuperStreetFighter2DXAGA.Slave;0;0;0;0
0;Super Street Fighter II Turbo (Intro) (AGA);Misc / Intro Disk;Games:S/SuprStrtFtr2TrboAGASuprStrtFtr2TrboAGA.slave;0;0;0;0
0;Super Street Fighter II Turbo (Intro) (AGA);Misc / Intro Disk;Games:S/SuprStrtFtr2TrboAGASuprStrtFtr2TrboIntroAGA.slave;0;0;0;0
0;Super Street Fighter II Turbo (Intro) (CD32);Misc / Intro Disk;Games:S/SuprStrtFtr2TrboCD32SuprStrtFtr2TrboIntroCD32.slave;0;0;0;0
0;Super Street Fighter II Turbo (Intro) (CD32);Misc / Intro Disk;Games:S/SuprStrtFtr2TrboCD32SuprStrtFtr2TrboCD32.slave;0;0;0;0
0;Super Tennis Champs;Sport / Tennis;Games:S/SuprTennisChmpsSuprTennisChmps.Slave;0;0;0;0
0;Super Tennis Champs & Data Disk;Sport / Tennis;Games:S/SuprTennisChmps&DataDisksSuprTennisChmps&DataDisks.Slave;0;0;0;0
0;Super Tetris;Reaction / Tetris;Games:S/SuperTetrisSuperTetris.Slave;0;0;0;0
0;Super Twintris (Coverdisk);Reaction / Tetris;Games:S/SuperTwintrisSuperTwintris.Slave;0;0;0;0
0;Superfrog (Amiga Action) (Game Demo) (Coverdisk);Platform / Action;Games:S/SuperfrogDemoAmigaActionSuperfrogDemoAmigaAction.Slave;0;0;0;0
0;Superfrog (CU Amiga) (Game Demo) (Coverdisk);Platform / Action;Games:S/SuperfrogDemoCUAmigaSuperfrogDemoCUAmiga.Slave;0;0;0;0
0;Superfrog (Intro);Misc / Intro Disk;Games:S/SuperfrogSuperfrog.slave;0;0;0;0
0;Superfrog (Intro);Misc / Intro Disk;Games:S/SuperfrogSuperfrogIntro.slave;0;0;0;0
0;Superfrog (Intro) (CD32);Misc / Intro Disk;Games:S/SuperfrogCD32SuperfrogIntroCD32.slave;0;0;0;0
0;Superfrog (Intro) (CD32);Misc / Intro Disk;Games:S/SuperfrogCD32SuperfrogCD32.slave;0;0;0;0
0;Superfrog (The One) (Game Demo) (Coverdisk);Platform / Action;Games:S/SuperfrogDemoTheOneSuperfrogDemoTheOne.Slave;0;0;0;0
0;Superhero (Game Demo);Action / Fighter 2D;Games:S/SuperheroDemoSuperheroDemo.Slave;0;0;0;0
0;Superman - The Man of Steel;Action / Shooter / 3D;Games:S/SupermanSuperman.Slave;0;0;0;0
0;Superstar Ice Hockey;Sport / Ice Hockey;Games:S/SuperstarIceHockeySuperstarIceHockey.Slave;0;0;0;0
0;Supremacy - Your Will Be Done;Strategy / Space;Games:S/SupremacySupremacy.Slave;0;0;0;0
0;Surf Ninjas (AGA);Action / Fighter 2D;Games:S/SurfNinjasAGASurfNinjasAGA.slave;0;0;0;0
0;Suspicious Cargo;Adventure / Graphic;Games:S/SuspiciousCargoSuspiciousCargo.Slave;0;0;0;0
0;Swap;Puzzle / 2D;Games:S/SwapSwap.Slave;0;0;0;0
0;Swap (French);Puzzle / 2D;Games:S/SwapFrSwapFr.Slave;0;0;0;0
0;Switchblade;Action / Shooter / 2D;Games:S/SwitchbladeSwitchblade.Slave;0;0;0;0
0;Switchblade 2;Action / Shooter / 2D;Games:S/Switchblade2Switchblade2.Slave;0;0;0;0
0;SWIV;Action / Shooter / Vertical;Games:S/SWIVSWIV.Slave;0;0;0;0
0;Swooper;Action / Shooter / 2D;Games:S/SwooperSwooper.Slave;0;0;0;0
0;Sword;Platform / Action;Games:S/SwordSword.Slave;0;0;0;0
0;Sword & The Rose, The;Action / Shooter / 2D;Games:S/Sword&TheRoseSword&TheRose.slave;0;0;0;0
0;Sword Of Aragon;Strategy / Battle / 2D;Games:S/SwordOfAragonSwordOfAragon.Slave;0;0;0;0
0;Sword Of Honour;Action / Fighter 2D;Games:S/SwordOfHonourSwordOfHonour.slave;0;0;0;0
0;Sword Of Sodan;Action / Fighter 2D;Games:S/SwordOfSodanSwordOfSodan.Slave;0;0;0;0
0;Swords & Galleons;Adventure / Action;Games:S/Swords&GalleonsSwords&Galleons.slave;0;0;0;0
0;Swords Of Twilight;RPG / Open World;Games:S/SwordsOfTwilightSwordsOfTwilight.Slave;0;0;0;0
0;Syndicate;Action / Shooter / Isometric;Games:S/SyndicateSyndicate.slave;0;0;0;0
0;Syndicate (CD32);Action / Shooter / Isometric;Games:S/SyndicateCD32SyndicateCD32.slave;0;0;0;0
0;Syndicate (German);Action / Shooter / Isometric;Games:S/SyndicateDeSyndicateDe.slave;0;0;0;0
0;Syndicate & American Revolt (Coverdisk);Action / Shooter / Isometric;Games:S/SyndicateAmericanRevoltSyndicateAmericanRevolt.slave;0;0;0;0
0;T-Bird;Action / Shooter / 3D;Games:T/TBirdTBird.Slave;0;0;0;0
0;T-Racer;Action / Shooter / Horizontal;Games:T/TRacerTRacer.Slave;0;0;0;0
0;T-Zer0 (Game Demo) (AGA);Action / Shooter / Horizontal;Games:T/TZer0DemoAGATZer0DemoAGA.Slave;0;0;0;0
0;T-Zer0 (No Movie) (Game Demo) (AGA);Action / Shooter / Horizontal;Games:T/TZer0DemoNoMovieAGATZer0DemoNoMovieAGA.Slave;0;0;0;0
0;T2 - The Arcade Game;Action / Shooter / Crosshair;Games:T/Terminator2ArcadeTerminator2Arcade.slave;0;0;0;0
0;Table Tennis Simulation;Sport / Other;Games:T/TableTennisSimulationTableTennisSimulation.Slave;0;0;0;0
0;Taekwondo;Beat 'Em Up;Games:T/TaekwondoTaekwondo.Slave;0;0;0;0
0;Take'em Out;Action / Shooter / Crosshair;Games:T/TakeEmOutTakeEmOut.slave;0;0;0;0
0;Tanglewood;RPG / Open World;Games:T/TanglewoodTanglewood.Slave;0;0;0;0
0;Tangram;Puzzle / 2D;Games:T/TangramTangram.slave;0;0;0;0
0;Targhan;Adventure / Action;Games:T/TarghanTarghan.Slave;0;0;0;0
0;Targhan (Fast Mem);Adventure / Action;Games:T/TarghanFastTarghanFast.slave;0;0;0;0
0;Targhan (Fast Mem) (French);Adventure / Action;Games:T/TarghanFastFrTarghanFastFr.slave;0;0;0;0
0;Targhan (French);Adventure / Action;Games:T/TarghanFrTarghanFr.Slave;0;0;0;0
0;Targhan (NTSC);Adventure / Action;Games:T/TarghanNTSCTarghanNTSC.Slave;0;0;0;0
0;Tass Times In Tonetown;Adventure / Text;Games:T/TassTimesInTonetownTassTimesInTonetown.Slave;0;0;0;0
0;Team Suzuki;Racing / Bike / Rider View;Games:T/TeamSuzukiTeamSuzuki.Slave;0;0;0;0
0;Team Yankee;Simulator / Tank;Games:T/TeamYankeeTeamYankee.Slave;0;0;0;0
0;Tearaway Thomas;Platform / Action;Games:T/TearawayThomasTearawayThomas.slave;0;0;0;0
0;Tech;Reaction / Light Cycle;Games:T/TechTech.Slave;0;0;0;0
0;Technocop;Action / Multi Level;Games:T/TechnocopTechnocop.Slave;0;0;0;0
0;Technology 2 (PD);Gambling / Fruit Machine;Games:T/Technology2Technology2.Slave;0;0;0;0
0;Tecnoball;Bat & Ball / 2D;Games:T/TecnoballTecnoball.slave;0;0;0;0
0;Teenage Mutant Hero Turtles;Action / Fighter 2D;Games:T/TeenageMtntHeroTurtlesTeenageMtntHeroTurtles.Slave;0;0;0;0
0;Teenage Mutant Hero Turtles Coin-Op;Action / Fighter 2.5D;Games:T/TeenageMtntHeroTurtlesCOpTeenageMtntHeroTurtlesCOp.slave;0;0;0;0
0;Teenage Mutant Ninja Turtles;Action / Fighter 2D;Games:T/TeenageMtntNinjaTurtlesTeenageMtntNinjaTurtles.Slave;0;0;0;0
0;Teenage Queen;Tabletop / Cards / Adult;Games:T/TeenageQueenTeenageQueen.Slave;0;0;0;0
0;Teller, The (French);Puzzle / 2D;Games:T/TellerFrTellerFr.Slave;0;0;0;0
0;Temple of Apshai Trilogy;RPG / Open World;Games:T/TempleOfApshaiTrilogyTempleOfApshaiTrilogy.Slave;0;0;0;0
0;Temple Of Enlightened Souls;Beat 'Em Up;Games:T/TempleOfEnlightenedSoulsTempleOfEnlightenedSouls.Slave;0;0;0;0
0;Templos Sagrados, Los (Spanish);Adventure / Text;Games:T/TemplosSagradosEsTemplosSagradosEs.slave;0;0;0;0
0;Tennis Champs (Coverdisk);Sport / Tennis;Games:T/TennisChampsTennisChamps.Slave;0;0;0;0
0;Tennis Cup (1MB);Sport / Tennis;Games:T/TennisCup1MbTennisCup1Mb.Slave;0;0;0;0
0;Tennis Cup (1MB) (French);Sport / Tennis;Games:T/TennisCup1MbFrTennisCup1MbFr.Slave;0;0;0;0
0;Tennis Cup (512KB);Sport / Tennis;Games:T/TennisCup512KbTennisCup512Kb.Slave;0;0;0;0
0;Tennis Cup (512KB) (French);Sport / Tennis;Games:T/TennisCup512KbFrTennisCup512KbFr.Slave;0;0;0;0
0;Tennis Cup 2;Sport / Tennis;Games:T/TennisCup2TennisCup2.slave;0;0;0;0
0;Tensai (Game Demo);Action / Fighter 2D;Games:T/TensaiDemoTensaiDemo.Slave;0;0;0;0
0;Terminator 2 - Judgment Day;Action / Multi Level;Games:T/Terminator2JudgmentDayTerminator2JudgmentDay.Slave;0;0;0;0
0;Terramex;Adventure / Action;Games:T/TerramexTerramex.Slave;0;0;0;0
0;Terrorpods;Strategy / Action;Games:T/TerrorpodsTerrorpods.Slave;0;0;0;0
0;Terry's Big Adventure;Platform / Action;Games:T/TerrysBigAdventureTerrysBigAdventure.Slave;0;0;0;0
0;Test Drive;Racing / Car / Driver View;Games:T/TestDriveTestDrive.slave;0;0;0;0
0;Test Drive 2;Racing / Car / Driver View;Games:T/TestDrive2TestDrive2.slave;0;0;0;0
0;Test Drive 2 & Data Disks;Racing / Car / Driver View;Games:T/TestDrive2&DataDisksTestDrive2&DataDisks.slave;0;0;0;0
0;Tetra Quest;Puzzle / 2D;Games:T/TetraQuestTetraQuest.slave;0;0;0;0
0;Tetris - The Soviet Challenge;Reaction / Tetris;Games:T/TetrisInfogramesTetrisInfogrames.Slave;0;0;0;0
0;Tetris (Mirrorsoft);Reaction / Tetris;Games:T/TetrisMirrorsoftTetrisMirrorsoft.Slave;0;0;0;0
0;Tetris Pro;Reaction / Tetris;Games:T/TetrisProTetrisPro.Slave;0;0;0;0
0;Tetrix (Coverdisk);Reaction / Tetris;Games:T/TetrixTetrix.Slave;0;0;0;0
0;Tex - Piombo Caldo - Part 1 (Italian);Adventure / Action;Games:T/TexPiomboCaldoPart1ItTexPiomboCaldoPart1It.Slave;0;0;0;0
0;Tex - Piombo Caldo - Part 2 (Italian);Adventure / Action;Games:T/TexPiomboCaldoPart2ItTexPiomboCaldoPart2It.Slave;0;0;0;0
0;Tex 01 - Mefisto (Italian);Adventure / Action;Games:T/Tex01ItTex01It.Slave;0;0;0;0
0;Tex 02 - Il Drago Rosso (Italian);Adventure / Action;Games:T/Tex02ItTex02It.Slave;0;0;0;0
0;Tex 03 - Spettri (Italian);Adventure / Action;Games:T/Tex03ItTex03It.Slave;0;0;0;0
0;Tex 04 - San Francisco (Italian);Adventure / Action;Games:T/Tex04ItTex04It.Slave;0;0;0;0
0;Tex 05 - Diabolico Intrigo (Italian);Adventure / Action;Games:T/Tex05ItTex05It.Slave;0;0;0;0
0;Tex 06 - Lotta Sul Mare (Italian);Adventure / Action;Games:T/Tex06ItTex06It.Slave;0;0;0;0
0;Tex 07 - Il Morisco (Italian);Adventure / Action;Games:T/Tex07ItTex07It.Slave;0;0;0;0
0;Tex 08 - Dramma Al Circo (Italian);Adventure / Action;Games:T/Tex08ItTex08It.Slave;0;0;0;0
0;Tex 09 - Il Fiore lla Morte (Italian);Adventure / Action;Games:T/Tex09ItTex09It.Slave;0;0;0;0
0;Tex 10 - Kento Non Perdona (Italian);Adventure / Action;Games:T/Tex10ItTex10It.Slave;0;0;0;0
0;Tex 11 - Duello All'Alba (Italian);Adventure / Action;Games:T/Tex11ItTex11It.Slave;0;0;0;0
0;Tex 12 - La Mano Rossa (Italian);Adventure / Action;Games:T/Tex12ItTex12It.Slave;0;0;0;0
0;TFX (Coverdisk) (AGA);Simulator / Plane / Combat;Games:T/TFXAGATFXAGA.slave;0;0;0;0
0;Theatre Of Death;Action / Shooter / 2D;Games:T/TheatreOfDeathTheatreOfDeath.Slave;0;0;0;0
0;Their Finest Hour - The Battle of Britain;Simulator / Plane / WW2;Games:T/TheirFinestHourTheirFinestHour.Slave;0;0;0;0
0;Their Finest Hour - The Battle of Britain & Missions;Simulator / Plane / WW2;Games:T/TheirFinestHour&MissionsTheirFinestHour&Missions.Slave;0;0;0;0
0;Theme Park;Management / Business;Games:T/ThemeParkThemePark.Slave;0;0;0;0
0;Theme Park (AGA);Management / Business;Games:T/ThemeParkAGAThemeParkAGA.Slave;0;0;0;0
0;Theme Park (CD32);Management / Business;Games:T/ThemeParkCD32ThemeParkCD32.slave;0;0;0;0
0;Theme Park Mystery;Adventure / Graphic;Games:T/ThemeParkMysteryThemeParkMystery.slave;0;0;0;0
0;Theme Park Mystery (NTSC);Adventure / Graphic;Games:T/ThemeParkMysteryNTSCThemeParkMysteryNTSC.slave;0;0;0;0
0;Thexder;Action / Multi Level;Games:T/ThexderThexder.slave;0;0;0;0
0;Third Courier, The;Adventure / Graphic;Games:T/ThirdCourierThirdCourier.Slave;0;0;0;0
0;Thomas The Tank Engine;Puzzle / 2D;Games:T/ThomasTheTankEngineThomasTheTankEngine.Slave;0;0;0;0
0;Thomas The Tank Engine 2;Puzzle / 2D;Games:T/ThomasTheTankEngine2ThomasTheTankEngine2.slave;0;0;0;0
0;Thomas The Tank Engine's Pinball (AGA);Pinball;Games:T/ThomasTankEngPinballAGAThomasTankEngPinballAGA.Slave;0;0;0;0
0;Thomas The Tank Engine's Pinball (CD32);Pinball;Games:T/ThomasTankEngPinballCD32ThomasTankEngPinballCD32.Slave;0;0;0;0
0;Three Stooges, The;Action / Multi Level;Games:T/ThreeStoogesThreeStooges.Slave;0;0;0;0
0;Three Stooges, The (NTSC);Action / Multi Level;Games:T/ThreeStoogesNTSCThreeStoogesNTSC.Slave;0;0;0;0
0;Thunder Blade;Action / Shooter / 3D;Games:T/ThunderBladeThunderBlade.Slave;0;0;0;0
0;Thunder Blade (NTSC);Action / Shooter / 3D;Games:T/ThunderBladeNTSCThunderBladeNTSC.Slave;0;0;0;0
0;Thunder Boy;Platform / Action;Games:T/ThunderBoyThunderBoy.Slave;0;0;0;0
0;Thunder Burner;Action / Shooter / 3D;Games:T/ThunderBurnerThunderBurner.Slave;0;0;0;0
0;Thunder Hawk AH 73 M;Unknown;Games:T/ThunderHawkAH73MThunderHawkAH73M.Slave;0;0;0;0
0;Thunder Hawk AH 73 MDe;Unknown;Games:T/ThunderHawkAH73MDeThunderHawkAH73MDe.Slave;0;0;0;0
0;Thunder Hawk AH 73 MFr;Unknown;Games:T/ThunderHawkAH73MFrThunderHawkAH73MFr.Slave;0;0;0;0
0;Thunder Jaws (Files);Action / Shooter / Horizontal;Games:T/ThunderJawsFilesThunderJawsFiles.slave;0;0;0;0
0;Thunder Jaws (Image);Action / Shooter / Horizontal;Games:T/ThunderJawsImageThunderJawsImage.slave;0;0;0;0
0;Thunderbirds;Adventure / Action;Games:T/ThunderbirdsThunderbirds.slave;0;0;0;0
0;ThunderCats;Action / Fighter 2D;Games:T/ThunderCatsThunderCats.slave;0;0;0;0
0;ThunderStrike;Action / Shooter / 3D;Games:T/ThunderStrikeThunderStrike.slave;0;0;0;0
0;Tiger Road;Action / Fighter 2D;Games:T/TigerRoadTigerRoad.Slave;0;0;0;0
0;Time;Adventure / Graphic;Games:T/TimeTime.Slave;0;0;0;0
0;Time (French);Adventure / Graphic;Games:T/TimeFrTimeFr.Slave;0;0;0;0
0;Time (German);Adventure / Graphic;Games:T/TimeDeTimeDe.Slave;0;0;0;0
0;Time And Magik - The Trilogy;Adventure / Text;Games:T/TimeAndMagikTimeAndMagik.Slave;0;0;0;0
0;Time Bandit;Adventure / Action;Games:T/TimeBanditTimeBandit.slave;0;0;0;0
0;Time Lock;Puzzle / 2D;Games:T/TimeLockTimeLock.slave;0;0;0;0
0;Time Machine;Adventure / Action;Games:T/TimeMachineTimeMachine.Slave;0;0;0;0
0;Time Race;Puzzle / 2D;Games:T/TimeRaceTimeRace.Slave;0;0;0;0
0;Time Runners 01 - Gateways in Time;Adventure / Action;Games:T/TimeRunners01TimeRunners01.Slave;0;0;0;0
0;Time Runners 02 - The Space Stone;Adventure / Action;Games:T/TimeRunners02TimeRunners02.Slave;0;0;0;0
0;Time Runners 03 - The Big Run;Adventure / Action;Games:T/TimeRunners03TimeRunners03.Slave;0;0;0;0
0;Time Runners 04 - The Castle Of Fear;Adventure / Action;Games:T/TimeRunners04TimeRunners04.Slave;0;0;0;0
0;Time Runners 05 - The Black Knight;Adventure / Action;Games:T/TimeRunners05TimeRunners05.Slave;0;0;0;0
0;Time Runners 06 - The Bewitched Forest;Adventure / Action;Games:T/TimeRunners06TimeRunners06.Slave;0;0;0;0
0;Time Runners 07 - The Land Of The Invaders;Adventure / Action;Games:T/TimeRunners07TimeRunners07.Slave;0;0;0;0
0;Time Runners 08 - The Impregnable Fortress;Adventure / Action;Games:T/TimeRunners08TimeRunners08.Slave;0;0;0;0
0;Time Runners 09 - The Time Demon;Adventure / Action;Games:T/TimeRunners09TimeRunners09.Slave;0;0;0;0
0;Time Runners 10 - The Time Sentry;Adventure / Action;Games:T/TimeRunners10TimeRunners10.Slave;0;0;0;0
0;Time Runners 11 - The Steel City;Adventure / Action;Games:T/TimeRunners11TimeRunners11.Slave;0;0;0;0
0;Time Runners 12 - A Target For The Cyborg;Adventure / Action;Games:T/TimeRunners12TimeRunners12.Slave;0;0;0;0
0;Time Runners 13 - Cyberkiller;Adventure / Action;Games:T/TimeRunners13TimeRunners13.Slave;0;0;0;0
0;Time Runners 14 - Toraxid - War Star;Adventure / Action;Games:T/TimeRunners14TimeRunners14.Slave;0;0;0;0
0;Time Runners 15 - At The Speed Of Light;Adventure / Action;Games:T/TimeRunners15TimeRunners15.Slave;0;0;0;0
0;Time Runners 16 - The Galaxy Emperor;Adventure / Action;Games:T/TimeRunners16TimeRunners16.Slave;0;0;0;0
0;Time Runners 17 - The Living Labyrinth;Adventure / Action;Games:T/TimeRunners17TimeRunners17.Slave;0;0;0;0
0;Time Runners 18 - The Killer Shadow;Adventure / Action;Games:T/TimeRunners18TimeRunners18.Slave;0;0;0;0
0;Time Runners 19 - The Nightmare Prince;Adventure / Action;Games:T/TimeRunners19TimeRunners19.Slave;0;0;0;0
0;Time Runners 20 - The Mountains Of Death;Adventure / Action;Games:T/TimeRunners20TimeRunners20.Slave;0;0;0;0
0;Time Runners 21 - The Black Dragon's Course;Adventure / Action;Games:T/TimeRunners21TimeRunners21.Slave;0;0;0;0
0;Time Runners 22 - The Eternal Damned;Adventure / Action;Games:T/TimeRunners22TimeRunners22.Slave;0;0;0;0
0;Time Runners 23 - The Time Monarch;Adventure / Action;Games:T/TimeRunners23TimeRunners23.Slave;0;0;0;0
0;Time Runners 24 - Beyond All Dimensions;Adventure / Action;Games:T/TimeRunners24TimeRunners24.Slave;0;0;0;0
0;Time Runners 25 - The Lost Planet Earth;Adventure / Action;Games:T/TimeRunners25TimeRunners25.Slave;0;0;0;0
0;Time Runners 26 - The Time Warrior;Adventure / Action;Games:T/TimeRunners26TimeRunners26.Slave;0;0;0;0
0;Time Runners 27 - Red Night;Adventure / Action;Games:T/TimeRunners27TimeRunners27.Slave;0;0;0;0
0;Time Runners 28 - Beyond The End;Adventure / Action;Games:T/TimeRunners28TimeRunners28.Slave;0;0;0;0
0;Time Runners 29 - The Last Revelation;Adventure / Action;Games:T/TimeRunners29TimeRunners29.Slave;0;0;0;0
0;Time Runners 30 - The Final Duel;Adventure / Action;Games:T/TimeRunners30TimeRunners30.Slave;0;0;0;0
0;Time Runners Series - 30 - The Final Duel;Adventure / Action;Games:T/TimeRunnersSeriesTimeRunners19.Slave;0;0;0;0
0;Time Runners Series - 30 - The Final Duel;Adventure / Action;Games:T/TimeRunnersSeriesTimeRunners20.Slave;0;0;0;0
0;Time Runners Series - 30 - The Final Duel;Adventure / Action;Games:T/TimeRunnersSeriesTimeRunners21.Slave;0;0;0;0
0;Time Runners Series - 30 - The Final Duel;Adventure / Action;Games:T/TimeRunnersSeriesTimeRunners22.Slave;0;0;0;0
0;Time Runners Series - 30 - The Final Duel;Adventure / Action;Games:T/TimeRunnersSeriesTimeRunners23.Slave;0;0;0;0
0;Time Runners Series - 30 - The Final Duel;Adventure / Action;Games:T/TimeRunnersSeriesTimeRunners24.Slave;0;0;0;0
0;Time Runners Series - 30 - The Final Duel;Adventure / Action;Games:T/TimeRunnersSeriesTimeRunners27.Slave;0;0;0;0
0;Time Runners Series - 30 - The Final Duel;Adventure / Action;Games:T/TimeRunnersSeriesTimeRunners25.Slave;0;0;0;0
0;Time Runners Series - 30 - The Final Duel;Adventure / Action;Games:T/TimeRunnersSeriesTimeRunners26.Slave;0;0;0;0
0;Time Runners Series - 30 - The Final Duel;Adventure / Action;Games:T/TimeRunnersSeriesTimeRunners30.Slave;0;0;0;0
0;Time Runners Series - 30 - The Final Duel;Adventure / Action;Games:T/TimeRunnersSeriesTimeRunners28.Slave;0;0;0;0
0;Time Runners Series - 30 - The Final Duel;Adventure / Action;Games:T/TimeRunnersSeriesTimeRunners29.Slave;0;0;0;0
0;Time Runners Series - 30 - The Final Duel;Adventure / Action;Games:T/TimeRunnersSeriesTimeRunners18.Slave;0;0;0;0
0;Time Runners Series - 30 - The Final Duel;Adventure / Action;Games:T/TimeRunnersSeriesTimeRunners17.Slave;0;0;0;0
0;Time Runners Series - 30 - The Final Duel;Adventure / Action;Games:T/TimeRunnersSeriesTimeRunners08.Slave;0;0;0;0
0;Time Runners Series - 30 - The Final Duel;Adventure / Action;Games:T/TimeRunnersSeriesTimeRunners15.Slave;0;0;0;0
0;Time Runners Series - 30 - The Final Duel;Adventure / Action;Games:T/TimeRunnersSeriesTimeRunners04.Slave;0;0;0;0
0;Time Runners Series - 30 - The Final Duel;Adventure / Action;Games:T/TimeRunnersSeriesTimeRunners06.Slave;0;0;0;0
0;Time Runners Series - 30 - The Final Duel;Adventure / Action;Games:T/TimeRunnersSeriesTimeRunners16.Slave;0;0;0;0
0;Time Runners Series - 30 - The Final Duel;Adventure / Action;Games:T/TimeRunnersSeriesTimeRunners14.Slave;0;0;0;0
0;Time Runners Series - 30 - The Final Duel;Adventure / Action;Games:T/TimeRunnersSeriesTimeRunners02.Slave;0;0;0;0
0;Time Runners Series - 30 - The Final Duel;Adventure / Action;Games:T/TimeRunnersSeriesTimeRunners03.Slave;0;0;0;0
0;Time Runners Series - 30 - The Final Duel;Adventure / Action;Games:T/TimeRunnersSeriesTimeRunners07.Slave;0;0;0;0
0;Time Runners Series - 30 - The Final Duel;Adventure / Action;Games:T/TimeRunnersSeriesTimeRunners01.Slave;0;0;0;0
0;Time Runners Series - 30 - The Final Duel;Adventure / Action;Games:T/TimeRunnersSeriesTimeRunners05.Slave;0;0;0;0
0;Time Runners Series - 30 - The Final Duel;Adventure / Action;Games:T/TimeRunnersSeriesTimeRunners09.Slave;0;0;0;0
0;Time Runners Series - 30 - The Final Duel;Adventure / Action;Games:T/TimeRunnersSeriesTimeRunners10.Slave;0;0;0;0
0;Time Runners Series - 30 - The Final Duel;Adventure / Action;Games:T/TimeRunnersSeriesTimeRunners11.Slave;0;0;0;0
0;Time Runners Series - 30 - The Final Duel;Adventure / Action;Games:T/TimeRunnersSeriesTimeRunners12.Slave;0;0;0;0
0;Time Runners Series - 30 - The Final Duel;Adventure / Action;Games:T/TimeRunnersSeriesTimeRunners13.Slave;0;0;0;0
0;Time Scanner;Pinball;Games:T/TimeScannerTimeScanner.Slave;0;0;0;0
0;Time Soldier;Action / Shooter / Vertical;Games:T/TimeSoldierTimeSoldier.Slave;0;0;0;0
0;Times of Lore;RPG / Open World;Games:T/TimesOfLoreTimesOfLore.Slave;0;0;0;0
0;Tin Toy Adventure (AGA);Platform / Action;Games:T/TinToyAdventureAGATinToyAdventureAGA.slave;0;0;0;0
0;Tintin On The Moon (Files);Adventure / Action;Games:T/TintinOnTheMoonFilesTintinOnTheMoonFiles.slave;0;0;0;0
0;Tintin On The Moon (Image);Adventure / Action;Games:T/TintinOnTheMoonImageTintinOnTheMoonImage.slave;0;0;0;0
0;Tiny Bobble;Platform / Action;Games:T/TinyBobbleTinyBobble.slave;0;0;0;0
0;Tiny Galaga;Action / Shooter / 2D;Games:T/TinyGalagaTinyGalaga.slave;0;0;0;0
0;Tiny Invaders;Action / Shooter / 2D;Games:T/TinyInvadersTinyInvaders.slave;0;0;0;0
0;Tiny Skweeks;Puzzle / 2D;Games:T/TinySkweeksTinySkweeks.Slave;0;0;0;0
0;Tiny Troops;Strategy / Battle / 2D;Games:T/TinyTroopsTinyTroops.Slave;0;0;0;0
0;Tiny Troops (CD-ROM);Strategy / Battle / 2D;Games:T/TinyTroopsCDTinyTroopsCD.Slave;0;0;0;0
0;Tiny Troops (CD-ROM) (German);Strategy / Battle / 2D;Games:T/TinyTroopsCDDeTinyTroopsCDDe.Slave;0;0;0;0
0;Tip Off;Sport / Basketball;Games:T/TipOffTipOff.Slave;0;0;0;0
0;Tip Off (Multi Language);Sport / Basketball;Games:T/TipOffDeEsFrItTipOffDeEsFrIt.Slave;0;0;0;0
0;Tip Off (NTSC);Sport / Basketball;Games:T/TipOffNTSCTipOffNTSC.Slave;0;0;0;0
0;Titan;Maze / 2D;Games:T/TitanTitan.slave;0;0;0;0
0;Titanic Blinky;Platform / Action;Games:T/TitanicBlinkyTitanicBlinky.Slave;0;0;0;0
0;Titus The Fox - To Marrakech And Back;Platform / Action;Games:T/TitusTheFoxTitusTheFox.slave;0;0;0;0
0;Toki;Platform / Action;Games:T/TokiToki.slave;0;0;0;0
0;Tom & Jerry;Platform / Action;Games:T/Tom&JerryTom&Jerry.Slave;0;0;0;0
0;Tom & Jerry - Hunting High & Low;Platform / Action;Games:T/Tom&JerryHHALTom&JerryHHAL.Slave;0;0;0;0
0;Tom & Jerry 2 (Re-Release);Platform / Action;Games:T/Tom&Jerry2Tom&Jerry2.Slave;0;0;0;0
0;Tom And The Ghost;Platform / Puzzle;Games:T/TomAndTheGhostTomAndTheGhost.Slave;0;0;0;0
0;Tom Landry Strategy Football;Sport / American Football;Games:T/TomLandryFootballTomLandryFootball.Slave;0;0;0;0
0;Tom Landry Strategy Football Deluxe;Sport / American Football;Games:T/TomLandryFootballDeluxeTomLandryFootballDeluxe.Slave;0;0;0;0
0;Tommy Gun;Action / Shooter / Crosshair;Games:T/TommyGunTommyGun.Slave;0;0;0;0
0;Tony & Friends in Kelloggs Land (German);Platform / Action;Games:T/Tony&FriendsDeTony&FriendsDe.Slave;0;0;0;0
0;Toobin';Racing / Other;Games:T/ToobinToobin.Slave;0;0;0;0
0;Top Banana;Platform / Puzzle;Games:T/TopBananaTopBanana.Slave;0;0;0;0
0;Top Cat;Action / Shooter / Multi Way;Games:T/TopCatTopCat.Slave;0;0;0;0
0;Top Gear 2;Racing / Car / Chase View;Games:T/TopGear2TopGear2.Slave;0;0;0;0
0;Top Gear 2 (AGA);Racing / Car / Chase View;Games:T/TopGear2AGATopGear2AGA.Slave;0;0;0;0
0;Top Gear 2 (CD32);Racing / Car / Chase View;Games:T/TopGear2CD32TopGear2CD32.Slave;0;0;0;0
0;Top Secret (Coverdisk);Platform / Action;Games:T/TopSecretTopSecret.Slave;0;0;0;0
0;Top Wrestling;Sport / Wrestling;Games:T/TopWrestlingTopWrestling.Slave;0;0;0;0
0;Tornado;Simulator / Plane / Combat;Games:T/TornadoTornado.slave;0;0;0;0
0;Tornado (AGA);Simulator / Plane / Combat;Games:T/TornadoAGATornadoAGA.slave;0;0;0;0
0;Tornado Ground Attack;Action / Shooter / Horizontal;Games:T/TornadoGroundAttackTornadoGroundAttack.Slave;0;0;0;0
0;Torvak The Warrior;Action / Fighter 2D;Games:T/TorvakTheWarriorTorvakTheWarrior.slave;0;0;0;0
0;Total Carnage (AGA);Action / Shooter / Multi Way;Games:T/TotalCarnageAGATotalCarnageAGA.Slave;0;0;0;0
0;Total Eclipse;Adventure / 3D;Games:T/TotalEclipseTotalEclipse.Slave;0;0;0;0
0;Total Eclipse (NTSC);Adventure / 3D;Games:T/TotalEclipseNTSCTotalEclipseNTSC.Slave;0;0;0;0
0;Total Football;Sport / Football / Soccer;Games:T/TotalFootballTotalFootball.Slave;0;0;0;0
0;Total Recall (Files);Action / Shooter / 2D;Games:T/TotalRecallFilesTotalRecallFiles.Slave;0;0;0;0
0;Total Recall (Image);Action / Shooter / 2D;Games:T/TotalRecallImageTotalRecallImage.Slave;0;0;0;0
0;Tournament Golf;Sport / Golf;Games:T/TournamentGolfTournamentGolf.Slave;0;0;0;0
0;Tower of Babel;Puzzle / 3D;Games:T/TowerOfBabelTowerOfBabel.Slave;0;0;0;0
0;Tower Of Souls (AGA);RPG / Isometric;Games:T/TowerOfSoulsAGATowerOfSoulsAGA.Slave;0;0;0;0
0;Tower Toppler (NTSC);Platform / Action;Games:T/TowerTopplerNTSCTowerTopplerNTSC.Slave;0;0;0;0
0;Town With No Name, The (CDTV);Adventure / Action;Games:T/TownWithNoNameCDTVTownWithNoNameCDTV.Slave;0;0;0;0
0;Toyota Celica GT Rally;Racing / Car / Driver View;Games:T/ToyotaCelicaGTRallyToyotaCelicaGTRally.Slave;0;0;0;0
0;Toyottes, The (Files);Platform / Puzzle;Games:T/ToyottesFilesToyottesFiles.Slave;0;0;0;0
0;Toyottes, The (Image);Platform / Puzzle;Games:T/ToyottesImageToyottesImage.Slave;0;0;0;0
0;Tracker;Strategy / Action;Games:T/TrackerTracker.Slave;0;0;0;0
0;Traders;Strategy / Trading;Games:T/TradersTraders.slave;0;0;0;0
0;Traders (German);Strategy / Trading;Games:T/TradersDeTradersDe.slave;0;0;0;0
0;Trained Assassin;Action / Shooter / Horizontal;Games:T/TrainedAssassinTrainedAssassin.Slave;0;0;0;0
0;Transarctica;Strategy / Action;Games:T/TransarcticaTransarctica.Slave;0;0;0;0
0;Transarctica (AGA);Strategy / Action;Games:T/TransarcticaAGATransarcticaAGA.Slave;0;0;0;0
0;Transplant (Coverdisk) (PD);Action / Shooter / Multi Way;Games:T/TransplantTransplant.Slave;0;0;0;0
0;Transworld (German);Adventure / Graphic;Games:T/TransworldDeTransworldDe.Slave;0;0;0;0
0;Traps'n'Treasures;Platform / Puzzle;Games:T/TrapsNTreasuresTrapsNTreasures.Slave;0;0;0;0
0;Traps'n'Treasures (German);Platform / Puzzle;Games:T/TrapsNTreasuresDeTrapsNTreasuresDe.Slave;0;0;0;0
0;Treasure Island Dizzy;Platform / Puzzle;Games:T/TreasureIslandDizzyTreasureIslandDizzy.slave;0;0;0;0
0;Treasure Island Dizzy (CD32);Platform / Puzzle;Games:T/TreasureIslandDizzyCD32TreasureIslandDizzyCD32.slave;0;0;0;0
0;Treasure Trap;Adventure / Isometric;Games:T/TreasureTrapTreasureTrap.slave;0;0;0;0
0;Treasures Of The Savage Frontier (NTSC);RPG / Dungeon Crawler;Games:T/TreasureSavageFrontNTSCTreasureSavageFrontNTSC.Slave;0;0;0;0
0;Trex Warrior;Action / Shooter / 3D;Games:T/TrexWarriorTrexWarrior.slave;0;0;0;0
0;TrianGO;Puzzle / 2D;Games:T/TrianGOTrianGO.Slave;0;0;0;0
0;Tricky Quiky Games (German);Platform / Action;Games:T/TrickyQuikyGamesDeTrickyQuikyGamesDe.Slave;0;0;0;0
0;Tripple X;Maze / Digger;Games:T/TripleXTripleX.Slave;0;0;0;0
0;Trivial Pursuit - A New Beginning;Tabletop / Board Game;Games:T/TrivialPursuitANBTrivialPursuitANB.Slave;0;0;0;0
0;Trivial Pursuit - A New Beginning (French);Tabletop / Board Game;Games:T/TrivialPursuitANBFrTrivialPursuitANBFr.Slave;0;0;0;0
0;Trivial Pursuit - A New Beginning (German);Tabletop / Board Game;Games:T/TrivialPursuitANBDeTrivialPursuitANBDe.Slave;0;0;0;0
0;Trivial Pursuit - Amiga Genus Edition;Quiz;Games:T/TrivialPursuitTrivialPursuit.slave;0;0;0;0
0;Trivial Pursuit - Amiga Genus Edition (French);Quiz;Games:T/TrivialPursuitFrTrivialPursuitFr.slave;0;0;0;0
0;Trivial Pursuit - Amiga Genus Edition (German);Quiz;Games:T/TrivialPursuitDeTrivialPursuitDe.slave;0;0;0;0
0;Troddlers (Files);Platform / Puzzle;Games:T/TroddlersFilesTroddlersFiles.Slave;0;0;0;0
0;Troddlers (Image);Platform / Puzzle;Games:T/TroddlersImageTroddlersImage.Slave;0;0;0;0
0;Trog!;Platform / Action;Games:T/TrogTrog.Slave;0;0;0;0
0;Trolls;Platform / Action;Games:T/TrollsTrolls.Slave;0;0;0;0
0;Trolls (AGA);Platform / Action;Games:T/TrollsAGATrollsAGA.Slave;0;0;0;0
0;Trolls (CD32);Platform / Action;Games:T/TrollsCD32TrollsCD32.Slave;0;0;0;0
0;Tube Warriors (AGA);Beat 'Em Up;Games:T/TubeWarriorsAGATubeWarriorsAGA.Slave;0;0;0;0
0;Tubular Worlds (1MB);Action / Shooter / Horizontal;Games:T/TubularWorlds1MBTubularWorlds1MB.Slave;0;0;0;0
0;Tubular Worlds (512KB);Action / Shooter / Horizontal;Games:T/TubularWorlds512KBTubularWorlds512KB.Slave;0;0;0;0
0;Tubular Worlds (AGA);Action / Shooter / Horizontal;Games:T/TubularWorldsAGATubularWorldsAGA.Slave;0;0;0;0
0;Turbo;Racing / Car / Top Down;Games:T/TurboTurbo.Slave;0;0;0;0
0;Turbo Cup;Racing / Car / Chase View;Games:T/TurboCupTurboCup.Slave;0;0;0;0
0;Turbo Cup (French);Racing / Car / Chase View;Games:T/TurboCupFrTurboCupFr.Slave;0;0;0;0
0;Turbo Out Run;Racing / Car / Chase View;Games:T/TurboOutRunTurboOutRun.Slave;0;0;0;0
0;Turbo Trax (1MB);Racing / Car / Top Down;Games:T/TurboTraxArcane1MBTurboTraxArcane1MB.Slave;0;0;0;0
0;Turbo Trax (512KB);Racing / Car / Top Down;Games:T/TurboTraxArcane512KBTurboTraxArcane512KB.Slave;0;0;0;0
0;TurboRaketti II (PD) (Finnish);Reaction / Gravity;Games:T/TurboRaketti2FiTurboRaketti2Fi.Slave;0;0;0;0
0;Turn 'n' Burn;Action / Shooter / 2D;Games:T/TurnNBurnTurnNBurn.slave;0;0;0;0
0;Turrican;Action / Shooter / 2D;Games:T/TurricanTurrican.Slave;0;0;0;0
0;Turrican (CDTV);Action / Shooter / 2D;Games:T/TurricanCDTVTurricanCDTV.Slave;0;0;0;0
0;Turrican (Game Demo);Action / Shooter / 2D;Games:T/TurricanDemoTurricanDemo.Slave;0;0;0;0
0;Turrican (NTSC);Action / Shooter / 2D;Games:T/TurricanNTSCTurricanNTSC.Slave;0;0;0;0
0;Turrican 2 - The Final Fight;Action / Shooter / 2D;Games:T/Turrican2Turrican2.Slave;0;0;0;0
0;Turrican 2 - The Final Fight (CDTV);Action / Shooter / 2D;Games:T/Turrican2CDTVTurrican2CDTV.Slave;0;0;0;0
0;Turrican 2 - The Final Fight (Game Demo);Action / Shooter / 2D;Games:T/Turrican2DemoTurrican2Demo.Slave;0;0;0;0
0;Turrican 3;Action / Shooter / 2D;Games:T/Turrican3Turrican3.Slave;0;0;0;0
0;Turrican 3 (Game Demo);Action / Shooter / 2D;Games:T/Turrican3DemoTurrican3Demo.Slave;0;0;0;0
0;Tusker;Adventure / Action;Games:T/TuskerTusker.Slave;0;0;0;0
0;TV Sports Baseball;Sport / Baseball;Games:T/TVSportsBaseballTVSportsBaseball.Slave;0;0;0;0
0;TV Sports Basketball;Sport / Basketball;Games:T/TVSportsBasketballTVSportsBasketball.slave;0;0;0;0
0;TV Sports Boxing;Sport / Boxing;Games:T/TVSportsBoxingTVSportsBoxing.Slave;0;0;0;0
0;TV Sports Football;Sport / American Football;Games:T/TVSportsFootballTVSportsFootball.slave;0;0;0;0
0;Twin Turbos;Racing / Car / Top Down;Games:T/TwinTurbosTwinTurbos.slave;0;0;0;0
0;Twintris;Reaction / Tetris;Games:T/TwintrisTwintris.Slave;0;0;0;0
0;Twinworld - Land Of Vision;Platform / Action;Games:T/TwinWorldTwinworld.slave;0;0;0;0
0;Twylyte;Action / Shooter / 3D;Games:T/TwylyteTwylyte.Slave;0;0;0;0
0;Typhoon;Action / Shooter / Vertical;Games:T/TyphoonTyphoon.Slave;0;0;0;0
0;Typhoon Thompson In Search For The Sea Child (NTSC);Action / Shooter / 3D;Games:T/TyphoonThompsonNTSCTyphoonThompsonNTSC.slave;0;0;0;0
0;Typhoon Thompson In Search For The Sea Child (NTSC) (512K;Action / Shooter / 3D;Games:T/TyphoonThompson512kNTSCTyphoonThompson512kNTSC.slave;0;0;0;0
0;U.S.S. John Young;Simulator / Boat;Games:U/USSJohnYoungUSSJohnYoung.Slave;0;0;0;0
0;UFO Enemy Unknown;Strategy / Action;Games:U/UFOEnemyUnknownUFOEnemyUnknown.Slave;0;0;0;0
0;UFO Enemy Unknown (AGA);Strategy / Action;Games:U/UFOEnemyUnknownAGAUFOEnemyUnknownAGA.Slave;0;0;0;0
0;UFO Enemy Unknown (CD32);Strategy / Action;Games:U/UFOEnemyUnknownCD32UFOEnemyUnknownCD32.Slave;0;0;0;0
0;Ugh!;Platform / Action;Games:U/UghUgh.slave;0;0;0;0
0;Ultima III - Exodus;RPG / Open World;Games:U/Ultima3Ultima3.Slave;0;0;0;0
0;Ultima IV - Quest of the Avatar (NTSC);RPG / Open World;Games:U/Ultima4NTSCUltima4NTSC.slave;0;0;0;0
0;Ultima V - Warriors Of Destiny;RPG / Open World;Games:U/Ultima5Ultima5.Slave;0;0;0;0
0;Ultima VI - The False Prophet;RPG / Dungeon Crawler;Games:U/Ultima6Ultima6.Slave;0;0;0;0
0;Ultimate Body Blows (CD32);Beat 'Em Up;Games:U/UltimateBodyBlowsCD32UltimateBodyBlowsCD32.slave;0;0;0;0
0;Ultimate Pinball Quest;Pinball;Games:U/UltimatePinballQuestUltimatePinballQuest.slave;0;0;0;0
0;Ultimate Ride, The;Racing / Bike / Rider View;Games:U/UltimateRideUltimateRide.slave;0;0;0;0
0;Ultimate XTreme Racing (CD-ROM) (AGA);Racing / Car / Chase View;Games:U/UltimateXTremeRacingCDUltimateXTremeRacingCD.slave;0;0;0;0
0;UMS - Universal Military Simulator;Strategy / Battle / 2D;Games:U/UniversalMilitarySimUniversalMilitarySim.Slave;0;0;0;0
0;UMS II - Nations at War;Strategy / Battle / 2D;Games:U/UMS2NationsAtWarUMS2NationsAtWar.Slave;0;0;0;0
0;UN Squadron;Action / Shooter / Horizontal;Games:U/UNSquadronUNSquadron.slave;0;0;0;0
0;Under Pressure;Action / Shooter / Horizontal;Games:U/UnderPressureUnderPressure.Slave;0;0;0;0
0;Uninvited;Adventure / Graphic;Games:U/UninvitedUninvited.Slave;0;0;0;0
0;Universal Monsters;Adventure / Isometric;Games:U/UniversalMonstersUniversalMonsters.Slave;0;0;0;0
0;Universal Warrior;Action / Shooter / Multi Way;Games:U/UniversalWarriorUniversalWarrior.Slave;0;0;0;0
0;Universe;Adventure / Point & Click;Games:U/UniverseUniverse.Slave;0;0;0;0
0;Universe (CD32);Adventure / Point & Click;Games:U/UniverseCD32UniverseCD32.Slave;0;0;0;0
0;Universe 3 (NTSC);RPG / Open World;Games:U/Universe3NTSCUniverse3NTSC.Slave;0;0;0;0
0;Unreal;Action / Shooter / 3D;Games:U/UnrealUnreal.Slave;0;0;0;0
0;Unreal (NTSC);Action / Shooter / 3D;Games:U/UnrealNTSCUnrealNTSC.Slave;0;0;0;0
0;Unsensible Soccer (Coverdisk);Sport / Football / Soccer;Games:U/UnsensibleSoccerUnsensibleSoccer.Slave;0;0;0;0
0;Untouchables, The;Action / Multi Level;Games:U/UntouchablesUntouchables.Slave;0;0;0;0
0;Up Scope;Action / Shooter / 3D;Games:U/UpScopeUpScope.Slave;0;0;0;0
0;Up Scope (Arcadia);Action / Shooter / 3D;Games:U/UpScopeArcadiaUpScopeArcadia.Slave;0;0;0;0
0;Uridium 2 (1MB);Action / Shooter / Horizontal;Games:U/Uridium21MBUridium21MB.Slave;0;0;0;0
0;Uridium 2 (2MB);Action / Shooter / Horizontal;Games:U/Uridium22MBUridium22MB.Slave;0;0;0;0
0;Utopia;Management / Space;Games:U/UtopiaUtopia.slave;0;0;0;0
0;Utopia - The New Worlds;Management / Space;Games:U/Utopia&NewWorldsUtopia&NewWorlds.slave;0;0;0;0
0;Vac-Suit Jack (Game Demo);Platform / Action;Games:V/VacSuitJackDemoVacSuitJackDemo.Slave;0;0;0;0
0;Vader;Action / Shooter / Vertical;Games:V/VaderVader.Slave;0;0;0;0
0;Valhalla - Before The War;Adventure / Action;Games:V/ValhallaBeforeTheWarValhallaBeforeTheWar.slave;0;0;0;0
0;Valhalla & The Lord of Infinity;Adventure / Action;Games:V/ValhallaLordOfInfinityValhallaLordOfInfinity.slave;0;0;0;0
0;Vampire's Empire;Platform / Action;Games:V/VampiresEmpireVampiresEmpire.Slave;0;0;0;0
0;Vaxine;Puzzle / 3D;Games:V/VaxineVaxine.Slave;0;0;0;0
0;Vector Championship Run;Racing / Car / Driver View;Games:C/ChampionshipRunChampionshipRun.Slave;0;0;0;0
0;Vectorball;Sport / Futuristic;Games:V/VectorballVectorball.Slave;0;0;0;0
0;Vegas Gambler;Gambling / Casino;Games:V/VegasGamblerVegasGambler.Slave;0;0;0;0
0;Vengeance of Excalibur;RPG / Open World;Games:V/VengeanceOfExcaliburVengeanceOfExcalibur.slave;0;0;0;0
0;Vengeance of Excalibur (French);RPG / Open World;Games:V/VengeanceOfExcaliburFrVengeanceOfExcaliburFr.slave;0;0;0;0
0;Vengeance of Excalibur (German);RPG / Open World;Games:V/VengeanceOfExcaliburDeVengeanceOfExcaliburDe.slave;0;0;0;0
0;Venom Wing;Action / Shooter / Horizontal;Games:V/VenomWingVenomWing.Slave;0;0;0;0
0;Venus The Flytrap;Platform / Action;Games:V/VenusTheFlytrapVenusTheFlytrap.Slave;0;0;0;0
0;Venus The Flytrap (No Intro);Action / Shooter / 2D;Games:V/VenusTheFlytrapNoIntroVenusTheFlytrapNoIntro.Slave;0;0;0;0
0;Vermeer (German);Strategy / Trading;Games:V/VermeerDeVermeerDe.Slave;0;0;0;0
0;Verteidiger Der Krone 2 (CD32) (German);Strategy / Historical;Games:V/VerteidigerKrone2CD32DeVerteidigerKrone2CD32De.slave;0;0;0;0
0;Veteran;Action / Shooter / Crosshair;Games:V/VeteranVeteran.Slave;0;0;0;0
0;Viaje Al Centro De La Tierra (Spanish);Adventure / Action;Games:V/ViajeAlCentroDeLaTierraEsViajeAlCentroDeLaTierraEs.slave;0;0;0;0
0;Victory Road - The Pathway To Fear;Action / Shooter / Vertical;Games:V/VictoryRoadVictoryRoad.slave;0;0;0;0
0;Video Kid;Platform / Action;Games:V/VideoKidVideoKid.slave;0;0;0;0
0;Vigilante;Action / Fighter 2.5D;Games:V/VigilanteVigilante.Slave;0;0;0;0
0;Vindex;Action / Shooter / 3D;Games:V/VindexVindex.Slave;0;0;0;0
0;Vindicators;Action / Shooter / Vertical;Games:V/VindicatorsVindicators.Slave;0;0;0;0
0;Violator;Action / Shooter / Vertical;Games:V/ViolatorViolator.Slave;0;0;0;0
0;Virocop;Action / Shooter / Multi Way;Games:V/VirocopVirocop.slave;0;0;0;0
0;Virocop (AGA);Action / Shooter / Multi Way;Games:V/VirocopAGAVirocopAGA.slave;0;0;0;0
0;Virtual Karting (AGA);Racing / Car / Driver View;Games:V/VirtualKartingAGAVirtualKartingAGA.Slave;0;0;0;0
0;Virtual Karting (Game Demo) (AGA);Racing / Car / Driver View;Games:V/VirtualKartingDemoAGAVirtualKartingDemoAGA.Slave;0;0;0;0
0;Virtual Karting 2 (AGA);Racing / Car / Driver View;Games:V/VirtualKarting2AGAVirtualKarting2AGA.slave;0;0;0;0
0;Virtual Karting 2 (CD-ROM) (AGA);Racing / Car / Driver View;Games:V/VirtualKarting2AGACDVirtualKarting2AGACD.slave;0;0;0;0
0;Virtual Karting 2 (Game Demo) (AGA);Racing / Car / Driver View;Games:V/VirtualKarting2DemoAGAVirtualKarting2DemoAGA.Slave;0;0;0;0
0;Virus;Action / Shooter / 3D;Games:V/VirusVirus.slave;0;0;0;0
0;Vital Light;Puzzle / 2D;Games:V/VitalLightVitalLight.slave;0;0;0;0
0;Vixen;Action / Fighter 2D;Games:V/VixenVixen.slave;0;0;0;0
0;Viz - The Game;Action / Multi Level;Games:V/VizViz.Slave;0;0;0;0
0;Volfied;Reaction / 2D;Games:V/VolfiedVolfied.Slave;0;0;0;0
0;Voodoo Nightmare;Adventure / Isometric;Games:V/VoodooNightmareVoodooNightmare.Slave;0;0;0;0
0;Vortex (NTSC);Action / Shooter / 2D;Games:V/VortexNTSCVortexNTSC.Slave;0;0;0;0
0;Voyager;Action / Shooter / 3D;Games:V/VoyagerVoyager.slave;0;0;0;0
0;Voyages Of Discovery;Strategy / Trading;Games:V/VoyagesOfDiscoveryVoyagesOfDiscovery.slave;0;0;0;0
0;Voyageurs du Temps, Les - La Menace (French);Adventure / Point & Click;Games:V/VoyageursDuTempsFrVoyageursDuTempsFr.slave;0;0;0;0
0;Vroom;Racing / Car / Driver View;Games:V/VroomVroom.Slave;0;0;0;0
0;Vroom & Data Disk;Racing / Car / Driver View;Games:V/Vroom&DataDiskVroom.Slave;0;0;0;0
0;Vroom & Data Disk;Racing / Car / Driver View;Games:V/Vroom&DataDiskDataDisk.Slave;0;0;0;0
0;Vroom Multiplayer;Racing / Car / Driver View;Games:V/VroomMultiPlayerVroomMultiplayer.Slave;0;0;0;0
0;Vyper;Action / Shooter / Vertical;Games:V/VyperVyper.Slave;0;0;0;0
0;Vyrus (Coverdisk);Action / Shooter / Multi Way;Games:V/VyrusVyrus.Slave;0;0;0;0
0;W Potrzasku (Polish);RPG / Dungeon Crawler;Games:W/WPotrzaskuPlWPotrzaskuPl.Slave;0;0;0;0
0;Wacky Darts;Sport / Darts;Games:W/WackyDartsWackyDarts.slave;0;0;0;0
0;Wacky Races;Platform / Vehicle;Games:W/WackyRacesWackyRaces.Slave;0;0;0;0
0;Wacus The Detective (Polish);Platform / Action;Games:W/WacusTheDetectivePlWacusTheDetectivePl.Slave;0;0;0;0
0;Walker;Action / Shooter / 2D;Games:W/WalkerCrunchedWalkerCrunched.Slave;0;0;0;0
0;Walker (No Speech);Action / Shooter / 2D;Games:W/WalkerCrunchedNoSpeechWalkerCrunchedNoSpeech.Slave;0;0;0;0
0;Walker Decrunched;Unknown;Games:W/WalkerDecrunchedWalkerDecrunched.Slave;0;0;0;0
0;Walker Decrunched No Speech;Unknown;Games:W/WalkerDecrunchedNoSpeechWalkerDecrunchedNoSpeech.Slave;0;0;0;0
0;Wall, The;Bat & Ball / 2D;Games:W/WallWall.Slave;0;0;0;0
0;Wanderer 3D;Action / Shooter / 3D;Games:W/Wanderer3DWanderer3D.Slave;0;0;0;0
0;Wanted;Action / Shooter / Multi Way;Games:W/WantedWanted.Slave;0;0;0;0
0;War In Middle Earth;Strategy / Battle / 2D;Games:W/WarInMiddleEarthWarInMiddleEarth.Slave;0;0;0;0
0;War In The Gulf;Simulator / Tank;Games:W/WarInTheGulfWarInTheGulf.Slave;0;0;0;0
0;War Machine;Action / Shooter / 2D;Games:W/WarMachineWarMachine.Slave;0;0;0;0
0;War Zone (Core Design);Action / Shooter / Vertical;Games:W/WarZoneCoreDesignWarzoneCoreDesign.slave;0;0;0;0
0;War Zone (Paradox);Action / Shooter / Vertical;Games:W/WarZoneParadoxWarzoneParadox.Slave;0;0;0;0
0;Warhead;Action / Shooter / 3D;Games:W/WarheadWarhead.Slave;0;0;0;0
0;Warlock The Avenger;Action / Shooter / Multi Way;Games:W/WarlockTheAvengerWarlockTheAvenger.Slave;0;0;0;0
0;Warlock's Quest;Action / Shooter / 2D;Games:W/WarlocksQuestWarlocksQuest.Slave;0;0;0;0
0;Warlords;Strategy / Historical;Games:W/WarlordsWarlords.Slave;0;0;0;0
0;Warm Up;Racing / Car / Top Down;Games:W/WarmUpWarmUp.Slave;0;0;0;0
0;Warp;Action / Shooter / Multi Way;Games:W/WarpWarp.slave;0;0;0;0
0;Watchtower (AGA);Action / Shooter / Multi Way;Games:W/WatchtowerAGAWatchTowerAGA.slave;0;0;0;0
0;Waterloo;Strategy / Battle / 3D;Games:W/WaterlooWaterloo.Slave;0;0;0;0
0;WaxWorks;Adventure / Graphic;Games:W/WaxworksWaxworks.Slave;0;0;0;0
0;WaxWorks (French);Adventure / Graphic;Games:W/WaxworksFrWaxworksFr.Slave;0;0;0;0
0;WaxWorks (German);Adventure / Graphic;Games:W/WaxworksDeWaxworksDe.Slave;0;0;0;0
0;Way of the Little Dragon, The;Beat 'Em Up;Games:W/WayOfTheLittleDragonWayOfTheLittleDragon.Slave;0;0;0;0
0;Way of the Little Dragon, The (AmigaStar Collection);Beat 'Em Up;Games:W/WayOfTheLittleDragonAStarWayOfTheLittleDragonAStar.Slave;0;0;0;0
0;Wayne Gretzky Hockey;Sport / Ice Hockey;Games:W/WayneGretzkyHockey//Games:W/WayneGretzkyHockey//Games:W/WayneGretzkyHockey//Games:W/WayneGretzkyHockey/Games:W/WayneGretzkyHockey//Games:W/WayneGretzkyHockey//Games:W/WayneGretzkyHockey//Games:W/WayneGretzkyHockey//;0;0;0;0
0;Wayne Gretzky Hockey;Sport / Ice Hockey;Games:W/WayneGretzkyHockeyWayneGretzkyHockey.slave;0;0;0;0
0;Wayne Gretzky Hockey 2;Sport / Ice Hockey;Games:W/WayneGretzkyHockey2WayneGretzkyHockey2.Slave;0;0;0;0
0;Web Of Terror;Action / Shooter / 2D;Games:W/WebOfTerrorWebOfTerror.slave;0;0;0;0
0;Ween The Prophecy;Adventure / Point & Click;Games:W/WeenTheProphecyWeenTheProphecy.slave;0;0;0;0
0;Ween The Prophecy (French);Adventure / Point & Click;Games:W/WeenTheProphecyFrWeenTheProphecyFr.slave;0;0;0;0
0;Ween The Prophecy (German);Adventure / Point & Click;Games:W/WeenTheProphecyDeWeenTheProphecyDe.slave;0;0;0;0
0;Ween The Prophecy (Italian);Adventure / Point & Click;Games:W/WeenTheProphecyItWeenTheProphecyIt.slave;0;0;0;0
0;Ween The Prophecy (Spanish);Adventure / Point & Click;Games:W/WeenTheProphecyEsWeenTheProphecyEs.slave;0;0;0;0
0;Weird Dreams;Adventure / Action;Games:W/WeirdDreamsWeirdDreams.Slave;0;0;0;0
0;Welltris;Puzzle / 3D;Games:W/WelltrisWelltris.slave;0;0;0;0
0;Wembley International Soccer;Sport / Football / Soccer;Games:W/WembleyIntSoccerWembleyIntSoccer.Slave;0;0;0;0
0;Wembley International Soccer (AGA);Sport / Football / Soccer;Games:W/WembleyIntSoccerAGAWembleyIntSoccerAGA.Slave;0;0;0;0
0;Wembley Rugby League;Sport / Rugby;Games:W/WembleyRugbyLeagueWembleyRugbyLeague.Slave;0;0;0;0
0;West Phaser;Action / Shooter / Crosshair;Games:W/WestPhaserWestPhaser.Slave;0;0;0;0
0;West Phaser (French);Action / Shooter / Crosshair;Games:W/WestPhaserFrWestPhaserFr.Slave;0;0;0;0
0;Western Games;Action / Wild West;Games:W/WesternGamesWesternGames.Slave;0;0;0;0
0;Wheels On Fire (AGA);Racing / Car / Chase View;Games:W/WheelsOnFireAGAWheelsOnFireAGA.Slave;0;0;0;0
0;Where in Europe is Carmen Sandiego;Adventure / Graphic;Games:W/WIEuropeIsCarmenSandiegoWIEuropeIsCarmenSandiego.Slave;0;0;0;0
0;Where in the USA is Carmen Sandiego;Adventure / Graphic;Games:W/WITUSAIsCarmenSandiegoWITUSAIsCarmenSandiego.slave;0;0;0;0
0;Where in the World is Carmen Sandiego (NTSC);Adventure / Graphic;Games:W/WITWIsCarmenSandiegoNTSCWITWIsCarmenSandiegoNTSC.slave;0;0;0;0
0;Where Time Stood Still;Adventure / Isometric;Games:W/WhereTimeStoodStillWhereTimeStoodStill.Slave;0;0;0;0
0;Whirligig;Action / Shooter / 3D;Games:W/WhirligigWhirligig.Slave;0;0;0;0
0;White Death - Battle for Velikiye Luki, November 1942;Strategy / Battle / 2D;Games:W/WhiteDeathWhiteDeath.Slave;0;0;0;0
0;Whizz;Puzzle / Isometric;Games:W/WhizzWhizz.Slave;0;0;0;0
0;Whizz (AGA);Puzzle / Isometric;Games:W/WhizzAGAWhizzAGA.Slave;0;0;0;0
0;Who Framed Roger Rabbit Pre-Release;Platform / Action;Games:W/WhoFramedRogerRabbitPRWhoFramedRogerRabbitPR.slave;0;0;0;0
0;Wibble World Giddy (PD);Platform / Action;Games:W/WibbleWorldGiddyWibbleWorldGiddy.Slave;0;0;0;0
0;Wicked;Action / Shooter / 2D;Games:W/WickedWicked.slave;0;0;0;0
0;Wild Cup Soccer;Sport / Futuristic;Games:W/WildCupSoccerWildCupSoccer.Slave;0;0;0;0
0;Wild Life;Action / Shooter / Crosshair;Games:W/WildLifeWildLife.Slave;0;0;0;0
0;Wild Streets;Action / Fighter 2D;Games:W/WildStreetsWildStreets.slave;0;0;0;0
0;Wild West World;Adventure / Graphic;Games:W/WildWestWorldWildWestWorld.Slave;0;0;0;0
0;Wild West World (German);Adventure / Graphic;Games:W/WildWestWorldDeWildWestWorldDe.Slave;0;0;0;0
0;Wild Wheels;Sport / Futuristic;Games:W/WildWheelsWildWheels.Slave;0;0;0;0
0;Wind Surf Willy;Sport / Other;Games:W/WindSurfWillyWindSurfWilly.Slave;0;0;0;0
0;Wind Surf Willy (Fast Mem);Sport / Other;Games:W/WindSurfWillyFastWindSurfWillyFast.slave;0;0;0;0
0;Wind Surf Willy (Fast Mem) (French);Sport / Other;Games:W/WindSurfWillyFastFrWindSurfWillyFastFr.Slave;0;0;0;0
0;Wind Surf Willy (French);Sport / Other;Games:W/WindSurfWillyFrWindSurfWillyFr.Slave;0;0;0;0
0;Window Wizard (Files);Reaction / 2D;Games:W/WindowWizardFilesWindowWizardFiles.Slave;0;0;0;0
0;Window Wizard (Image);Reaction / 2D;Games:W/WindowWizardImageWindowWizardImage.Slave;0;0;0;0
0;Windwalker (NTSC);RPG / Action;Games:W/WindwalkerNTSCWindwalkerNTSC.Slave;0;0;0;0
0;Wing Commander;Action / Shooter / 3D;Games:W/WingCommanderWingCommander.Slave;0;0;0;0
0;Wing Commander (CD32);Action / Shooter / 3D;Games:W/WingCommanderCD32WingCommanderCD32.Slave;0;0;0;0
0;Wing Commander (German);Action / Shooter / 3D;Games:W/WingCommanderDeWingCommanderDe.Slave;0;0;0;0
0;Wings;Simulator / Plane / WW1;Games:W/WingsWings.slave;0;0;0;0
0;Wings of Death;Action / Shooter / Vertical;Games:W/WingsOfDeathWingsOfDeath.Slave;0;0;0;0
0;Wings Of Fury;Action / Shooter / Horizontal;Games:W/WingsOfFuryWingsOfFury.Slave;0;0;0;0
0;Wings Of Fury (Fast Mem);Action / Shooter / Horizontal;Games:W/WingsOfFuryFastWingsOfFuryFast.Slave;0;0;0;0
0;Winnie The Pooh in the Hundred Acre Wood;Adventure / Graphic;Games:W/WinnieThePoohWinnieThePooh.Slave;0;0;0;0
0;Winning Post;Gambling / Fruit Machine;Games:W/WinningPostWinningPost.Slave;0;0;0;0
0;Winter Camp;Sport / Winter;Games:W/WinterCampWinterCamp.Slave;0;0;0;0
0;Winter Challenge - World Class Competition (NTSC);Sport / Winter;Games:W/WinterChallengeNTSCWinterChallengeNTSC.Slave;0;0;0;0
0;Winter Games;Sport / Winter;Games:W/WinterGamesWinterGames.Slave;0;0;0;0
0;Winter Olympiad 88;Sport / Winter;Games:W/WinterOlympiad88WinterOlympiad88.Slave;0;0;0;0
0;Winter Olympics;Sport / Winter;Games:W/WinterOlympicsWinterOlympics.Slave;0;0;0;0
0;Winter Supersports 92;Sport / Winter;Games:W/WinterSupersports92WinterSupersports92.Slave;0;0;0;0
0;Winzer;Management / Business;Games:W/WinzerWinzer.slave;0;0;0;0
0;Winzer (CDTV) (German);Management / Business;Games:W/WinzerDeCDTVWinzerDeCDTV.slave;0;0;0;0
0;Winzer (German);Management / Business;Games:W/WinzerDeWinzerDe.slave;0;0;0;0
0;Wipe Out;Action / Multi Level;Games:W/WipeOutWipeOut.slave;0;0;0;0
0;Wisielec (Polish);Puzzle / 2D;Games:W/WisielecPlWisielecPl.Slave;0;0;0;0
0;Wiz'n'Liz;Platform / Action;Games:W/WizNLizWizNLiz.Slave;0;0;0;0
0;Wizardry VI - Bane of Cosmic Forge;RPG / Dungeon Crawler;Games:W/Wizardry6BaneCosmicForgWizardry6BaneCosmicForg.slave;0;0;0;0
0;Wizardry VI - Bane of Cosmic Forge (German);RPG / Dungeon Crawler;Games:W/Wizardry6BaneCosmicForgDeWizardry6BaneCosmicForgDe.slave;0;0;0;0
0;Wizball;Action / Shooter / Horizontal;Games:W/WizballWizball.Slave;0;0;0;0
0;Wizkid - The Story Of Wizball 2;Puzzle / 2D;Games:W/WizkidWizkid.slave;0;0;0;0
0;Wolfchild;Action / Fighter 2D;Games:W/WolfchildWolfchild.slave;0;0;0;0
0;Wolfpack;Simulator / Submarine;Games:W/WolfpackWolfpack.Slave;0;0;0;0
0;Wonder Dog;Platform / Action;Games:W/WonderDogWonderDog.slave;0;0;0;0
0;Wonderboy in Monsterland;Platform / Action;Games:W/WonderboyInMonsterlandWonderboyInMonsterland.Slave;0;0;0;0
0;Wonderland - Dream The Dream;Adventure / Text;Games:W/WonderlandWonderland.Slave;0;0;0;0
0;Woody's World;Platform / Action;Games:W/WoodysWorldWoodysWorld.Slave;0;0;0;0
0;World Championship Boxing Manager;Management / Sport;Games:W/WorldChampBoxingManagerWorldChampBoxingManager.Slave;0;0;0;0
0;World Championship Soccer;Sport / Football / Soccer;Games:W/WorldChampionshipSoccerWorldChampSoccer.Slave;0;0;0;0
0;World Circuit (NTSC);Racing / Car / Driver View;Games:W/WorldCircuitNTSCWorldCircuitNTSC.Slave;0;0;0;0
0;World Class Leaderboard Golf;Sport / Golf;Games:W/WCLeaderBoardWCLeaderBoard.slave;0;0;0;0
0;World Class Leaderboard Golf & Data Disks;Sport / Golf;Games:W/WCLeaderBoard&DataDisksWCLeaderBoard&DataDisks.slave;0;0;0;0
0;World Class Rugby;Sport / Rugby;Games:W/WorldClassRugbyWorldClassRugby.Slave;0;0;0;0
0;World Class Rugby '95;Sport / Rugby;Games:W/WorldClassRugby95WorldClassRugby95.Slave;0;0;0;0
0;World Class Rugby 5 Nations Edition;Sport / Rugby;Games:W/WorldClassRugby5NationsWorldClassRugby5Nations.Slave;0;0;0;0
0;World Class Soccer;Sport / Football / Soccer;Games:W/WorldClassSoccerWorldClassSoccer.slave;0;0;0;0
0;World Cricket;Sport / Cricket;Games:W/WorldCricketWorldCricket.Slave;0;0;0;0
0;World Cup 90;Sport / Football / Soccer;Games:W/WorldCup90WorldCup90.Slave;0;0;0;0
0;World Darts;Sport / Darts;Games:W/WorldDartsWorldDarts.Slave;0;0;0;0
0;World Darts (Arcadia);Sport / Darts;Games:W/WorldDartsArcadiaWorldDartsArcadia.Slave;0;0;0;0
0;World Games (NTSC);Sport / Multi;Games:W/WorldGamesNTSCWorldGamesNTSC.Slave;0;0;0;0
0;World Rugby;Management / Sport;Games:W/WorldRugbyWorldRugby.Slave;0;0;0;0
0;World Soccer;Management / Sport;Games:W/WorldSoccerWorldSoccer.Slave;0;0;0;0
0;World Tour Golf;Sport / Golf;Games:W/WorldTourGolfWorldTourGolf.Slave;0;0;0;0
0;World Trophy Soccer (Arcadia);Sport / Football / Soccer;Games:W/WorldTrophySoccerArcadiaWorldTrophySoccerArcadia.Slave;0;0;0;0
0;Worlds of Legend - Son of the Empire;RPG / Isometric;Games:W/WorldsOfLegendWorldsOfLegend.slave;0;0;0;0
0;Worms - The Director's Cut (AGA);Action / Duel / Versus;Games:W/WormsDCAGAWormsDCAGA.Slave;0;0;0;0
0;Worms - The Director's Cut (AGA) (12MB);Action / Duel / Versus;Games:W/WormsDCAGA12MBWormsDCAGA12MB.Slave;0;0;0;0
0;Worms - The Director's Cut (AGA) (8MB);Action / Duel / Versus;Games:W/WormsDCAGA8MBWormsDCAGA8MB.Slave;0;0;0;0
0;Worms (1MB);Action / Duel / Versus;Games:W/Worms1MBWorms1MB.Slave;0;0;0;0
0;Worms (2MB);Action / Duel / Versus;Games:W/Worms2MBWorms2MB.Slave;0;0;0;0
0;Worms (CD32) (1MB);Action / Duel / Versus;Games:W/WormsCD321MBWormsCD321MB.Slave;0;0;0;0
0;Worms (CD32) (2MB);Action / Duel / Versus;Games:W/WormsCD322MBWormsCD322MB.Slave;0;0;0;0
0;Wormsigns;Reaction / 2D;Games:W/WormsignsWormsigns.Slave;0;0;0;0
0;Wrangler;Puzzle / Isometric;Games:W/WranglerWrangler.Slave;0;0;0;0
0;Wrath Of The Demon;Adventure / Action;Games:W/WrathOfTheDemonWrathOfTheDemon.Slave;0;0;0;0
0;Wrath Of The Demon (CDTV);Adventure / Action;Games:W/WrathOfTheDemonCDTVWrathOfTheDemonCDTV.slave;0;0;0;0
0;Wreckers;Adventure / Isometric;Games:W/WreckersWreckers.Slave;0;0;0;0
0;WWF European Rampage;Sport / Wrestling;Games:W/WWFEuropeanRampageTourWWFEuropeanRampageTour.Slave;0;0;0;0
0;WWF Wrestlemania;Sport / Wrestling;Games:W/WWFWrestleManiaWWFWrestlemania.slave;0;0;0;0
0;X-It;Puzzle / 2D;Games:X/XItXIt.Slave;0;0;0;0
0;X-Out (One Disk);Action / Shooter / Horizontal;Games:X/XOut1DiskXOut1Disk.Slave;0;0;0;0
0;X-Out (Two Disk);Action / Shooter / Horizontal;Games:X/XOut2DiskXOut2Disk.Slave;0;0;0;0
0;Xenex (PD);Action / Shooter / 2D;Games:X/XenexXenex.Slave;0;0;0;0
0;Xenomorph;RPG / Dungeon Crawler;Games:X/XenomorphXenomorph.slave;0;0;0;0
0;Xenon;Action / Shooter / Vertical;Games:X/XenonXenon.slave;0;0;0;0
0;Xenon (Arcadia);Action / Shooter / Vertical;Games:X/XenonArcadiaXenonArcadia.slave;0;0;0;0
0;Xenon 2 - Megablast (CDTV);Action / Shooter / Vertical;Games:X/Xenon2CDTVXenon2CDTV.Slave;0;0;0;0
0;Xenon 2 - Megablast (Game Demo);Action / Shooter / Vertical;Games:X/Xenon2DemoXenon2Demo.Slave;0;0;0;0
0;Xenon 2 - Megablast (NTSC);Action / Shooter / Vertical;Games:X/Xenon2NTSCXenon2NTSC.Slave;0;0;0;0
0;Xenon 2 - Megablast (One Disk);Action / Shooter / Vertical;Games:X/Xenon21DiskXenon21Disk.Slave;0;0;0;0
0;Xenon 2 - Megablast (Two Disk);Action / Shooter / Vertical;Games:X/Xenon22DiskXenon22Disk.Slave;0;0;0;0
0;Xenophobe;Action / Shooter / 2D;Games:X/XenophobeXenophobe.slave;0;0;0;0
0;Xiphos - The Universe Unfolds;Strategy / Space;Games:X/XiphosXiphos.Slave;0;0;0;0
0;Xmas Lemmings 1991 (Game Demo) (Coverdisk);Platform / Puzzle;Games:L/LemmingsXmasDemo1991LemmingsXmasDemo1991.slave;0;0;0;0
0;Xmas Lemmings 1992 (Game Demo);Platform / Puzzle;Games:L/LemmingsXmasDemo1992LemmingsXmasDemo1992.Slave;0;0;0;0
0;XP8;Action / Shooter / Vertical;Games:X/XP8XP8.slave;0;0;0;0
0;XP8 (AGA);Action / Shooter / Vertical;Games:X/XP8AGAXP8AGA.slave;0;0;0;0
0;XR-35;Action / Shooter / Horizontal;Games:X/XR35XR35.Slave;0;0;0;0
0;XTreme Racing (AGA);Racing / Car / Chase View;Games:X/XTremeRacingAGAXTremeRacingAGA.slave;0;0;0;0
0;XTreme Racing & Data Disks (AGA);Racing / Car / Chase View;Games:X/XTremeRacing&DataDisksAGAXTremeRacing&DataDisksAGA.slave;0;0;0;0
0;Xybots;Action / Shooter / 3D;Games:X/XybotsXybots.Slave;0;0;0;0
0;Yo! Joe! - Beat The Ghosts;Platform / Action;Games:Y/YoJoeYoJoe.Slave;0;0;0;0
0;Yo! Joe! (Game Demo);Platform / Action;Games:Y/YoJoeDemoYoJoeDemo.Slave;0;0;0;0
0;Yogi Bear & Friends in The Greed Monster;Adventure / Action;Games:Y/YogiBear&FriendsYogiBear&Friends.Slave;0;0;0;0
0;Yogi's Big Clean Up;Platform / Action;Games:Y/YogisBigCleanUpYogisBigCleanUp.Slave;0;0;0;0
0;Yogi's Great Escape;Platform / Action;Games:Y/YogisGreatEscapeYogisGreatEscape.Slave;0;0;0;0
0;Yolanda - The Ultimate Challenge (Files);Action / Fighter 2D;Games:Y/YolandaFilesYolandaFiles.Slave;0;0;0;0
0;Yolanda - The Ultimate Challenge (Image);Action / Fighter 2D;Games:Y/YolandaImageYolandaImage.Slave;0;0;0;0
0;Z-Out;Action / Shooter / Horizontal;Games:Z/ZOutZOut.slave;0;0;0;0
0;Za ?elazn? Bram? (Polish);Action / FPS;Games:Z/ZaZelaznaBramaPlZaZelaznaBramaPl.Slave;0;0;0;0
0;Zak McKracken;Adventure / Point & Click;Games:Z/ZakMcKrackenZakMcKracken.slave;0;0;0;0
0;Zak McKracken (French);Adventure / Point & Click;Games:Z/ZakMcKrackenFrZakMcKrackenFr.slave;0;0;0;0
0;Zak McKracken (German);Adventure / Point & Click;Games:Z/ZakMcKrackenDeZakMcKrackenDe.slave;0;0;0;0
0;Zak McKracken (Italian);Adventure / Point & Click;Games:Z/ZakMcKrackenItZakMcKrackenIt.slave;0;0;0;0
0;Zany Golf (NTSC);Sport / Miniature Golf;Games:Z/ZanyGolfNTSCZanyGolfNTSC.slave;0;0;0;0
0;Zarathrusta;Reaction / Gravity;Games:Z/ZarathrustaZarathrusta.slave;0;0;0;0
0;Zaxxon (512KB);Action / Shooter / Isometric;Games:Z/Zaxxon512KBZaxxon512KB.Slave;0;0;0;0
0;Zaxxon (PD) (1MB);Action / Shooter / Isometric;Games:Z/Zaxxon1MBZaxxon1MB.Slave;0;0;0;0
0;Zeewolf;Action / Shooter / 3D;Games:Z/ZeewolfZeewolf.slave;0;0;0;0
0;Zeewolf 2 - Wild Justice;Action / Shooter / 3D;Games:Z/Zeewolf2Zeewolf2.Slave;0;0;0;0
0;Zero Gravity;Bat & Ball / 3D;Games:Z/ZeroGravityZeroGravity.Slave;0;0;0;0
0;Ziriax;Action / Shooter / Horizontal;Games:Z/ZiriaxZiriax.slave;0;0;0;0
0;Zombi;Adventure / Action;Games:Z/ZombiZombi.slave;0;0;0;0
0;Zombi (French);Adventure / Action;Games:Z/ZombiFrZombiFr.Slave;0;0;0;0
0;Zombi (German);Adventure / Action;Games:Z/ZombiDeZombiDe.Slave;0;0;0;0
0;Zombie Apocalypse;Action / Shooter / Crosshair;Games:Z/ZombieApocalypseZombieApocalypse.Slave;0;0;0;0
0;Zombie Apocalypse 2 (PD) (AGA);Action / Shooter / Crosshair;Games:Z/ZombieApocalypse2AGAZombieApocalypse2AGA.Slave;0;0;0;0
0;Zone Warrior;Action / Shooter / 2D;Games:Z/ZoneWarriorZoneWarrior.slave;0;0;0;0
0;Zool;Platform / Action;Games:Z/ZoolZool.slave;0;0;0;0
0;Zool (AGA);Platform / Action;Games:Z/ZoolAGAZoolAGA.slave;0;0;0;0
0;Zool (CD32);Platform / Action;Games:Z/ZoolCD32ZoolCD32.slave;0;0;0;0
0;Zool (NTSC) (CD32);Platform / Action;Games:Z/ZoolCD32NTSCZoolCD32NTSC.slave;0;0;0;0
0;Zool 2;Platform / Action;Games:Z/Zool2Zool2.Slave;0;0;0;0
0;Zool 2 (AGA);Platform / Action;Games:Z/Zool2AGAZool2AGA.Slave;0;0;0;0
0;Zoom!;Puzzle / Isometric;Games:Z/ZoomZoom.Slave;0;0;0;0
0;Zyconix;Puzzle / 2D;Games:Z/ZyconixZyconix.Slave;0;0;0;0
0;Zynaps;Action / Shooter / Horizontal;Games:Z/ZynapsZynaps.slave;0;0;0;0
