0;1000 Miglia - 1927-1933 Volume 1;Racing / Car / Chase View;Games:0/1000Miglia/1000Miglia.Slave1000Miglia.Slave1000Miglia.Slave1000Miglia.Slave;0;0;0;0
0;1000cc Turbo;Racing / Bike / Chase View;Games:0/1000ccTurbo/1000ccTurbo.Slave1000ccTurbo.Slave1000ccTurbo.Slave1000ccTurbo.Slave;0;0;0;0
0;1869 - Erlebte Geschichte (Teil 1) (AGA) (German);Strategy / Trading;Games:0/1869AGADe/1869AGADe.Slave1869AGADe.Slave1869AGADe.Slave1869AGADe.Slave;0;0;0;0
0;1869 - Erlebte Geschichte (Teil 1) (German);Strategy / Trading;Games:0/1869De/1869De.Slave1869De.Slave1869De.Slave1869De.Slave;0;0;0;0
0;1869 - History Experience (Part 1);Strategy / Trading;Games:0/1869/1869.Slave1869.Slave1869.Slave1869.Slave;0;0;0;0
0;1869 - History Experience (Part 1) (AGA);Strategy / Trading;Games:0/1869AGA/1869AGA.Slave1869AGA.Slave1869AGA.Slave1869AGA.Slave;0;0;0;0
0;1869 - History Experience (Part 1) (Polish);Strategy / Trading;Games:0/1869Pl/1869Pl.Slave1869Pl.Slave1869Pl.Slave1869Pl.Slave;0;0;0;0
0;1943 - The Battle Of Midway;Action / Shooter / Vertical;Games:0/1943/1943.slave1943.slave1943.slave1943.slave;0;0;0;0
0;1st Division Manager;Management / Sport;Games:0/1stDivisionManager/1stDivisionManager.Slave1stDivisionManager.Slave1stDivisionManager.Slave1stDivisionManager.Slave;0;0;0;0
0;20000 Leagues Under The Sea;Adventure / Graphic;Games:0/20000LeaguesUnderTheSea/20000LeaguesUnderTheSea.Slave20000LeaguesUnderTheSea.Slave20000LeaguesUnderTheSea.Slave20000LeaguesUnderTheSea.Slave;0;0;0;0
0;20000 Leguas De Viaje Submarino (Spanish);Adventure / Graphic;Games:0/20000LeaguesUnderTheSeaEs/20000LeaguesUnderTheSeaEs.Slave20000LeaguesUnderTheSeaEs.Slave20000LeaguesUnderTheSeaEs.Slave20000LeaguesUnderTheSeaEs.Slave;0;0;0;0
0;20000 Lieues Sous Les Mers (Dutch);Adventure / Graphic;Games:0/20000LieuesSousLesMersNl/20000LieuesSousLesMersNl.Slave20000LieuesSousLesMersNl.Slave20000LieuesSousLesMersNl.Slave20000LieuesSousLesMersNl.Slave;0;0;0;0
0;20000 Lieues Sous Les Mers (French);Adventure / Graphic;Games:0/20000LieuesSousLesMersFr/20000LieuesSousLesMersFr.Slave20000LieuesSousLesMersFr.Slave20000LieuesSousLesMersFr.Slave20000LieuesSousLesMersFr.Slave;0;0;0;0
0;20000 Meilen Unter Dem Meer (German);Adventure / Graphic;Games:0/20000MeilenUnterDemMeerDe/20000MeilenUnterDemMeerDe.Slave20000MeilenUnterDemMeerDe.Slave20000MeilenUnterDemMeerDe.Slave20000MeilenUnterDemMeerDe.Slave;0;0;0;0
0;3001 O'Connors Fight;Strategy / Battle / 2D;Games:0/3001OConnorsFight/3001OConnorsFight.Slave3001OConnorsFight.Slave3001OConnorsFight.Slave3001OConnorsFight.Slave;0;0;0;0
0;3D Construction Kit;Misc / Game Creator;Games:0/3DConstructionKit/3DConstructionKit.Slave3DConstructionKit.Slave3DConstructionKit.Slave3DConstructionKit.Slave;0;0;0;0
0;3D Galax;Action / Shooter / 3D;Games:0/3DGalax/3DGalax.Slave3DGalax.Slave3DGalax.Slave3DGalax.Slave;0;0;0;0
0;3D Pool (Intro);Misc / Intro Disk;Games:0/3DPool/3DPool.Slave3DPool.Slave3DPool.Slave3DPool.Slave;0;0;0;0
0;3D Pool (Intro);Misc / Intro Disk;Games:0/3DPool/3DPictures.Slave3DPictures.Slave3DPictures.Slave3DPictures.Slave;0;0;0;0
0;3D World Boxing;Sport / Boxing;Games:0/3DWorldBoxing/3DWorldBoxing.Slave3DWorldBoxing.Slave3DWorldBoxing.Slave3DWorldBoxing.Slave;0;0;0;0
0;3D World Soccer;Sport / Football / Soccer;Games:0/3DWorldSoccer/3DWorldSoccer.Slave3DWorldSoccer.Slave3DWorldSoccer.Slave3DWorldSoccer.Slave;0;0;0;0
0;3D World Tennis;Sport / Tennis;Games:0/3DWorldTennis/3DWorldTennis.Slave3DWorldTennis.Slave3DWorldTennis.Slave3DWorldTennis.Slave;0;0;0;0
0;4D Sports Boxing;Sport / Boxing;Games:0/4DSportsBoxing/4DSportsBoxing.slave4DSportsBoxing.slave4DSportsBoxing.slave4DSportsBoxing.slave;0;0;0;0
0;4D Sports Driving;Racing / Car / Driver View;Games:0/4DSportsDriving/4DSportsDriving.slave4DSportsDriving.slave4DSportsDriving.slave4DSportsDriving.slave;0;0;0;0
0;4D Sports Driving & Master Tracks;Racing / Car / Driver View;Games:0/4DSportsDriving&MstrTrcks/4DSportsDriving&MstrTrcks.slave4DSportsDriving&MstrTrcks.slave4DSportsDriving&MstrTrcks.slave4DSportsDriving&MstrTrcks.slave;0;0;0;0
0;4th & Inches;Sport / American Football;Games:0/4th&Inches/4th&Inches.slave4th&Inches.slave4th&Inches.slave4th&Inches.slave;0;0;0;0
0;4x4 Off Road Racing (NTSC);Racing / Car / Chase View;Games:0/4x4OffRoadRacingNTSC/4x4OffRoadRacingNTSC.Slave4x4OffRoadRacingNTSC.Slave4x4OffRoadRacingNTSC.Slave4x4OffRoadRacingNTSC.Slave;0;0;0;0
0;5th Gear;Action / Shooter / Vehicle;Games:0/5thGear/5thGear.Slave5thGear.Slave5thGear.Slave5thGear.Slave;0;0;0;0
0;688 Attack Sub;Simulator / Submarine;Games:0/688AttackSub/688AttackSub.Slave688AttackSub.Slave688AttackSub.Slave688AttackSub.Slave;0;0;0;0
0;7 Colors;Puzzle / 2D;Games:0/7Colors/7Colors.Slave7Colors.Slave7Colors.Slave7Colors.Slave;0;0;0;0
0;9 Lives;Platform / Action;Games:0/9Lives/9Lives.Slave9Lives.Slave9Lives.Slave9Lives.Slave;0;0;0;0
0;A-10 Tank Killer (Two Disk);Simulator / Plane / Combat;Games:A/A10TankKiller2Disk/A10TankKiller2Disk.SlaveA10TankKiller2Disk.SlaveA10TankKiller2Disk.SlaveA10TankKiller2Disk.Slave;0;0;0;0
0;A-10 Tank Killer v1.5 (Three Disk);Simulator / Plane / Combat;Games:A/A10TankKiller3Disk/A10TankKiller3Disk.SlaveA10TankKiller3Disk.SlaveA10TankKiller3Disk.SlaveA10TankKiller3Disk.Slave;0;0;0;0
0;A-Train;Management / Transport;Games:A/ATrain/ATrain.slaveATrain.slaveATrain.slaveATrain.slave;0;0;0;0
0;A-Train (512KB);Management / Transport;Games:A/ATrain512k/ATrain512k.slaveATrain512k.slaveATrain512k.slaveATrain512k.slave;0;0;0;0
0;A-Train (512KB) (Czech);Management / Transport;Games:A/ATrain512kCz/ATrain512kCz.slaveATrain512kCz.slaveATrain512kCz.slaveATrain512kCz.slave;0;0;0;0
0;A-Train (512KB) (French);Management / Transport;Games:A/ATrain512kFr/ATrain512kFr.slaveATrain512kFr.slaveATrain512kFr.slaveATrain512kFr.slave;0;0;0;0
0;A-Train (512KB) (German);Management / Transport;Games:A/ATrain512kDe/ATrain512kDe.slaveATrain512kDe.slaveATrain512kDe.slaveATrain512kDe.slave;0;0;0;0
0;A-Train (512KB) (Polish);Management / Transport;Games:A/ATrain512kPl/ATrain512kPl.slaveATrain512kPl.slaveATrain512kPl.slaveATrain512kPl.slave;0;0;0;0
0;A-Train (Czech);Management / Transport;Games:A/ATrainCz/ATrainCz.slaveATrainCz.slaveATrainCz.slaveATrainCz.slave;0;0;0;0
0;A-Train (French);Management / Transport;Games:A/ATrainFr/ATrainFr.slaveATrainFr.slaveATrainFr.slaveATrainFr.slave;0;0;0;0
0;A-Train (German);Management / Transport;Games:A/ATrainDe/ATrainDe.slaveATrainDe.slaveATrainDe.slaveATrainDe.slave;0;0;0;0
0;A-Train (Polish);Management / Transport;Games:A/ATrainPl/ATrainPl.slaveATrainPl.slaveATrainPl.slaveATrainPl.slave;0;0;0;0
0;A-Train Construction Set;Management / Transport;Games:A/ATrain&ConstructionSet/ATrain.slaveATrain.slaveATrain.slaveATrain.slave;0;0;0;0
0;A-Train Construction Set (512KB);Management / Transport;Games:A/ATrain&ConstrSet512k/ATrain512k.slaveATrain512k.slaveATrain512k.slaveATrain512k.slave;0;0;0;0
0;A.C.SYS - Autonomous Cybernetic System (Game Demo) (AGA);Action / Shooter / 2D;Games:A/ACSYSDemoAGA/ACSYSDemoAGA.slaveACSYSDemoAGA.slaveACSYSDemoAGA.slaveACSYSDemoAGA.slave;0;0;0;0
0;A.G.E. - Advanced Galactic Empire;Action / Shooter / 3D;Games:A/AGE/AGE.SlaveAGE.SlaveAGE.SlaveAGE.Slave;0;0;0;0
0;A.T.F. 2 - Advanced Tactical Fighter;Action / Shooter / 3D;Games:A/ATF2/ATF2.SlaveATF2.SlaveATF2.SlaveATF2.Slave;0;0;0;0
0;A.T.R. - All Terrain Racing;Racing / Car / Top Down;Games:A/AllTerrainRacing/AllTerrainRacing.slaveAllTerrainRacing.slaveAllTerrainRacing.slaveAllTerrainRacing.slave;0;0;0;0
0;A.T.R. - All Terrain Racing (CD32);Racing / Car / Top Down;Games:A/AllTerrainRacingCD32/AllTerrainRacingCD32.slaveAllTerrainRacingCD32.slaveAllTerrainRacingCD32.slaveAllTerrainRacingCD32.slave;0;0;0;0
0;A.T.R. - All Terrain Racing (Xmas Edition) (Coverdisk);Racing / Car / Top Down;Games:A/AllTerrainRacingXmasDemo/AllTerrainRacingXmasDemo.slaveAllTerrainRacingXmasDemo.slaveAllTerrainRacingXmasDemo.slaveAllTerrainRacingXmasDemo.slave;0;0;0;0
0;Aaargh!;Action / Destruction;Games:A/Aaargh!/Aaargh!.SlaveAaargh!.SlaveAaargh!.SlaveAaargh!.Slave;0;0;0;0
0;Aaargh! (Arcadia);Action / Destruction;Games:A/Aaargh!Arcadia/Aaargh!Arcadia.SlaveAaargh!Arcadia.SlaveAaargh!Arcadia.SlaveAaargh!Arcadia.Slave;0;0;0;0
0;Abandoned Places;RPG / Dungeon Crawler;Games:A/AbandonedPlaces/AbandonedPlaces.slaveAbandonedPlaces.slaveAbandonedPlaces.slaveAbandonedPlaces.slave;0;0;0;0
0;Abandoned Places (German);RPG / Dungeon Crawler;Games:A/AbandonedPlacesDe/AbandonedPlacesDe.slaveAbandonedPlacesDe.slaveAbandonedPlacesDe.slaveAbandonedPlacesDe.slave;0;0;0;0
0;Abandoned Places (Spanish);RPG / Dungeon Crawler;Games:A/AbandonedPlacesEs/AbandonedPlacesEs.slaveAbandonedPlacesEs.slaveAbandonedPlacesEs.slaveAbandonedPlacesEs.slave;0;0;0;0
0;Abandoned Places 2;RPG / Dungeon Crawler;Games:A/AbandonedPlaces2/AbandonedPlaces2.SlaveAbandonedPlaces2.SlaveAbandonedPlaces2.SlaveAbandonedPlaces2.Slave;0;0;0;0
0;ABC Monday Night Football (NTSC);Sport / American Football;Games:A/ABCMondayNightFBNTSC/ABCMondayNightFBNTSC.slaveABCMondayNightFBNTSC.slaveABCMondayNightFBNTSC.slaveABCMondayNightFBNTSC.slave;0;0;0;0
0;Abra Cadabra;Adventure / Graphic;Games:A/Abracadabra/Abracadabra.SlaveAbracadabra.SlaveAbracadabra.SlaveAbracadabra.Slave;0;0;0;0
0;Academy - Tau Ceti 2;Action / Shooter / 3D;Games:A/Academy/Academy.slaveAcademy.slaveAcademy.slaveAcademy.slave;0;0;0;0
0;Ace Ball (AGA) (Polish);Bat & Ball / 3D;Games:A/AceBallAGAPl/AceBallAGAPl.SlaveAceBallAGAPl.SlaveAceBallAGAPl.SlaveAceBallAGAPl.Slave;0;0;0;0
0;Ace Ball (Polish);Bat & Ball / 3D;Games:A/AceBallPl/AceBallPl.SlaveAceBallPl.SlaveAceBallPl.SlaveAceBallPl.Slave;0;0;0;0
0;Action Fighter;Action / Shooter / Vehicle;Games:A/ActionFighter/ActionFighter.slaveActionFighter.slaveActionFighter.slaveActionFighter.slave;0;0;0;0
0;Addams Family, The;Platform / Action;Games:A/AddamsFamily/AddamsFamily.SlaveAddamsFamily.SlaveAddamsFamily.SlaveAddamsFamily.Slave;0;0;0;0
0;Adidias Tie Break;Sport / Tennis;Games:T/TieBreak/TieBreak.SlaveTieBreak.SlaveTieBreak.SlaveTieBreak.Slave;0;0;0;0
0;Adrenalynn;Sport / Futuristic;Games:A/Adrenalynn/Adrenalynn.SlaveAdrenalynn.SlaveAdrenalynn.SlaveAdrenalynn.Slave;0;0;0;0
0;Advanced Destroyer Simulator;Simulator / Boat;Games:A/AdvancedDestroyerSim/AdvancedDestroyerSim.SlaveAdvancedDestroyerSim.SlaveAdvancedDestroyerSim.SlaveAdvancedDestroyerSim.Slave;0;0;0;0
0;Advanced Ski Simulator;Sport / Winter;Games:A/AdvancedSkiSimulator/AdvancedSkiSimulator.slaveAdvancedSkiSimulator.slaveAdvancedSkiSimulator.slaveAdvancedSkiSimulator.slave;0;0;0;0
0;Advantage Tennis;Sport / Tennis;Games:A/AdvantageTennis/AdvantageTennis.slaveAdvantageTennis.slaveAdvantageTennis.slaveAdvantageTennis.slave;0;0;0;0
0;Adventure Construction Set (NTSC);Misc / Game Creator;Games:A/AdvConstructionSetNTSC/AdvConstructionSetNTSC.slaveAdvConstructionSetNTSC.slaveAdvConstructionSetNTSC.slaveAdvConstructionSetNTSC.slave;0;0;0;0
0;Adventures of Genlock Holmes, The;Adventure / Puzzle;Games:A/AdventuresOfGenlockHolmes/AdventuresOfGenlockHolmes.SlaveAdventuresOfGenlockHolmes.SlaveAdventuresOfGenlockHolmes.SlaveAdventuresOfGenlockHolmes.Slave;0;0;0;0
0;Adventures of Quik & Silva, The;Platform / Action;Games:A/AdventuresOfQuik&Silva/AdventuresOfQuik&Silva.SlaveAdventuresOfQuik&Silva.SlaveAdventuresOfQuik&Silva.SlaveAdventuresOfQuik&Silva.Slave;0;0;0;0
0;Adventures of Robin Hood, The;Adventure / Isometric;Games:A/AdventuresOfRobinHood/AdventuresOfRobinHood.slaveAdventuresOfRobinHood.slaveAdventuresOfRobinHood.slaveAdventuresOfRobinHood.slave;0;0;0;0
0;Adventures of Willy Beamish, The;Adventure / Point & Click;Games:A/AdventuresOfWillyBeamish/AdventuresOfWillyBeamish.slaveAdventuresOfWillyBeamish.slaveAdventuresOfWillyBeamish.slaveAdventuresOfWillyBeamish.slave;0;0;0;0
0;African Raiders-01;Racing / Car / Chase View;Games:A/AfricanRaiders01/AfricanRaiders01.slaveAfricanRaiders01.slaveAfricanRaiders01.slaveAfricanRaiders01.slave;0;0;0;0
0;After Burner (Activision);Action / Shooter / 3D;Games:A/AfterBurner/AfterBurner.SlaveAfterBurner.SlaveAfterBurner.SlaveAfterBurner.Slave;0;0;0;0
0;After Burner (Sega) (NTSC);Action / Shooter / 3D;Games:A/AfterBurnerNTSC/AfterBurnerNTSC.slaveAfterBurnerNTSC.slaveAfterBurnerNTSC.slaveAfterBurnerNTSC.slave;0;0;0;0
0;After The War;Action / Shooter / 2D;Games:A/AfterTheWar/AfterTheWar.SlaveAfterTheWar.SlaveAfterTheWar.SlaveAfterTheWar.Slave;0;0;0;0
0;Agony;Action / Shooter / Horizontal;Games:A/Agony/Agony.slaveAgony.slaveAgony.slaveAgony.slave;0;0;0;0
0;Agony (Game Demo);Action / Shooter / Horizontal;Games:A/AgonyDemo/AgonyDemo.slaveAgonyDemo.slaveAgonyDemo.slaveAgonyDemo.slave;0;0;0;0
0;Agony (NTSC);Action / Shooter / Horizontal;Games:A/AgonyNTSC/AgonyNTSC.slaveAgonyNTSC.slaveAgonyNTSC.slaveAgonyNTSC.slave;0;0;0;0
0;Aigle D'Or - Le Retour (512KB) (French);Action / Fighter 2D;Games:A/AigleDOr512kFr/AigleDOr512kFr.SlaveAigleDOr512kFr.SlaveAigleDOr512kFr.SlaveAigleDOr512kFr.Slave;0;0;0;0
0;Aigle D'Or - Le Retour (French);Action / Fighter 2D;Games:A/AigleDOrFr/AigleDOrFr.SlaveAigleDOrFr.SlaveAigleDOrFr.SlaveAigleDOrFr.Slave;0;0;0;0
0;Air Support;Strategy / Battle / 3D;Games:A/AirSupport/AirSupport.SlaveAirSupport.SlaveAirSupport.SlaveAirSupport.Slave;0;0;0;0
0;Air Support (NTSC);Strategy / Battle / 3D;Games:A/AirSupportNTSC/AirSupportNTSC.SlaveAirSupportNTSC.SlaveAirSupportNTSC.SlaveAirSupportNTSC.Slave;0;0;0;0
0;Airball;Adventure / Action;Games:A/Airball/Airball.slaveAirball.slaveAirball.slaveAirball.slave;0;0;0;0
0;Airborne Ranger;Strategy / Battle / 2D;Games:A/AirborneRanger/AirborneRanger.SlaveAirborneRanger.SlaveAirborneRanger.SlaveAirborneRanger.Slave;0;0;0;0
0;Akira;Action / Multi Level;Games:A/Akira/Akira.slaveAkira.slaveAkira.slaveAkira.slave;0;0;0;0
0;Akira (CD32);Action / Multi Level;Games:A/AkiraCD32/AkiraCD32.SlaveAkiraCD32.SlaveAkiraCD32.SlaveAkiraCD32.Slave;0;0;0;0
0;Aladdin (AGA);Platform / Action;Games:A/AladdinAGA/AladdinAGA.slaveAladdinAGA.slaveAladdinAGA.slaveAladdinAGA.slave;0;0;0;0
0;Albedo (French);Action / Shooter / 2D;Games:A/AlbedoFr/AlbedoFr.slaveAlbedoFr.slaveAlbedoFr.slaveAlbedoFr.slave;0;0;0;0
0;Alcatraz;Action / Multi Level;Games:A/Alcatraz/Alcatraz.slaveAlcatraz.slaveAlcatraz.slaveAlcatraz.slave;0;0;0;0
0;Alchemy - Village Level (Game Demo);Platform / Action;Games:A/AlchemyDemo/AlchemyDemo.SlaveAlchemyDemo.SlaveAlchemyDemo.SlaveAlchemyDemo.Slave;0;0;0;0
0;Alfabet Smierci (AGA) (Polish);Adventure / Graphic;Games:A/AlfabetSmierciAGAPl/AlfabetSmierciAGAPl.SlaveAlfabetSmierciAGAPl.SlaveAlfabetSmierciAGAPl.SlaveAlfabetSmierciAGAPl.Slave;0;0;0;0
0;Alfred Chicken;Platform / Action;Games:A/AlfredChicken/AlfredChicken.SlaveAlfredChicken.SlaveAlfredChicken.SlaveAlfredChicken.Slave;0;0;0;0
0;Alfred Chicken (AGA);Platform / Action;Games:A/AlfredChickenAGA/AlfredChickenAGA.slaveAlfredChickenAGA.slaveAlfredChickenAGA.slaveAlfredChickenAGA.slave;0;0;0;0
0;Alfred Chicken (CD32);Platform / Action;Games:A/AlfredChickenCD32/AlfredChickenCD32.slaveAlfredChickenCD32.slaveAlfredChickenCD32.slaveAlfredChickenCD32.slave;0;0;0;0
0;Alianator (Coverdisk);Action / Shooter / 3D;Games:A/Alianator/Alianator.SlaveAlianator.SlaveAlianator.SlaveAlianator.Slave;0;0;0;0
0;Alien Bash (Coverdisk);Action / Shooter / Multi Way;Games:A/AlienBash/AlienBash.SlaveAlienBash.SlaveAlienBash.SlaveAlienBash.Slave;0;0;0;0
0;Alien Bash 2 (Coverdisk);Action / Shooter / Multi Way;Games:A/AlienBash2/AlienBash2.slaveAlienBash2.slaveAlienBash2.slaveAlienBash2.slave;0;0;0;0
0;Alien Breed;Action / Shooter / Multi Way;Games:A/AlienBreed/AlienBreed.slaveAlienBreed.slaveAlienBreed.slaveAlienBreed.slave;0;0;0;0
0;Alien Breed (Special Edition);Action / Shooter / Multi Way;Games:A/AlienBreedSpecialEdition/AlienBreedSpecialEdition.SlaveAlienBreedSpecialEdition.SlaveAlienBreedSpecialEdition.SlaveAlienBreedSpecialEdition.Slave;0;0;0;0
0;Alien Breed (Story);Action / Shooter / 2D;Games:A/AlienBreedStory/AlienBreedStory.SlaveAlienBreedStory.SlaveAlienBreedStory.SlaveAlienBreedStory.Slave;0;0;0;0
0;Alien Breed 2;Action / Shooter / Multi Way;Games:A/AlienBreed2/AlienBreed2.slaveAlienBreed2.slaveAlienBreed2.slaveAlienBreed2.slave;0;0;0;0
0;Alien Breed 2 (AGA);Action / Shooter / Multi Way;Games:A/AlienBreed2AGA/AlienBreed2AGA.slaveAlienBreed2AGA.slaveAlienBreed2AGA.slaveAlienBreed2AGA.slave;0;0;0;0
0;Alien Breed 3D (AGA);Action / FPS;Games:A/AlienBreed3DAGA/AlienBreed3DAGA.slaveAlienBreed3DAGA.slaveAlienBreed3DAGA.slaveAlienBreed3DAGA.slave;0;0;0;0
0;Alien Breed 3D (CD32);Action / FPS;Games:A/AlienBreed3DCD32/AlienBreed3DCD32.slaveAlienBreed3DCD32.slaveAlienBreed3DCD32.slaveAlienBreed3DCD32.slave;0;0;0;0
0;Alien Breed 3D (Game Demo) (AGA);Action / FPS;Games:A/AlienBreed3DDemoLatestAGA/AlienBreed3DDemoLatest.SlaveAlienBreed3DDemoLatest.SlaveAlienBreed3DDemoLatest.SlaveAlienBreed3DDemoLatest.Slave;0;0;0;0
0;Alien Breed 3D (No Music) (AGA);Action / FPS;Games:A/AlienBreed3DNoMusicAGA/AlienBreed3DNoMusicAGA.slaveAlienBreed3DNoMusicAGA.slaveAlienBreed3DNoMusicAGA.slaveAlienBreed3DNoMusicAGA.slave;0;0;0;0
0;Alien Breed 3D (No Music) (CD32);Action / FPS;Games:A/AlienBreed3DNoMusicCD32/AlienBreed3DNoMusicCD32.slaveAlienBreed3DNoMusicCD32.slaveAlienBreed3DNoMusicCD32.slaveAlienBreed3DNoMusicCD32.slave;0;0;0;0
0;Alien Breed 3D (Playable) (Game Demo) (AGA);Action / FPS;Games:A/AlienBreed3DDemoPlayAGA/AlienBreed3DDemoPlayAGA.SlaveAlienBreed3DDemoPlayAGA.SlaveAlienBreed3DDemoPlayAGA.SlaveAlienBreed3DDemoPlayAGA.Slave;0;0;0;0
0;Alien Breed 3D (Rolling) (Game Demo) (AGA);Action / FPS;Games:A/AlienBreed3DDemoRollAGA/AlienBreed3DDemoRollAGA.SlaveAlienBreed3DDemoRollAGA.SlaveAlienBreed3DDemoRollAGA.SlaveAlienBreed3DDemoRollAGA.Slave;0;0;0;0
0;Alien Breed 3D 2 (The Killing Grounds) (AGA);Action / FPS;Games:A/AlienBreed3D2AGA/AlienBreed3D2AGA.slaveAlienBreed3D2AGA.slaveAlienBreed3D2AGA.slaveAlienBreed3D2AGA.slave;0;0;0;0
0;Alien Breed Tower Assault;Action / Shooter / Multi Way;Games:A/AlienBreedTA/AlienBreedTA.slaveAlienBreedTA.slaveAlienBreedTA.slaveAlienBreedTA.slave;0;0;0;0
0;Alien Breed Tower Assault (AGA);Action / Shooter / Multi Way;Games:A/AlienBreedTAAGA/AlienBreedTAAGA.slaveAlienBreedTAAGA.slaveAlienBreedTAAGA.slaveAlienBreedTAAGA.slave;0;0;0;0
0;Alien Breed Tower Assault (CD32);Action / Shooter / Multi Way;Games:A/AlienBreedTACD32/AlienBreedTACD32.slaveAlienBreedTACD32.slaveAlienBreedTACD32.slaveAlienBreedTACD32.slave;0;0;0;0
0;Alien Drug Lords (The Chyropian Connection);Adventure / Point & Click;Games:A/AlienDrugLords/AlienDrugLords.SlaveAlienDrugLords.SlaveAlienDrugLords.SlaveAlienDrugLords.Slave;0;0;0;0
0;Alien Fish Finger (PD);Platform / Action;Games:A/AlienFishFinger/AlienFishFinger.SlaveAlienFishFinger.SlaveAlienFishFinger.SlaveAlienFishFinger.Slave;0;0;0;0
0;Alien Legion;Action / Shooter / 2D;Games:A/AlienLegion/AlienLegion.SlaveAlienLegion.SlaveAlienLegion.SlaveAlienLegion.Slave;0;0;0;0
0;Alien Storm;Action / Multi Level;Games:A/AlienStorm/AlienStorm.SlaveAlienStorm.SlaveAlienStorm.SlaveAlienStorm.Slave;0;0;0;0
0;Alien Syndrome (NTSC);Action / Shooter / Multi Way;Games:A/AlienSyndromeNTSC/AlienSyndromeNTSC.slaveAlienSyndromeNTSC.slaveAlienSyndromeNTSC.slaveAlienSyndromeNTSC.slave;0;0;0;0
0;Alien World;Action / Shooter / 2D;Games:A/AlienWorld/AlienWorld.SlaveAlienWorld.SlaveAlienWorld.SlaveAlienWorld.Slave;0;0;0;0
0;Alien?;Action / Shooter / 2D;Games:A/Alien3/Alien3.SlaveAlien3.SlaveAlien3.SlaveAlien3.Slave;0;0;0;0
0;Aliex;Action / Shooter / Crosshair;Games:A/Aliex/Aliex.SlaveAliex.SlaveAliex.SlaveAliex.Slave;0;0;0;0
0;All New World of Lemmings (AGA);Platform / Puzzle;Games:A/AllNewWorldOfLemmingsAGA/AllNewWorldOfLemmingsAGA.slaveAllNewWorldOfLemmingsAGA.slaveAllNewWorldOfLemmingsAGA.slaveAllNewWorldOfLemmingsAGA.slave;0;0;0;0
0;Allan Border's Cricket;Sport / Cricket;Games:A/AllanBordersCricket/AllanBordersCricket.SlaveAllanBordersCricket.SlaveAllanBordersCricket.SlaveAllanBordersCricket.Slave;0;0;0;0
0;Allo Allo - Cartoon Fun;Platform / Action;Games:A/AlloAllo/AlloAllo.SlaveAlloAllo.SlaveAlloAllo.SlaveAlloAllo.Slave;0;0;0;0
0;Alpha Waves;Puzzle / 3D;Games:A/AlphaWaves/AlphaWaves.SlaveAlphaWaves.SlaveAlphaWaves.SlaveAlphaWaves.Slave;0;0;0;0
0;Alpha-1;Action / Shooter / Horizontal;Games:A/Alpha1/Alpha1.SlaveAlpha1.SlaveAlpha1.SlaveAlpha1.Slave;0;0;0;0
0;Altered Beast;Action / Fighter 2D;Games:A/AlteredBeast/AlteredBeast.slaveAlteredBeast.slaveAlteredBeast.slaveAlteredBeast.slave;0;0;0;0
0;Altered Destiny;Adventure / Point & Click;Games:A/AlteredDestiny/AlteredDestiny.slaveAlteredDestiny.slaveAlteredDestiny.slaveAlteredDestiny.slave;0;0;0;0
0;Amazing Spiderman, The;Platform / Action;Games:A/AmazingSpiderMan/AmazingSpiderman.slaveAmazingSpiderman.slaveAmazingSpiderman.slaveAmazingSpiderman.slave;0;0;0;0
0;Amazing Spiderman, The (NTSC);Platform / Action;Games:A/AmazingSpiderManNTSC/AmazingSpidermanNTSC.slaveAmazingSpidermanNTSC.slaveAmazingSpidermanNTSC.slaveAmazingSpidermanNTSC.slave;0;0;0;0
0;Ambermoon;RPG / Open World;Games:A/Ambermoon/Ambermoon.SlaveAmbermoon.SlaveAmbermoon.SlaveAmbermoon.Slave;0;0;0;0
0;Ambermoon (German);RPG / Open World;Games:A/AmbermoonDe/AmbermoonDe.SlaveAmbermoonDe.SlaveAmbermoonDe.SlaveAmbermoonDe.Slave;0;0;0;0
0;Amberstar;RPG / Open World;Games:A/Amberstar/Amberstar.slaveAmberstar.slaveAmberstar.slaveAmberstar.slave;0;0;0;0
0;Amberstar (Fast Mem);RPG / Open World;Games:A/AmberstarFast/AmberstarFast.slaveAmberstarFast.slaveAmberstarFast.slaveAmberstarFast.slave;0;0;0;0
0;Amberstar (Fast Mem) (German);RPG / Open World;Games:A/AmberstarDeFast/AmberstarDeFast.slaveAmberstarDeFast.slaveAmberstarDeFast.slaveAmberstarDeFast.slave;0;0;0;0
0;Amberstar (German);RPG / Open World;Games:A/AmberstarDe/AmberstarDe.slaveAmberstarDe.slaveAmberstarDe.slaveAmberstarDe.slave;0;0;0;0
0;Amegas;Bat & Ball / 2D;Games:A/Amegas/Amegas.SlaveAmegas.SlaveAmegas.SlaveAmegas.Slave;0;0;0;0
0;American Gladiators;Sport / Multi;Games:A/AmericanGladiators/AmericanGladiators.slaveAmericanGladiators.slaveAmericanGladiators.slaveAmericanGladiators.slave;0;0;0;0
0;American Poker (Polish);Tabletop / Cards;Games:A/AmericanPokerPl/AmericanPokerPl.slaveAmericanPokerPl.slaveAmericanPokerPl.slaveAmericanPokerPl.slave;0;0;0;0
0;American Tag-Team Wrestling;Sport / Wrestling;Games:A/AmericanTagTeamWrestling/AmericanTagTeamWrestling.SlaveAmericanTagTeamWrestling.SlaveAmericanTagTeamWrestling.SlaveAmericanTagTeamWrestling.Slave;0;0;0;0
0;Ami Robbo (PD) (Polish);Puzzle / 2D;Games:A/AmiRobboPl/AmiRobboPl.SlaveAmiRobboPl.SlaveAmiRobboPl.SlaveAmiRobboPl.Slave;0;0;0;0
0;Amiga Encounter;Action / Shooter / 3D;Games:E/Encounter/Encounter.slaveEncounter.slaveEncounter.slaveEncounter.slave;0;0;0;0
0;Amiga Karate (NTSC);Beat 'Em Up;Games:A/AmigaKarateNTSC/AmigaKarateNTSC.SlaveAmigaKarateNTSC.SlaveAmigaKarateNTSC.SlaveAmigaKarateNTSC.Slave;0;0;0;0
0;Amnios;Action / Shooter / Multi Way;Games:A/Amnios/Amnios.slaveAmnios.slaveAmnios.slaveAmnios.slave;0;0;0;0
0;Anarchy;Action / Shooter / Horizontal;Games:A/Anarchy/Anarchy.SlaveAnarchy.SlaveAnarchy.SlaveAnarchy.Slave;0;0;0;0
0;Ancient Art of War in the Skies, The;Action / Duel / Versus;Games:A/AncientArtOfWarInTheSkies/AncientArtOfWarInTheSkies.SlaveAncientArtOfWarInTheSkies.SlaveAncientArtOfWarInTheSkies.SlaveAncientArtOfWarInTheSkies.Slave;0;0;0;0
0;Ancient Art Of War, The;Strategy / Battle / 2D;Games:A/AncientArtOfWar/AncientArtOfWar.slaveAncientArtOfWar.slaveAncientArtOfWar.slaveAncientArtOfWar.slave;0;0;0;0
0;Another World;Adventure / Action;Games:A/AnotherWorld/AnotherWorld.SlaveAnotherWorld.SlaveAnotherWorld.SlaveAnotherWorld.Slave;0;0;0;0
0;Another World (French);Adventure / Action;Games:A/AnotherWorldFr/AnotherWorldFr.SlaveAnotherWorldFr.SlaveAnotherWorldFr.SlaveAnotherWorldFr.Slave;0;0;0;0
0;Another World (Italian);Adventure / Action;Games:A/AnotherWorldIt/AnotherWorldIt.SlaveAnotherWorldIt.SlaveAnotherWorldIt.SlaveAnotherWorldIt.Slave;0;0;0;0
0;Anstoss - World Cup Edition (AGA) (German);Management / Sport;Games:A/AnstossWCEAGADe/AnstossWCEAGADe.slaveAnstossWCEAGADe.slaveAnstossWCEAGADe.slaveAnstossWCEAGADe.slave;0;0;0;0
0;Anstoss - World Cup Edition (German);Management / Sport;Games:A/AnstossWCEDe/AnstossWCEDe.slaveAnstossWCEDe.slaveAnstossWCEDe.slaveAnstossWCEDe.slave;0;0;0;0
0;Anstoss (AGA) (German);Management / Sport;Games:A/AnstossAGADe/AnstossAGADe.slaveAnstossAGADe.slaveAnstossAGADe.slaveAnstossAGADe.slave;0;0;0;0
0;Anstoss (German);Management / Sport;Games:A/AnstossDe/AnstossDe.slaveAnstossDe.slaveAnstossDe.slaveAnstossDe.slave;0;0;0;0
0;Antago;Puzzle / Isometric;Games:A/Antago/Antago.SlaveAntago.SlaveAntago.SlaveAntago.Slave;0;0;0;0
0;Antares (Der Griff Nach Den Sternen) (German);Strategy / Space;Games:A/AntaresDe/AntaresDe.SlaveAntaresDe.SlaveAntaresDe.SlaveAntaresDe.Slave;0;0;0;0
0;Antheads - It Came From The Desert 2 Data Disk;Adventure / Action;Games:I/ItCameFromTheDesert2/ItCameFromTheDesert2.SlaveItCameFromTheDesert2.SlaveItCameFromTheDesert2.SlaveItCameFromTheDesert2.Slave;0;0;0;0
0;Apache & Overdrive (Game Demo);Action / Shooter / Horizontal;Games:A/Apache&OverdriveDemo/Apache&OverdriveDemo.SlaveApache&OverdriveDemo.SlaveApache&OverdriveDemo.SlaveApache&OverdriveDemo.Slave;0;0;0;0
0;Apache Flight;Action / Shooter / Vertical;Games:A/ApacheFlight/ApacheFlight.slaveApacheFlight.slaveApacheFlight.slaveApacheFlight.slave;0;0;0;0
0;Apano Sin;Action / Shooter / Vertical;Games:A/ApanoSin/ApanoSin.SlaveApanoSin.SlaveApanoSin.SlaveApanoSin.Slave;0;0;0;0
0;Apano Sin (German);Action / Shooter / Vertical;Games:A/ApanoSinDe/ApanoSinDe.SlaveApanoSinDe.SlaveApanoSinDe.SlaveApanoSinDe.Slave;0;0;0;0
0;APB - All Points Bulletin;Racing / Car / Top Down;Games:A/APB/APB.slaveAPB.slaveAPB.slaveAPB.slave;0;0;0;0
0;Apidya (A.U.D.I.O.S);Action / Shooter / Horizontal;Games:A/ApidyaAudios/ApidyaAudios.slaveApidyaAudios.slaveApidyaAudios.slaveApidyaAudios.slave;0;0;0;0
0;Apidya (Kaiko);Action / Shooter / Horizontal;Games:A/ApidyaKaiko/ApidyaKaiko.slaveApidyaKaiko.slaveApidyaKaiko.slaveApidyaKaiko.slave;0;0;0;0
0;Apocalypse;Action / Shooter / Horizontal;Games:A/Apocalypse/Apocalypse.SlaveApocalypse.SlaveApocalypse.SlaveApocalypse.Slave;0;0;0;0
0;Apple Hunt (PD);Maze / Digger;Games:A/AppleHunt/AppleHunt.slaveAppleHunt.slaveAppleHunt.slaveAppleHunt.slave;0;0;0;0
0;Apprentice;Platform / Action;Games:A/Apprentice/Apprentice.slaveApprentice.slaveApprentice.slaveApprentice.slave;0;0;0;0
0;Aquablast (NTSC);Action / Shooter / Vehicle;Games:A/AquablastNTSC/AquablastNTSC.slaveAquablastNTSC.slaveAquablastNTSC.slaveAquablastNTSC.slave;0;0;0;0
0;Aquanaut;Action / Shooter / 2D;Games:A/AquanautF1Licenceware/AquanautF1Licenceware.slaveAquanautF1Licenceware.slaveAquanautF1Licenceware.slaveAquanautF1Licenceware.slave;0;0;0;0
0;Aquatic Games, The - Starring James Pond And The Aquabats;Sport / Multi;Games:A/AquaticGames/AquaticGames.SlaveAquaticGames.SlaveAquaticGames.SlaveAquaticGames.Slave;0;0;0;0
0;Aquaventura;Action / Shooter / 3D;Games:A/Aquaventura/Aquaventura.SlaveAquaventura.SlaveAquaventura.SlaveAquaventura.Slave;0;0;0;0
0;Aquaventura (NTSC);Action / Shooter / 3D;Games:A/AquaventuraNTSC/AquaventuraNTSC.SlaveAquaventuraNTSC.SlaveAquaventuraNTSC.SlaveAquaventuraNTSC.Slave;0;0;0;0
0;Arabian Nights;Platform / Action;Games:A/ArabianNights/ArabianNights.SlaveArabianNights.SlaveArabianNights.SlaveArabianNights.Slave;0;0;0;0
0;Arabian Nights (512KB);Platform / Action;Games:A/ArabianNights512k/ArabianNights512k.SlaveArabianNights512k.SlaveArabianNights512k.SlaveArabianNights512k.Slave;0;0;0;0
0;Arabian Nights (CD32);Platform / Action;Games:A/ArabianNightsCD32/ArabianNightsCD32.SlaveArabianNightsCD32.SlaveArabianNightsCD32.SlaveArabianNightsCD32.Slave;0;0;0;0
0;Arachnophobia;Platform / Action;Games:A/Arachnophobia/Arachnophobia.SlaveArachnophobia.SlaveArachnophobia.SlaveArachnophobia.Slave;0;0;0;0
0;Arcade Fruit Machine;Gambling / Fruit Machine;Games:A/ArcadeFruitMachine/ArcadeFruitMachine.SlaveArcadeFruitMachine.SlaveArcadeFruitMachine.SlaveArcadeFruitMachine.Slave;0;0;0;0
0;Arcade Pool;Sport / Pool / Billiards;Games:A/ArcadePool/ArcadePool.slaveArcadePool.slaveArcadePool.slaveArcadePool.slave;0;0;0;0
0;Arcade Pool (AGA);Sport / Pool / Billiards;Games:A/ArcadePoolAGA/ArcadePoolAGA.SlaveArcadePoolAGA.SlaveArcadePoolAGA.SlaveArcadePoolAGA.Slave;0;0;0;0
0;Arcade Pool (CD32);Sport / Pool / Billiards;Games:A/ArcadePoolCD32/ArcadePoolCD32.slaveArcadePoolCD32.slaveArcadePoolCD32.slaveArcadePoolCD32.slave;0;0;0;0
0;Arcade Snooker (Coverdisk) (AGA);Sport / Snooker;Games:A/ArcadeSnookerAGA/ArcadeSnookerAGA.SlaveArcadeSnookerAGA.SlaveArcadeSnookerAGA.SlaveArcadeSnookerAGA.Slave;0;0;0;0
0;Arcade Trivia Quiz;Quiz;Games:A/ArcadeTriviaQuiz/ArcadeTriviaQuiz.slaveArcadeTriviaQuiz.slaveArcadeTriviaQuiz.slaveArcadeTriviaQuiz.slave;0;0;0;0
0;Archer Maclean's Billard Americain, Le;Sport / Pool / Billiards;Games:A/ArcherMacLeansBillardAmcn/ArcherMacLeansBillardAmcn.SlaveArcherMacLeansBillardAmcn.SlaveArcherMacLeansBillardAmcn.SlaveArcherMacLeansBillardAmcn.Slave;0;0;0;0
0;Archer Maclean's Pool;Sport / Pool / Billiards;Games:A/ArcherMacLeansPool/ArcherMacLeansPool.SlaveArcherMacLeansPool.SlaveArcherMacLeansPool.SlaveArcherMacLeansPool.Slave;0;0;0;0
0;Archipelagos;Puzzle / 3D;Games:A/Archipelagos/Archipelagos.SlaveArchipelagos.SlaveArchipelagos.SlaveArchipelagos.Slave;0;0;0;0
0;Archipelagos (NTSC);Puzzle / 3D;Games:A/ArchipelagosNTSC/ArchipelagosNTSC.SlaveArchipelagosNTSC.SlaveArchipelagosNTSC.SlaveArchipelagosNTSC.Slave;0;0;0;0
0;Archon - The Light And The Dark (NTSC);Tabletop / Chess;Games:A/ArchonNTSC/ArchonNTSC.slaveArchonNTSC.slaveArchonNTSC.slaveArchonNTSC.slave;0;0;0;0
0;Archon 2 - Adept (NTSC);Tabletop / Chess;Games:A/Archon2NTSC/Archon2NTSC.slaveArchon2NTSC.slaveArchon2NTSC.slaveArchon2NTSC.slave;0;0;0;0
0;Arcticfox;Action / Shooter / 3D;Games:A/Arcticfox/Arcticfox.SlaveArcticfox.SlaveArcticfox.SlaveArcticfox.Slave;0;0;0;0
0;Arcticfox (NTSC);Action / Shooter / 3D;Games:A/ArcticfoxNTSC/ArcticFoxNTSC.SlaveArcticFoxNTSC.SlaveArcticFoxNTSC.SlaveArcticFoxNTSC.Slave;0;0;0;0
0;Arena;Sport / Athletics;Games:A/Arena/Arena.slaveArena.slaveArena.slaveArena.slave;0;0;0;0
0;Arkanoid;Bat & Ball / 2D;Games:A/Arkanoid/Arkanoid.SlaveArkanoid.SlaveArkanoid.SlaveArkanoid.Slave;0;0;0;0
0;Arkanoid - The Revenge Of Doh;Bat & Ball / 2D;Games:A/ArkanoidRevengeOfDoh/ArkanoidRevengeOfDoh.slaveArkanoidRevengeOfDoh.slaveArkanoidRevengeOfDoh.slaveArkanoidRevengeOfDoh.slave;0;0;0;0
0;Arkanoid (NTSC);Bat & Ball / 2D;Games:A/ArkanoidNTSC/ArkanoidNTSC.SlaveArkanoidNTSC.SlaveArkanoidNTSC.SlaveArkanoidNTSC.Slave;0;0;0;0
0;Armageddon Man, The;Strategy / Political;Games:A/ArmageddonMan/ArmageddonMan.SlaveArmageddonMan.SlaveArmageddonMan.SlaveArmageddonMan.Slave;0;0;0;0
0;Armalyte - The Final Run;Action / Shooter / Horizontal;Games:A/Armalyte/Armalyte.SlaveArmalyte.SlaveArmalyte.SlaveArmalyte.Slave;0;0;0;0
0;Armour-Geddon;Strategy / Battle / 3D;Games:A/ArmourGeddon/ArmourGeddon.SlaveArmourGeddon.SlaveArmourGeddon.SlaveArmourGeddon.Slave;0;0;0;0
0;Armour-Geddon (NTSC);Strategy / Battle / 3D;Games:A/ArmourGeddonNTSC/ArmourGeddonNTSC.SlaveArmourGeddonNTSC.SlaveArmourGeddonNTSC.SlaveArmourGeddonNTSC.Slave;0;0;0;0
0;Armour-Geddon 2 - Codename Hellfire;Strategy / Battle / 3D;Games:A/ArmourGeddon2/ArmourGeddon2.SlaveArmourGeddon2.SlaveArmourGeddon2.SlaveArmourGeddon2.Slave;0;0;0;0
0;Army Moves;Action / Shooter / Horizontal;Games:A/ArmyMoves/ArmyMoves.SlaveArmyMoves.SlaveArmyMoves.SlaveArmyMoves.Slave;0;0;0;0
0;Arnie;Action / Shooter / 2D;Games:A/Arnie/Arnie.slaveArnie.slaveArnie.slaveArnie.slave;0;0;0;0
0;Arnie 2;Action / Shooter / Isometric;Games:A/Arnie2/Arnie2.SlaveArnie2.SlaveArnie2.SlaveArnie2.Slave;0;0;0;0
0;Art De La Guerre, L (French);RPG / Action;Games:A/ArtDeLaGuerreFr/ArtDeLaGuerreFr.slaveArtDeLaGuerreFr.slaveArtDeLaGuerreFr.slaveArtDeLaGuerreFr.slave;0;0;0;0
0;Art Of Chess, The;Tabletop / Chess;Games:A/ArtOfChess/ArtOfChess.SlaveArtOfChess.SlaveArtOfChess.SlaveArtOfChess.Slave;0;0;0;0
0;Arte De La Guerra, El (Spanish);RPG / Action;Games:A/ArteDeLaGuerraEs/ArteDeLaGuerraEs.slaveArteDeLaGuerraEs.slaveArteDeLaGuerraEs.slaveArteDeLaGuerraEs.slave;0;0;0;0
0;Artura;Action / Fighter 2D;Games:A/Artura/Artura.SlaveArtura.SlaveArtura.SlaveArtura.Slave;0;0;0;0
0;Ashes Of Empire;Strategy / Battle / 3D;Games:A/AshesOfEmpire/AshesOfEmpire.SlaveAshesOfEmpire.SlaveAshesOfEmpire.SlaveAshesOfEmpire.Slave;0;0;0;0
0;Ashes Of Empire (German);Strategy / Battle / 3D;Games:A/AshesOfEmpireDe/AshesOfEmpireDe.SlaveAshesOfEmpireDe.SlaveAshesOfEmpireDe.SlaveAshesOfEmpireDe.Slave;0;0;0;0
0;Assassin;Action / Shooter / 2D;Games:A/Assassin/Assassin.slaveAssassin.slaveAssassin.slaveAssassin.slave;0;0;0;0
0;Assassin (Special Edition);Action / Shooter / 2D;Games:A/AssassinSpecialEdition/AssassinSpecialEdition.slaveAssassinSpecialEdition.slaveAssassinSpecialEdition.slaveAssassinSpecialEdition.slave;0;0;0;0
0;Astaroth - The Angel Of Death;Platform / Puzzle;Games:A/Astaroth/Astaroth.SlaveAstaroth.SlaveAstaroth.SlaveAstaroth.Slave;0;0;0;0
0;Astatin;Puzzle / 2D;Games:A/Astatin/Astatin.SlaveAstatin.SlaveAstatin.SlaveAstatin.Slave;0;0;0;0
0;Asterix - Chez Rahazade (French);Adventure / Action;Games:A/AsterixChezRahazadeFr/AsterixChezRahazadeFr.slaveAsterixChezRahazadeFr.slaveAsterixChezRahazadeFr.slaveAsterixChezRahazadeFr.slave;0;0;0;0
0;Asterix - El Golpe Del Menhir (Spanish);Adventure / Action;Games:A/AsterixElGolpeDelMenhirEs/AsterixElGolpeDelMenhirEs.slaveAsterixElGolpeDelMenhirEs.slaveAsterixElGolpeDelMenhirEs.slaveAsterixElGolpeDelMenhirEs.slave;0;0;0;0
0;Asterix - Im Morgenland (German);Adventure / Action;Games:A/AsterixImMorgenlandDe/AsterixImMorgenlandDe.slaveAsterixImMorgenlandDe.slaveAsterixImMorgenlandDe.slaveAsterixImMorgenlandDe.slave;0;0;0;0
0;Asterix - Le Coup Du Menhir (French);Adventure / Action;Games:A/AsterixLeCoupDuMenhirFr/AsterixLeCoupDuMenhirFr.slaveAsterixLeCoupDuMenhirFr.slaveAsterixLeCoupDuMenhirFr.slaveAsterixLeCoupDuMenhirFr.slave;0;0;0;0
0;Asterix - Operation Getafix;Adventure / Action;Games:A/AsterixOpGetafix/AsterixOpGetafix.slaveAsterixOpGetafix.slaveAsterixOpGetafix.slaveAsterixOpGetafix.slave;0;0;0;0
0;Asterix - Operation Hinkelstein (German);Adventure / Action;Games:A/AsterixOpHinkelsteinDe/AsterixOpHinkelsteinDe.slaveAsterixOpHinkelsteinDe.slaveAsterixOpHinkelsteinDe.slaveAsterixOpHinkelsteinDe.slave;0;0;0;0
0;Astro Marine Corps (A.M.C.);Action / Shooter / Horizontal;Games:A/AstroMarineCorps/AstroMarineCorps.SlaveAstroMarineCorps.SlaveAstroMarineCorps.SlaveAstroMarineCorps.Slave;0;0;0;0
0;ATAX;Action / Shooter / Vertical;Games:A/Atax/Atax.SlaveAtax.SlaveAtax.SlaveAtax.Slave;0;0;0;0
0;Atlantyda (Polish);Platform / Action;Games:A/AtlantydaPl/AtlantydaPl.slaveAtlantydaPl.slaveAtlantydaPl.slaveAtlantydaPl.slave;0;0;0;0
0;Atom Smasher (PD);Maze / 2D;Games:A/AtomSmasher/AtomSmasher.SlaveAtomSmasher.SlaveAtomSmasher.SlaveAtomSmasher.Slave;0;0;0;0
0;Atomic Robo-Kid;Action / Shooter / Horizontal;Games:A/AtomicRoboKid/AtomicRobokid.slaveAtomicRobokid.slaveAtomicRobokid.slaveAtomicRobokid.slave;0;0;0;0
0;Atomino;Puzzle / 2D;Games:A/Atomino/Atomino.slaveAtomino.slaveAtomino.slaveAtomino.slave;0;0;0;0
0;Atomino (German);Puzzle / 2D;Games:A/AtominoDe/AtominoDe.slaveAtominoDe.slaveAtominoDe.slaveAtominoDe.slave;0;0;0;0
0;Atomino (NTSC);Puzzle / 2D;Games:A/AtominoNTSC/AtominoNTSC.slaveAtominoNTSC.slaveAtominoNTSC.slaveAtominoNTSC.slave;0;0;0;0
0;Atomix;Puzzle / 2D;Games:A/Atomix/Atomix.SlaveAtomix.SlaveAtomix.SlaveAtomix.Slave;0;0;0;0
0;Attack of the Green Smelly Aliens from Planet 27b-6, The;Action / Shooter / 2D;Games:A/AotGSAFP27b6/AotGSAFP27b6.SlaveAotGSAFP27b6.SlaveAotGSAFP27b6.SlaveAotGSAFP27b6.Slave;0;0;0;0
0;Aufschwung Ost (German);Management / City;Games:A/AufschwungOstDe/AufschwungOstDe.slaveAufschwungOstDe.slaveAufschwungOstDe.slaveAufschwungOstDe.slave;0;0;0;0
0;Aunt Arctic Adventure;Platform / Action;Games:A/AuntArcticAdventure/AuntArcticAdventure.SlaveAuntArcticAdventure.SlaveAuntArcticAdventure.SlaveAuntArcticAdventure.Slave;0;0;0;0
0;Australo Piticus Mecanichus;Platform / Action;Games:A/AustraloPiticusMechanicus/AustraloPiticusMechanicus.SlaveAustraloPiticusMechanicus.SlaveAustraloPiticusMechanicus.SlaveAustraloPiticusMechanicus.Slave;0;0;0;0
0;Auto Duel;RPG / Open World;Games:A/AutoDuel/AutoDuel.SlaveAutoDuel.SlaveAutoDuel.SlaveAutoDuel.Slave;0;0;0;0
0;AV8B Harrier Assault;Simulator / Plane / Combat;Games:A/AV8BHarrierAssault/AV8BHarrierAssault.SlaveAV8BHarrierAssault.SlaveAV8BHarrierAssault.SlaveAV8BHarrierAssault.Slave;0;0;0;0
0;Aventura Espacial, La (Spanish);Adventure / Text;Games:A/LaAventuraEspacialEs/LaAventuraEspacialEs.slaveLaAventuraEspacialEs.slaveLaAventuraEspacialEs.slaveLaAventuraEspacialEs.slave;0;0;0;0
0;Aventura Original, La (Spanish);Adventure / Text;Games:A/LaAventuraOriginalEs/LaAventuraOriginalEs.slaveLaAventuraOriginalEs.slaveLaAventuraOriginalEs.slaveLaAventuraOriginalEs.slave;0;0;0;0
0;Aventures De Moktar, Les (French);Platform / Action;Games:A/AventuresDeMoktarFr/AventuresDeMoktarFr.slaveAventuresDeMoktarFr.slaveAventuresDeMoktarFr.slaveAventuresDeMoktarFr.slave;0;0;0;0
0;Awesome;Action / Shooter / Vertical;Games:A/Awesome/Awesome.SlaveAwesome.SlaveAwesome.SlaveAwesome.Slave;0;0;0;0
0;Awesome (Game Demo);Action / Shooter / Vertical;Games:A/AwesomeDemo/AwesomeDemo.SlaveAwesomeDemo.SlaveAwesomeDemo.SlaveAwesomeDemo.Slave;0;0;0;0
0;Axe Of Rage (NTSC);Beat 'Em Up / Weapon;Games:A/AxeOfRageNTSC/AxeOfRageNTSC.slaveAxeOfRageNTSC.slaveAxeOfRageNTSC.slaveAxeOfRageNTSC.slave;0;0;0;0
0;Axel's Magic Hammer;Platform / Action;Games:A/AxelsMagicHammer/AxelsMagicHammer.SlaveAxelsMagicHammer.SlaveAxelsMagicHammer.SlaveAxelsMagicHammer.Slave;0;0;0;0
0;Aztec Challenge (PD);Adventure / Action;Games:A/AztecChallenge/AztecChallenge.SlaveAztecChallenge.SlaveAztecChallenge.SlaveAztecChallenge.Slave;0;0;0;0
0;B-17 Flying Fortress;Simulator / Plane / WW2;Games:B/B17FlyingFortress/B17FlyingFortress.SlaveB17FlyingFortress.SlaveB17FlyingFortress.SlaveB17FlyingFortress.Slave;0;0;0;0
0;B-17 Flying Fortress (Game Demo);Simulator / Plane / WW2;Games:B/B17FlyingFortressDemo/B17FlyingFortressDemo.SlaveB17FlyingFortressDemo.SlaveB17FlyingFortressDemo.SlaveB17FlyingFortressDemo.Slave;0;0;0;0
0;B.A.T. (Bureau Of Astral Troubleshooters);Adventure / Point & Click;Games:B/BAT/BAT.slaveBAT.slaveBAT.slaveBAT.slave;0;0;0;0
0;B.A.T. (Bureau Of Astral Troubleshooters) (French);Adventure / Point & Click;Games:B/BATFr/BATFr.slaveBATFr.slaveBATFr.slaveBATFr.slave;0;0;0;0
0;B.A.T. (Bureau Of Astral Troubleshooters) (German);Adventure / Point & Click;Games:B/BATDe/BATDe.slaveBATDe.slaveBATDe.slaveBATDe.slave;0;0;0;0
0;B.A.T. (Bureau Of Astral Troubleshooters) (Italian);Adventure / Point & Click;Games:B/BATIt/BATIt.SlaveBATIt.SlaveBATIt.SlaveBATIt.Slave;0;0;0;0
0;B.A.T. II;Adventure / Point & Click;Games:B/BAT2/BAT2.slaveBAT2.slaveBAT2.slaveBAT2.slave;0;0;0;0
0;B.A.T. II (French);Adventure / Point & Click;Games:B/BAT2Fr/BAT2Fr.slaveBAT2Fr.slaveBAT2Fr.slaveBAT2Fr.slave;0;0;0;0
0;B.A.T. II (German);Adventure / Point & Click;Games:B/BAT2De/BAT2De.slaveBAT2De.slaveBAT2De.slaveBAT2De.slave;0;0;0;0
0;B.C. Kid;Platform / Action;Games:B/BCKid/BCKid.SlaveBCKid.SlaveBCKid.SlaveBCKid.Slave;0;0;0;0
0;Baal;Action / Shooter / 2D;Games:B/Baal/Baal.SlaveBaal.SlaveBaal.SlaveBaal.Slave;0;0;0;0
0;Baba Yaga;Adventure / Action;Games:B/BabaYaga/BabaYaga.slaveBabaYaga.slaveBabaYaga.slaveBabaYaga.slave;0;0;0;0
0;Baby Jo In 'Going Home';Platform / Action;Games:B/BabyJoInGoingHome/BabyJoInGoingHome.SlaveBabyJoInGoingHome.SlaveBabyJoInGoingHome.SlaveBabyJoInGoingHome.Slave;0;0;0;0
0;Babylonian Twins (Game Demo);Platform / Action;Games:B/BabylonianTwinsDemo/BabylonianTwinsDemo.slaveBabylonianTwinsDemo.slaveBabylonianTwinsDemo.slaveBabylonianTwinsDemo.slave;0;0;0;0
0;Back To The Future II;Action / Multi Level;Games:B/BackToTheFuturePart2/BackToTheFuturePart2.slaveBackToTheFuturePart2.slaveBackToTheFuturePart2.slaveBackToTheFuturePart2.slave;0;0;0;0
0;Back To The Future III;Action / Multi Level;Games:B/BackToTheFuturePart3/BackToTheFuturePart3.SlaveBackToTheFuturePart3.SlaveBackToTheFuturePart3.SlaveBackToTheFuturePart3.Slave;0;0;0;0
0;Back To The Future III (NTSC);Action / Multi Level;Games:B/BackToTheFuturePart3NTSC/BackToTheFuturePart3NTSC.SlaveBackToTheFuturePart3NTSC.SlaveBackToTheFuturePart3NTSC.SlaveBackToTheFuturePart3NTSC.Slave;0;0;0;0
0;Backlash;Action / Shooter / 3D;Games:B/Backlash/Backlash.SlaveBacklash.SlaveBacklash.SlaveBacklash.Slave;0;0;0;0
0;Bad Cat;Action / Multi Level;Games:B/BadCat/BadCat.SlaveBadCat.SlaveBadCat.SlaveBadCat.Slave;0;0;0;0
0;Bad Company;Action / Shooter / 3D;Games:B/BadCompany/BadCompany.slaveBadCompany.slaveBadCompany.slaveBadCompany.slave;0;0;0;0
0;Bad Dudes (NTSC);Action / Fighter 2D;Games:B/BadDudesNTSC/BadDudesNTSC.slaveBadDudesNTSC.slaveBadDudesNTSC.slaveBadDudesNTSC.slave;0;0;0;0
0;Bad Dudes (NTSC) (Chip Mem);Action / Fighter 2D;Games:B/BadDudesChipNTSC/BadDudesChipNTSC.slaveBadDudesChipNTSC.slaveBadDudesChipNTSC.slaveBadDudesChipNTSC.slave;0;0;0;0
0;Bad Dudes Vs. Dragon Ninja;Action / Fighter 2D;Games:B/BadDudesVsDragonNinja/BadDudesVsDragonNinja.slaveBadDudesVsDragonNinja.slaveBadDudesVsDragonNinja.slaveBadDudesVsDragonNinja.slave;0;0;0;0
0;Bad Dudes Vs. Dragon Ninja (Chip Mem);Action / Fighter 2D;Games:B/BadDudesVsDragonNinjaChip/BadDudesVsDragonNinjaChip.slaveBadDudesVsDragonNinjaChip.slaveBadDudesVsDragonNinjaChip.slaveBadDudesVsDragonNinjaChip.slave;0;0;0;0
0;BadLands;Racing / Car / Top Down;Games:B/BadLands/Badlands.slaveBadlands.slaveBadlands.slaveBadlands.slave;0;0;0;0
0;Badlands Pete;Platform / Action;Games:B/BadlandsPete/BadlandsPete.SlaveBadlandsPete.SlaveBadlandsPete.SlaveBadlandsPete.Slave;0;0;0;0
0;Bagitman (PD);Platform / Action;Games:B/Bagitman/Bagitman.SlaveBagitman.SlaveBagitman.SlaveBagitman.Slave;0;0;0;0
0;Balance Of Power - 1990 Edition;Strategy / Political;Games:B/BalanceOfPower1990Ed/BalanceOfPower1990Ed.SlaveBalanceOfPower1990Ed.SlaveBalanceOfPower1990Ed.SlaveBalanceOfPower1990Ed.Slave;0;0;0;0
0;Balance Of Power - Geopolitics in the Nuclear Age (NTSC);Strategy / Political;Games:B/BalanceOfPowerNTSC/BalanceOfPowerNTSC.SlaveBalanceOfPowerNTSC.SlaveBalanceOfPowerNTSC.SlaveBalanceOfPowerNTSC.Slave;0;0;0;0
0;Ball Game, The;Puzzle / Isometric;Games:B/BallGame/BallGame.SlaveBallGame.SlaveBallGame.SlaveBallGame.Slave;0;0;0;0
0;Ball Raider;Bat & Ball / 2D;Games:B/BallRaider/BallRaider.SlaveBallRaider.SlaveBallRaider.SlaveBallRaider.Slave;0;0;0;0
0;Ball Raider II;Bat & Ball / 2D;Games:B/BallRaider2/BallRaider2.slaveBallRaider2.slaveBallRaider2.slaveBallRaider2.slave;0;0;0;0
0;Ballistix;Sport / Futuristic;Games:B/Ballistix/Ballistix.slaveBallistix.slaveBallistix.slaveBallistix.slave;0;0;0;0
0;Bandit Kings Of Ancient China;Strategy / Battle / 2D;Games:B/BanditKings/BanditKings.SlaveBanditKings.SlaveBanditKings.SlaveBanditKings.Slave;0;0;0;0
0;Bangkok Knights;Beat 'Em Up;Games:B/BangkokKnights/BangkokKnights.slaveBangkokKnights.slaveBangkokKnights.slaveBangkokKnights.slave;0;0;0;0
0;Banshee (AGA);Action / Shooter / Vertical;Games:B/BansheeAGA/BansheeAGA.slaveBansheeAGA.slaveBansheeAGA.slaveBansheeAGA.slave;0;0;0;0
0;Banshee (CD32);Action / Shooter / Vertical;Games:B/BansheeCD32/BansheeCD32.slaveBansheeCD32.slaveBansheeCD32.slaveBansheeCD32.slave;0;0;0;0
0;Banzai;Action / Shooter / Multi Way;Games:B/Banzai/Banzai.SlaveBanzai.SlaveBanzai.SlaveBanzai.Slave;0;0;0;0
0;Bar Games;Sport / Bar / Saloon / Pub;Games:B/BarGames/BarGames.SlaveBarGames.SlaveBarGames.SlaveBarGames.Slave;0;0;0;0
0;Barbarian - The Ultimate Warrior (Palace);Beat 'Em Up / Weapon;Games:B/BarbarianPalace/BarbarianPalace.SlaveBarbarianPalace.SlaveBarbarianPalace.SlaveBarbarianPalace.Slave;0;0;0;0
0;Barbarian (Psygnosis);Action / Fighter 2D;Games:B/BarbarianPsygnosis/BarBarianPsygnosis.SlaveBarBarianPsygnosis.SlaveBarBarianPsygnosis.SlaveBarBarianPsygnosis.Slave;0;0;0;0
0;Barbarian 2 - The Dungeon Of Drax (Palace);Beat 'Em Up / Weapon;Games:B/Barbarian2Palace/Barbarian2Palace.slaveBarbarian2Palace.slaveBarbarian2Palace.slaveBarbarian2Palace.slave;0;0;0;0
0;Barbarian 2 (Psygnosis);Action / Fighter 2D;Games:B/Barbarian2Psygnosis/Barbarian2Psygnosis.SlaveBarbarian2Psygnosis.SlaveBarbarian2Psygnosis.SlaveBarbarian2Psygnosis.Slave;0;0;0;0
0;Bard's Tale 1, The - Tales of the Unknown;RPG / Dungeon Crawler;Games:B/BardsTale/BardsTale.SlaveBardsTale.SlaveBardsTale.SlaveBardsTale.Slave;0;0;0;0
0;Bard's Tale 1, The - Tales of the Unknown (NTSC);RPG / Dungeon Crawler;Games:B/BardsTaleNTSC/BardsTaleNTSC.SlaveBardsTaleNTSC.SlaveBardsTaleNTSC.SlaveBardsTaleNTSC.Slave;0;0;0;0
0;Bard's Tale 2, The - The Destiny Knight;RPG / Dungeon Crawler;Games:B/BardsTale2/BardsTale2.SlaveBardsTale2.SlaveBardsTale2.SlaveBardsTale2.Slave;0;0;0;0
0;Bard's Tale 3, The - Thief of Fate;RPG / Dungeon Crawler;Games:B/BardsTale3/BardsTale3.slaveBardsTale3.slaveBardsTale3.slaveBardsTale3.slave;0;0;0;0
0;Bargon Attack;Adventure / Point & Click;Games:B/BargonAttack/BargonAttack.slaveBargonAttack.slaveBargonAttack.slaveBargonAttack.slave;0;0;0;0
0;Bargon Attack (French);Adventure / Point & Click;Games:B/BargonAttackFr/BargonAttackFr.slaveBargonAttackFr.slaveBargonAttackFr.slaveBargonAttackFr.slave;0;0;0;0
0;Barney Bear Goes to School;Educational;Games:B/BarneyBearGoesToSchool/BarneyBearGoesToSchool.SlaveBarneyBearGoesToSchool.SlaveBarneyBearGoesToSchool.SlaveBarneyBearGoesToSchool.Slave;0;0;0;0
0;Barney Bear Goes to Space;Educational;Games:B/BarneyBearGoesToSpace/BarneyBearGoesToSpace.SlaveBarneyBearGoesToSpace.SlaveBarneyBearGoesToSpace.SlaveBarneyBearGoesToSpace.Slave;0;0;0;0
0;Bart Vs The Space Mutants (One Disk);Platform / Action;Games:B/BartVsSpaceMutants1Disk/BartVsSpaceMutants1Disk.SlaveBartVsSpaceMutants1Disk.SlaveBartVsSpaceMutants1Disk.SlaveBartVsSpaceMutants1Disk.Slave;0;0;0;0
0;Bart Vs The Space Mutants (Two Disk) (Intro);Misc / Intro Disk;Games:B/BartVsSpaceMutants2Disk/Intro2Disk.slaveIntro2Disk.slaveIntro2Disk.slaveIntro2Disk.slave;0;0;0;0
0;Bart Vs The Space Mutants (Two Disk) (Intro);Misc / Intro Disk;Games:B/BartVsSpaceMutants2Disk/BartVsSpaceMutants2Disk.SlaveBartVsSpaceMutants2Disk.SlaveBartVsSpaceMutants2Disk.SlaveBartVsSpaceMutants2Disk.Slave;0;0;0;0
0;Bart Vs The World;Platform / Action;Games:B/BartVsTheWorld/BartVsTheWorld.slaveBartVsTheWorld.slaveBartVsTheWorld.slaveBartVsTheWorld.slave;0;0;0;0
0;Base Jumpers;Platform / Action;Games:B/BaseJumpers/BaseJumpers.slaveBaseJumpers.slaveBaseJumpers.slaveBaseJumpers.slave;0;0;0;0
0;Base Jumpers (CD32);Platform / Action;Games:B/BaseJumpersCD32/BaseJumpersCD32.slaveBaseJumpersCD32.slaveBaseJumpersCD32.slaveBaseJumpersCD32.slave;0;0;0;0
0;Basket Island (Playable Demo 1) (Game Demo) (AGA);Sport / Basketball;Games:B/BasketIslandDemo1AGA/BasketIslandDemo1AGA.SlaveBasketIslandDemo1AGA.SlaveBasketIslandDemo1AGA.SlaveBasketIslandDemo1AGA.Slave;0;0;0;0
0;Basket Island (Playable Demo 2) (Game Demo) (AGA);Sport / Basketball;Games:B/BasketIslandDemo2AGA/BasketIslandDemo2AGA.SlaveBasketIslandDemo2AGA.SlaveBasketIslandDemo2AGA.SlaveBasketIslandDemo2AGA.Slave;0;0;0;0
0;Batman Returns;Action / Fighter 2D;Games:B/BatmanReturns/BatmanReturns.SlaveBatmanReturns.SlaveBatmanReturns.SlaveBatmanReturns.Slave;0;0;0;0
0;Batman The Caped Crusader;Adventure / Action;Games:B/BatmanCapedCrusader/BatmanCapedCrusader.slaveBatmanCapedCrusader.slaveBatmanCapedCrusader.slaveBatmanCapedCrusader.slave;0;0;0;0
0;Batman The Movie (One Disk);Action / Multi Level;Games:B/BatmanTheMovie1Disk/BatmanTheMovie1Disk.SlaveBatmanTheMovie1Disk.SlaveBatmanTheMovie1Disk.SlaveBatmanTheMovie1Disk.Slave;0;0;0;0
0;Batman The Movie (Two Disk);Action / Multi Level;Games:B/BatmanTheMovie2Disk/BatmanTheMovie2Disk.SlaveBatmanTheMovie2Disk.SlaveBatmanTheMovie2Disk.SlaveBatmanTheMovie2Disk.Slave;0;0;0;0
0;Battle Bound;Action / Fighter 2D;Games:B/BattleBound/BattleBound.SlaveBattleBound.SlaveBattleBound.SlaveBattleBound.Slave;0;0;0;0
0;Battle Chess;Tabletop / Chess;Games:B/BattleChess/BattleChess.slaveBattleChess.slaveBattleChess.slaveBattleChess.slave;0;0;0;0
0;Battle Chess (CD32);Tabletop / Chess;Games:B/BattleChessCD32/BattleChessCD32.SlaveBattleChessCD32.SlaveBattleChessCD32.SlaveBattleChessCD32.Slave;0;0;0;0
0;Battle Chess (CDTV);Tabletop / Chess;Games:B/BattleChessCDTV/BattleChessCDTV.SlaveBattleChessCDTV.SlaveBattleChessCDTV.SlaveBattleChessCDTV.Slave;0;0;0;0
0;Battle Chess 2 - Chinese Chess;Tabletop / Chess;Games:B/BattleChess2/BattleChess2.SlaveBattleChess2.SlaveBattleChess2.SlaveBattleChess2.Slave;0;0;0;0
0;Battle Command;Action / Shooter / 3D;Games:B/BattleCommand/BattleCommand.slaveBattleCommand.slaveBattleCommand.slaveBattleCommand.slave;0;0;0;0
0;Battle For The Ashes;Sport / Cricket;Games:B/BattleForAshes/BattleForAshes.SlaveBattleForAshes.SlaveBattleForAshes.SlaveBattleForAshes.Slave;0;0;0;0
0;Battle For The Ashes (Coverdisk);Sport / Cricket;Games:B/BattleForAshesAmigaPower/BattleForAshesAmigaPower.SlaveBattleForAshesAmigaPower.SlaveBattleForAshesAmigaPower.SlaveBattleForAshesAmigaPower.Slave;0;0;0;0
0;Battle Isle;Strategy / Battle / 2D;Games:B/BattleIsle/BattleIsle.SlaveBattleIsle.SlaveBattleIsle.SlaveBattleIsle.Slave;0;0;0;0
0;Battle Isle & Data Disks;Strategy / Battle / 2D;Games:B/BattleIsle&DataDisks/BattleIsle&DataDisks.SlaveBattleIsle&DataDisks.SlaveBattleIsle&DataDisks.SlaveBattleIsle&DataDisks.Slave;0;0;0;0
0;Battle Master;Adventure / Action;Games:B/BattleMaster/BattleMaster.SlaveBattleMaster.SlaveBattleMaster.SlaveBattleMaster.Slave;0;0;0;0
0;Battle Squadron - The Destruction Of The Barrax Empire;Action / Shooter / Vertical;Games:B/BattleSquadron/BattleSquadron.slaveBattleSquadron.slaveBattleSquadron.slaveBattleSquadron.slave;0;0;0;0
0;Battle Squadron - The Destruction Of The Barrax Empire (G;Action / Shooter / Vertical;Games:B/BattleSquadronDemo/BattleSquadronDemo.SlaveBattleSquadronDemo.SlaveBattleSquadronDemo.SlaveBattleSquadronDemo.Slave;0;0;0;0
0;Battle Squadron - The Destruction Of The Barrax Empire (N;Action / Shooter / Vertical;Games:B/BattleSquadronNTSC/BattleSquadronNTSC.slaveBattleSquadronNTSC.slaveBattleSquadronNTSC.slaveBattleSquadronNTSC.slave;0;0;0;0
0;Battle Valley;Action / Shooter / Horizontal;Games:B/BattleValley/BattleValley.SlaveBattleValley.SlaveBattleValley.SlaveBattleValley.Slave;0;0;0;0
0;Battlehawks 1942;Simulator / Plane / WW2;Games:B/Battlehawks1942/Battlehawks1942.SlaveBattlehawks1942.SlaveBattlehawks1942.SlaveBattlehawks1942.Slave;0;0;0;0
0;Battleship (NTSC);Action / Duel / Versus;Games:B/BattleshipNTSC/BattleshipNTSC.slaveBattleshipNTSC.slaveBattleshipNTSC.slaveBattleshipNTSC.slave;0;0;0;0
0;Battleships;Tabletop / Board Game;Games:B/Battleships/Battleships.slaveBattleships.slaveBattleships.slaveBattleships.slave;0;0;0;0
0;Battlestorm (CDTV);Action / Shooter / Multi Way;Games:B/BattlestormCDTV/BattleStormCDTV.SlaveBattleStormCDTV.SlaveBattleStormCDTV.SlaveBattleStormCDTV.Slave;0;0;0;0
0;Battlestorm (NTSC);Action / Shooter / Multi Way;Games:B/BattlestormNTSC/BattleStormNTSC.SlaveBattleStormNTSC.SlaveBattleStormNTSC.SlaveBattleStormNTSC.Slave;0;0;0;0
0;Battletech - The Crescent Hawk's Inception (NTSC);Strategy / Battle / 2D;Games:B/BattletechNTSC/BattletechNTSC.SlaveBattletechNTSC.SlaveBattletechNTSC.SlaveBattletechNTSC.Slave;0;0;0;0
0;Battletoads;Action / Fighter 2.5D;Games:B/Battletoads/Battletoads.slaveBattletoads.slaveBattletoads.slaveBattletoads.slave;0;0;0;0
0;Battletoads (CD32);Action / Fighter 2.5D;Games:B/BattletoadsCD32/BattletoadsCD32.slaveBattletoadsCD32.slaveBattletoadsCD32.slaveBattletoadsCD32.slave;0;0;0;0
0;Beach Volley;Sport / Volleyball;Games:B/BeachVolley/BeachVolley.SlaveBeachVolley.SlaveBeachVolley.SlaveBeachVolley.Slave;0;0;0;0
0;Beam;Puzzle / 2D;Games:B/Beam/Beam.SlaveBeam.SlaveBeam.SlaveBeam.Slave;0;0;0;0
0;Beast Busters;Action / Shooter / Crosshair;Games:B/BeastBusters/BeastBusters.slaveBeastBusters.slaveBeastBusters.slaveBeastBusters.slave;0;0;0;0
0;Beastlord;Action / Fighter 2D;Games:B/Beastlord/Beastlord.slaveBeastlord.slaveBeastlord.slaveBeastlord.slave;0;0;0;0
0;Beavers;Platform / Action;Games:B/Beavers/Beavers.SlaveBeavers.SlaveBeavers.SlaveBeavers.Slave;0;0;0;0
0;Beavers (CD32);Platform / Puzzle;Games:B/BeaversCD32/BeaversCD32.SlaveBeaversCD32.SlaveBeaversCD32.SlaveBeaversCD32.Slave;0;0;0;0
0;Behind The Iron Gate;Action / FPS;Games:B/BehindTheIronGate/BehindTheIronGate.slaveBehindTheIronGate.slaveBehindTheIronGate.slaveBehindTheIronGate.slave;0;0;0;0
0;Behind The Iron Gate (German);Action / FPS;Games:B/BehindTheIronGateDe/BehindTheIronGateDe.slaveBehindTheIronGateDe.slaveBehindTheIronGateDe.slaveBehindTheIronGateDe.slave;0;0;0;0
0;Belial;Action / Shooter / 2D;Games:B/Belial/Belial.SlaveBelial.SlaveBelial.SlaveBelial.Slave;0;0;0;0
0;Beneath A Steel Sky;Adventure / Point & Click;Games:B/BeneathAStlSky/BeneathAStlSky.slaveBeneathAStlSky.slaveBeneathAStlSky.slaveBeneathAStlSky.slave;0;0;0;0
0;Beneath A Steel Sky (CD32);Adventure / Point & Click;Games:B/BeneathAStlSkyCD32/BeneathAStlSkyCD32.slaveBeneathAStlSkyCD32.slaveBeneathAStlSkyCD32.slaveBeneathAStlSkyCD32.slave;0;0;0;0
0;Beneath A Steel Sky (French);Adventure / Point & Click;Games:B/BeneathAStlSkyFr/BeneathAStlSkyFr.slaveBeneathAStlSkyFr.slaveBeneathAStlSkyFr.slaveBeneathAStlSkyFr.slave;0;0;0;0
0;Beneath A Steel Sky (German);Adventure / Point & Click;Games:B/BeneathAStlSkyDe/BeneathAStlSkyDe.slaveBeneathAStlSkyDe.slaveBeneathAStlSkyDe.slaveBeneathAStlSkyDe.slave;0;0;0;0
0;Beneath A Steel Sky (Italian);Adventure / Point & Click;Games:B/BeneathAStlSkyIt/BeneathAStlSkyIt.slaveBeneathAStlSkyIt.slaveBeneathAStlSkyIt.slaveBeneathAStlSkyIt.slave;0;0;0;0
0;Beneath A Steel Sky (No Voice) (CD32);Adventure / Point & Click;Games:B/BeneathAStlSkyCD32NoVoice/BeneathAStlSkyCD32NoVoice.slaveBeneathAStlSkyCD32NoVoice.slaveBeneathAStlSkyCD32NoVoice.slaveBeneathAStlSkyCD32NoVoice.slave;0;0;0;0
0;Beneath A Steel Sky (Swedish);Adventure / Point & Click;Games:B/BeneathAStlSkySe/BeneathAStlSkySe.slaveBeneathAStlSkySe.slaveBeneathAStlSkySe.slaveBeneathAStlSkySe.slave;0;0;0;0
0;Benefactor;Platform / Puzzle;Games:B/Benefactor/Benefactor.slaveBenefactor.slaveBenefactor.slaveBenefactor.slave;0;0;0;0
0;Benefactor (CD32);Platform / Puzzle;Games:B/BenefactorCD32/BenefactorCD32.SlaveBenefactorCD32.SlaveBenefactorCD32.SlaveBenefactorCD32.Slave;0;0;0;0
0;Best Of The Best - Championship Karate;Beat 'Em Up;Games:B/BestOfTheBest/BestOfTheBest.SlaveBestOfTheBest.SlaveBestOfTheBest.SlaveBestOfTheBest.Slave;0;0;0;0
0;Betrayal;Strategy / Historical;Games:B/Betrayal/Betrayal.SlaveBetrayal.SlaveBetrayal.SlaveBetrayal.Slave;0;0;0;0
0;Better Dead Than Alien (NTSC);Action / Shooter / 2D;Games:B/BetterDeadThanAlienNTSC/BetterDeadThanAlienNTSC.SlaveBetterDeadThanAlienNTSC.SlaveBetterDeadThanAlienNTSC.SlaveBetterDeadThanAlienNTSC.Slave;0;0;0;0
0;Better Dead Than Alien!;Action / Shooter / 2D;Games:B/BetterDeadThanAlien/BetterDeadThanAlien.SlaveBetterDeadThanAlien.SlaveBetterDeadThanAlien.SlaveBetterDeadThanAlien.Slave;0;0;0;0
0;Better Maths;Educational;Games:B/BetterMaths/BetterMaths.SlaveBetterMaths.SlaveBetterMaths.SlaveBetterMaths.Slave;0;0;0;0
0;Beverly Hills Cop;Action / Multi Level;Games:B/BeverlyHillsCop/BeverlyHillsCop.slaveBeverlyHillsCop.slaveBeverlyHillsCop.slaveBeverlyHillsCop.slave;0;0;0;0
0;Beyond Dark Castle;Platform / Action;Games:B/BeyondDarkCastle/BeyondDarkCastle.slaveBeyondDarkCastle.slaveBeyondDarkCastle.slaveBeyondDarkCastle.slave;0;0;0;0
0;Beyond the Ice Palace;Action / Fighter 2D;Games:B/BeyondTheIcePalace/BeyondTheIcePalace.SlaveBeyondTheIcePalace.SlaveBeyondTheIcePalace.SlaveBeyondTheIcePalace.Slave;0;0;0;0
0;Bez Kompromisu (Polish);Action / Shooter / 2D;Games:B/BezKompromisuPl/BezKompromisuPl.SlaveBezKompromisuPl.SlaveBezKompromisuPl.SlaveBezKompromisuPl.Slave;0;0;0;0
0;Big Business;Management / Business;Games:B/BigBusiness/BigBusiness.SlaveBigBusiness.SlaveBigBusiness.SlaveBigBusiness.Slave;0;0;0;0
0;Big Nose the Caveman;Platform / Action;Games:B/BigNoseTheCaveman/BigNoseTheCaveman.SlaveBigNoseTheCaveman.SlaveBigNoseTheCaveman.SlaveBigNoseTheCaveman.Slave;0;0;0;0
0;Big Run;Racing / Car / Chase View;Games:B/BigRun/BigRun.SlaveBigRun.SlaveBigRun.SlaveBigRun.Slave;0;0;0;0
0;Biing! - Sex, Intrigen Und Skalpelle (AGA) (German);Adventure / Adult;Games:B/BiingAGADe/BiingAGADe.slaveBiingAGADe.slaveBiingAGADe.slaveBiingAGADe.slave;0;0;0;0
0;Bill's Tomato Game;Puzzle / 2D;Games:B/BillsTomatoGame/BillsTomatoGame.slaveBillsTomatoGame.slaveBillsTomatoGame.slaveBillsTomatoGame.slave;0;0;0;0
0;Bill's Tomato Game (NTSC);Puzzle / 2D;Games:B/BillsTomatoGameNTSC/BillsTomatoGameNTSC.slaveBillsTomatoGameNTSC.slaveBillsTomatoGameNTSC.slaveBillsTomatoGameNTSC.slave;0;0;0;0
0;Bio Challenge;Action / Shooter / Horizontal;Games:B/BioChallenge/BioChallenge.SlaveBioChallenge.SlaveBioChallenge.SlaveBioChallenge.Slave;0;0;0;0
0;Bionic Commando;Action / Shooter / 2D;Games:B/BionicCommando/BionicCommando.SlaveBionicCommando.SlaveBionicCommando.SlaveBionicCommando.Slave;0;0;0;0
0;Bionic Commando (NTSC);Action / Fighter 2D;Games:B/BionicCommandoNTSC/BionicCommandoNTSC.SlaveBionicCommandoNTSC.SlaveBionicCommandoNTSC.SlaveBionicCommandoNTSC.Slave;0;0;0;0
0;Biplane Duel (PD);Action / Duel / Versus;Games:B/BiplaneDuel/BiplaneDuel.SlaveBiplaneDuel.SlaveBiplaneDuel.SlaveBiplaneDuel.Slave;0;0;0;0
0;Birds Of Prey;Simulator / Plane / Combat;Games:B/BirdsOfPrey/BirdsOfPrey.slaveBirdsOfPrey.slaveBirdsOfPrey.slaveBirdsOfPrey.slave;0;0;0;0
0;Bismarck;Simulator / Boat;Games:B/Bismarck/Bismarck.SlaveBismarck.SlaveBismarck.SlaveBismarck.Slave;0;0;0;0
0;Bivouac (French);Sport / Winter;Games:B/BivouacFr/BivouacFr.slaveBivouacFr.slaveBivouacFr.slaveBivouacFr.slave;0;0;0;0
0;Black Cauldron, The;Adventure / Point & Click;Games:B/BlackCauldron/BlackCauldron.SlaveBlackCauldron.SlaveBlackCauldron.SlaveBlackCauldron.Slave;0;0;0;0
0;Black Crypt;RPG / Dungeon Crawler;Games:B/BlackCrypt/BlackCrypt.SlaveBlackCrypt.SlaveBlackCrypt.SlaveBlackCrypt.Slave;0;0;0;0
0;Black Dawn I (PD);RPG / Dungeon Crawler;Games:B/BlackDawn/BlackDawn.SlaveBlackDawn.SlaveBlackDawn.SlaveBlackDawn.Slave;0;0;0;0
0;Black Dawn II (PD);RPG / Dungeon Crawler;Games:B/BlackDawn2/BlackDawn2.SlaveBlackDawn2.SlaveBlackDawn2.SlaveBlackDawn2.Slave;0;0;0;0
0;Black Dawn III - Legions of Dawn (PD);RPG / Dungeon Crawler;Games:L/LegionsOfDawn/LegionsOfDawn.SlaveLegionsOfDawn.SlaveLegionsOfDawn.SlaveLegionsOfDawn.Slave;0;0;0;0
0;Black Dawn VI - Hellbound;RPG / Dungeon Crawler;Games:B/BlackDawn6/BlackDawn6.SlaveBlackDawn6.SlaveBlackDawn6.SlaveBlackDawn6.Slave;0;0;0;0
0;Black Gold;Management / Business;Games:B/BlackGoldReLINE/BlackGoldReLINE.SlaveBlackGoldReLINE.SlaveBlackGoldReLINE.SlaveBlackGoldReLINE.Slave;0;0;0;0
0;Black Hornet;Action / Shooter / Vertical;Games:B/BlackHornet/BlackHornet.SlaveBlackHornet.SlaveBlackHornet.SlaveBlackHornet.Slave;0;0;0;0
0;Black Lamp;Platform / Action;Games:B/BlackLamp/BlackLamp.SlaveBlackLamp.SlaveBlackLamp.SlaveBlackLamp.Slave;0;0;0;0
0;Black Sect (French);Adventure / Point & Click;Games:B/BlackSectFr/BlackSectFr.SlaveBlackSectFr.SlaveBlackSectFr.SlaveBlackSectFr.Slave;0;0;0;0
0;Black Shadow;Action / Shooter / Vertical;Games:B/BlackShadow/BlackShadow.SlaveBlackShadow.SlaveBlackShadow.SlaveBlackShadow.Slave;0;0;0;0
0;Black Tiger;Action / Fighter 2D;Games:B/BlackTiger/BlackTiger.slaveBlackTiger.slaveBlackTiger.slaveBlackTiger.slave;0;0;0;0
0;Black Viper;Action / Shooter / Vehicle;Games:B/BlackViper/BlackViper.slaveBlackViper.slaveBlackViper.slaveBlackViper.slave;0;0;0;0
0;Black Viper (AGA);Action / Shooter / Vehicle;Games:B/BlackViperAGA/BlackViperAGA.slaveBlackViperAGA.slaveBlackViperAGA.slaveBlackViperAGA.slave;0;0;0;0
0;Black Viper (Intro) (CD32);Misc / Intro Disk;Games:B/BlackViperCD32/BlackViperCD32.SlaveBlackViperCD32.SlaveBlackViperCD32.SlaveBlackViperCD32.Slave;0;0;0;0
0;Black Viper (Intro) (CD32);Misc / Intro Disk;Games:B/BlackViperCD32/IntroCD32.SlaveIntroCD32.SlaveIntroCD32.SlaveIntroCD32.Slave;0;0;0;0
0;Blade Warrior;Action / Fighter 2D;Games:B/BladeWarrior/BladeWarrior.slaveBladeWarrior.slaveBladeWarrior.slaveBladeWarrior.slave;0;0;0;0
0;Blades of Steel;Sport / Ice Hockey;Games:B/BladesOfSteel/BladesOfSteel.SlaveBladesOfSteel.SlaveBladesOfSteel.SlaveBladesOfSteel.Slave;0;0;0;0
0;BlastaBall (Arcadia);Sport / Futuristic;Games:B/BlastaBallArcadia/BlastaBallArcadia.SlaveBlastaBallArcadia.SlaveBlastaBallArcadia.SlaveBlastaBallArcadia.Slave;0;0;0;0
0;Blastar;Action / Shooter / Multi Way;Games:B/Blastar/Blastar.slaveBlastar.slaveBlastar.slaveBlastar.slave;0;0;0;0
0;Blasteroids;Action / Shooter / 2D;Games:B/Blasteroids/Blasteroids.slaveBlasteroids.slaveBlasteroids.slaveBlasteroids.slave;0;0;0;0
0;Blazing Thunder;Action / Shooter / Vertical;Games:B/BlazingThunder/BlazingThunder.SlaveBlazingThunder.SlaveBlazingThunder.SlaveBlazingThunder.Slave;0;0;0;0
0;Blinky's Scary School;Platform / Action;Games:B/BlinkysScarySchool/BlinkysScarySchool.SlaveBlinkysScarySchool.SlaveBlinkysScarySchool.SlaveBlinkysScarySchool.Slave;0;0;0;0
0;Blob;Puzzle / 3D;Games:B/Blob/Blob.slaveBlob.slaveBlob.slaveBlob.slave;0;0;0;0
0;Blobz (AGA);Platform / Puzzle;Games:B/BlobzAGA/BlobzAGA.SlaveBlobzAGA.SlaveBlobzAGA.SlaveBlobzAGA.Slave;0;0;0;0
0;Block Out;Puzzle / 3D;Games:B/BlockOut/BlockOut.slaveBlockOut.slaveBlockOut.slaveBlockOut.slave;0;0;0;0
0;Block Shock - The Last Chance;Puzzle / 2D;Games:B/BlockShock/BlockShock.SlaveBlockShock.SlaveBlockShock.SlaveBlockShock.Slave;0;0;0;0
0;Blood Money;Action / Shooter / Horizontal;Games:B/BloodMoney/BloodMoney.slaveBloodMoney.slaveBloodMoney.slaveBloodMoney.slave;0;0;0;0
0;BloodNet - A Cyberpunk Gothic;Adventure / Point & Click;Games:B/BloodNet/Bloodnet.slaveBloodnet.slaveBloodnet.slaveBloodnet.slave;0;0;0;0
0;BloodNet - A Cyberpunk Gothic (AGA);Adventure / Point & Click;Games:B/BloodNetAGA/BloodnetAGA.slaveBloodnetAGA.slaveBloodnetAGA.slaveBloodnetAGA.slave;0;0;0;0
0;Bloodwych;RPG / Dungeon Crawler;Games:B/Bloodwych/Bloodwych.SlaveBloodwych.SlaveBloodwych.SlaveBloodwych.Slave;0;0;0;0
0;Bloodwych - Extended Levels;RPG / Dungeon Crawler;Games:B/Bloodwych&ExtendedLevels/Bloodwych.SlaveBloodwych.SlaveBloodwych.SlaveBloodwych.Slave;0;0;0;0
0;Bloodwych - Extended Levels;RPG / Dungeon Crawler;Games:B/Bloodwych&ExtendedLevels/ExtendedLevels.SlaveExtendedLevels.SlaveExtendedLevels.SlaveExtendedLevels.Slave;0;0;0;0
0;Blork (Game Demo);Action / Shooter / Horizontal;Games:B/Blork/Blork.SlaveBlork.SlaveBlork.SlaveBlork.Slave;0;0;0;0
0;Blue Angel 69;Puzzle / 2D;Games:B/BlueAngel69/BlueAngel69.slaveBlueAngel69.slaveBlueAngel69.slaveBlueAngel69.slave;0;0;0;0
0;Blue Angels - Formation Flight Simulator (NTSC);Simulator / Plane;Games:B/BlueAngelsNTSC/BlueAngelsNTSC.SlaveBlueAngelsNTSC.SlaveBlueAngelsNTSC.SlaveBlueAngelsNTSC.Slave;0;0;0;0
0;Blue Max - Aces Of The Great War;Simulator / Plane / WW1;Games:B/BlueMax/BlueMax.SlaveBlueMax.SlaveBlueMax.SlaveBlueMax.Slave;0;0;0;0
0;BlueBerry (French);Adventure / Graphic;Games:B/BlueBerryFr/BlueberryFr.SlaveBlueberryFr.SlaveBlueberryFr.SlaveBlueberryFr.Slave;0;0;0;0
0;BlueBerry (German);Adventure / Graphic;Games:B/BlueBerryDe/BlueberryDe.SlaveBlueberryDe.SlaveBlueberryDe.SlaveBlueberryDe.Slave;0;0;0;0
0;BlueBerry (Spanish);Adventure / Graphic;Games:B/BlueBerryEs/BlueberryEs.SlaveBlueberryEs.SlaveBlueberryEs.SlaveBlueberryEs.Slave;0;0;0;0
0;Blues Brothers, The;Platform / Action;Games:B/BluesBrothers/BluesBrothers.slaveBluesBrothers.slaveBluesBrothers.slaveBluesBrothers.slave;0;0;0;0
0;BMX Simulator;Racing / Bike / Top Down;Games:B/BMXSimulator/BMXSimulator.SlaveBMXSimulator.SlaveBMXSimulator.SlaveBMXSimulator.Slave;0;0;0;0
0;Bob's Bad Day;Maze / 2D;Games:B/BobsBadDay/BobsBadDay.slaveBobsBadDay.slaveBobsBadDay.slaveBobsBadDay.slave;0;0;0;0
0;Bob's Garden (PD);Maze / Digger;Games:B/BobsGarden/BobsGarden.SlaveBobsGarden.SlaveBobsGarden.SlaveBobsGarden.Slave;0;0;0;0
0;Bobo;Action / Multi Level;Games:B/Bobo/Bobo.SlaveBobo.SlaveBobo.SlaveBobo.Slave;0;0;0;0
0;Bobo (French);Action / Multi Level;Games:B/BoboFr/BoboFr.SlaveBoboFr.SlaveBoboFr.SlaveBoboFr.Slave;0;0;0;0
0;Body Blows;Beat 'Em Up;Games:B/BodyBlows/BodyBlows.SlaveBodyBlows.SlaveBodyBlows.SlaveBodyBlows.Slave;0;0;0;0
0;Body Blows (AGA);Beat 'Em Up;Games:B/BodyBlowsAGA/BodyBlowsAGA.SlaveBodyBlowsAGA.SlaveBodyBlowsAGA.SlaveBodyBlowsAGA.Slave;0;0;0;0
0;Body Blows (Fast Mem);Beat 'Em Up;Games:B/BodyBlowsFast/BodyBlowsFast.SlaveBodyBlowsFast.SlaveBodyBlowsFast.SlaveBodyBlowsFast.Slave;0;0;0;0
0;Body Blows Galactic;Beat 'Em Up;Games:B/BodyBlowsGalactic/BodyBlowsGalactic.slaveBodyBlowsGalactic.slaveBodyBlowsGalactic.slaveBodyBlowsGalactic.slave;0;0;0;0
0;Body Blows Galactic (AGA);Beat 'Em Up;Games:B/BodyBlowsGalacticAGA/BodyBlowsGalacticAGA.slaveBodyBlowsGalacticAGA.slaveBodyBlowsGalacticAGA.slaveBodyBlowsGalacticAGA.slave;0;0;0;0
0;Bomb Fusion;Platform / Puzzle;Games:B/BombFusion/BombFusion.SlaveBombFusion.SlaveBombFusion.SlaveBombFusion.Slave;0;0;0;0
0;Bomb Jack;Platform / Action;Games:B/BombJack/BombJack.slaveBombJack.slaveBombJack.slaveBombJack.slave;0;0;0;0
0;Bomb Jack (Beer Edition);Platform / Action;Games:B/BombJackBeerEdition/BombJackBeerEdition.slaveBombJackBeerEdition.slaveBombJackBeerEdition.slaveBombJackBeerEdition.slave;0;0;0;0
0;Bomb'X;Maze / Bomb / Adult;Games:B/BombX/BombX.slaveBombX.slaveBombX.slaveBombX.slave;0;0;0;0
0;Bomber Bob;Action / Shooter / Vertical;Games:B/BomberBob/BomberBob.SlaveBomberBob.SlaveBomberBob.SlaveBomberBob.Slave;0;0;0;0
0;BombPac (Aminet) (PD) (CD32);Maze / 2D;Games:B/BombPacCD32AGAAminet/BombPacCD32AGAAminet.SlaveBombPacCD32AGAAminet.SlaveBombPacCD32AGAAminet.SlaveBombPacCD32AGAAminet.Slave;0;0;0;0
0;BombPac (PD) (CD32);Maze / 2D;Games:B/BombPacCD32AGA/BombPacCD32AGA.SlaveBombPacCD32AGA.SlaveBombPacCD32AGA.SlaveBombPacCD32AGA.Slave;0;0;0;0
0;Bombuzal;Maze / Bomb;Games:B/Bombuzal/Bombuzal.slaveBombuzal.slaveBombuzal.slaveBombuzal.slave;0;0;0;0
0;Bonanza Bros.;Platform / Puzzle;Games:B/BonanzaBros/BonanzaBros.slaveBonanzaBros.slaveBonanzaBros.slaveBonanzaBros.slave;0;0;0;0
0;Bone Cruncher;Maze / Digger;Games:B/BoneCruncher/BoneCruncher.SlaveBoneCruncher.SlaveBoneCruncher.SlaveBoneCruncher.Slave;0;0;0;0
0;Bone Cruncher (Enhanced);Maze / Digger;Games:B/BoneCruncherEnhanced/BoneCruncherEnhanced.SlaveBoneCruncherEnhanced.SlaveBoneCruncherEnhanced.SlaveBoneCruncherEnhanced.Slave;0;0;0;0
0;Booly;Puzzle / 2D;Games:B/Booly/Booly.SlaveBooly.SlaveBooly.SlaveBooly.Slave;0;0;0;0
0;Boot, Das (NTSC);Simulator / Submarine;Games:B/BootNTSC/BootNTSC.SlaveBootNTSC.SlaveBootNTSC.SlaveBootNTSC.Slave;0;0;0;0
0;Borobodur - Planet Of Doom;Action / Multi Level;Games:B/Borobodur/Borobodur.SlaveBorobodur.SlaveBorobodur.SlaveBorobodur.Slave;0;0;0;0
0;Borrowed Time;Adventure / Point & Click;Games:B/BorrowedTime/BorrowedTime.SlaveBorrowedTime.SlaveBorrowedTime.SlaveBorrowedTime.Slave;0;0;0;0
0;Boston Bomb Club;Puzzle / 2D;Games:B/BostonBombClub/BostonBombClub.SlaveBostonBombClub.SlaveBostonBombClub.SlaveBostonBombClub.Slave;0;0;0;0
0;Boston Bomb Club (Fast Mem);Puzzle / 2D;Games:B/BostonBombClubFast/BostonBombClubFast.slaveBostonBombClubFast.slaveBostonBombClubFast.slaveBostonBombClubFast.slave;0;0;0;0
0;Botics;Bat & Ball / 3D;Games:B/Botics/Botics.slaveBotics.slaveBotics.slaveBotics.slave;0;0;0;0
0;Boulder Dash Const. Kit;Maze / Digger;Games:B/BoulderDashConstrKit/BoulderDashConstrKit.SlaveBoulderDashConstrKit.SlaveBoulderDashConstrKit.SlaveBoulderDashConstrKit.Slave;0;0;0;0
0;Brain Blasters, The;Puzzle / 2D;Games:B/BrainBlasters/BrainBlasters.SlaveBrainBlasters.SlaveBrainBlasters.SlaveBrainBlasters.Slave;0;0;0;0
0;Brain Man;Puzzle / 2D;Games:B/BrainMan/BrainMan.SlaveBrainMan.SlaveBrainMan.SlaveBrainMan.Slave;0;0;0;0
0;Brainball (Coverdisk);Puzzle / 2D;Games:B/Brainball/Brainball.slaveBrainball.slaveBrainball.slaveBrainball.slave;0;0;0;0
0;Bram Stoker's Dracula;Action / Fighter 2D;Games:B/BramStokersDracula/BramStokersDracula.SlaveBramStokersDracula.SlaveBramStokersDracula.SlaveBramStokersDracula.Slave;0;0;0;0
0;Brat;Puzzle / Isometric;Games:B/Brat/Brat.slaveBrat.slaveBrat.slaveBrat.slave;0;0;0;0
0;Brataccas (NTSC);Adventure / Action;Games:B/BrataccasNTSC/BrataccasNTSC.SlaveBrataccasNTSC.SlaveBrataccasNTSC.SlaveBrataccasNTSC.Slave;0;0;0;0
0;Breach (NTSC);Strategy / Battle / 2D;Games:B/BreachNTSC/BreachNTSC.SlaveBreachNTSC.SlaveBreachNTSC.SlaveBreachNTSC.Slave;0;0;0;0
0;Breach 2 (Enhanced);Strategy / Battle / 2D;Games:B/Breach2/Breach2.SlaveBreach2.SlaveBreach2.SlaveBreach2.Slave;0;0;0;0
0;Breakout Revolution (PD) (AGA);Bat & Ball / 2D;Games:B/BreakOutRevolutionAGA/BreakOutRevolutionAGA.slaveBreakOutRevolutionAGA.slaveBreakOutRevolutionAGA.slaveBreakOutRevolutionAGA.slave;0;0;0;0
0;Breathless ('060) (AGA);Action / FPS;Games:B/BreathlessAGA060/BreathlessAGA060.SlaveBreathlessAGA060.SlaveBreathlessAGA060.SlaveBreathlessAGA060.Slave;0;0;0;0
0;Breathless (AGA);Action / FPS;Games:B/BreathlessAGA/BreathlessAGA.SlaveBreathlessAGA.SlaveBreathlessAGA.SlaveBreathlessAGA.Slave;0;0;0;0
0;Breathless (Game Demo) (AGA);Action / FPS;Games:B/BreathlessDemoAGA/BreathlessDemoAGA.SlaveBreathlessDemoAGA.SlaveBreathlessDemoAGA.SlaveBreathlessDemoAGA.Slave;0;0;0;0
0;Brian Lara's Cricket;Sport / Cricket;Games:B/BrianLarasCricket/BrianLarasCricket.SlaveBrianLarasCricket.SlaveBrianLarasCricket.SlaveBrianLarasCricket.Slave;0;0;0;0
0;Brian Lara's Cricket '96;Sport / Cricket;Games:B/BrianLarasCricket96/BrianLarasCricket96.SlaveBrianLarasCricket96.SlaveBrianLarasCricket96.SlaveBrianLarasCricket96.Slave;0;0;0;0
0;Brian The Lion;Platform / Action;Games:B/BrianTheLion/BrianTheLion.SlaveBrianTheLion.SlaveBrianTheLion.SlaveBrianTheLion.Slave;0;0;0;0
0;Brian The Lion (AGA);Platform / Action;Games:B/BrianTheLionAGA/BrianTheLionAGA.SlaveBrianTheLionAGA.SlaveBrianTheLionAGA.SlaveBrianTheLionAGA.Slave;0;0;0;0
0;Brides of Dracula;Adventure / Action;Games:B/BridesOfDracula/BridesOfDracula.slaveBridesOfDracula.slaveBridesOfDracula.slaveBridesOfDracula.slave;0;0;0;0
0;Brutal Paws of Fury;Beat 'Em Up;Games:B/BrutalPawsOfFury/BrutalPawsOfFury.slaveBrutalPawsOfFury.slaveBrutalPawsOfFury.slaveBrutalPawsOfFury.slave;0;0;0;0
0;Brutal Paws of Fury (CD32);Beat 'Em Up;Games:B/BrutalPawsOfFuryCD32/BrutalPawsOfFuryCD32.slaveBrutalPawsOfFuryCD32.slaveBrutalPawsOfFuryCD32.slaveBrutalPawsOfFuryCD32.slave;0;0;0;0
0;Brutal Sports Series - Football;Sport / American Football;Games:B/BrutalFootball/BrutalFootball.slaveBrutalFootball.slaveBrutalFootball.slaveBrutalFootball.slave;0;0;0;0
0;Brutal Sports Series - Football (AGA);Sport / American Football;Games:B/BrutalFootballAGA/BrutalFootballAGA.slaveBrutalFootballAGA.slaveBrutalFootballAGA.slaveBrutalFootballAGA.slave;0;0;0;0
0;Brutal Sports Series - Football (CD32);Sport / American Football;Games:B/BrutalFootballCD32/BrutalFootballCD32.SlaveBrutalFootballCD32.SlaveBrutalFootballCD32.SlaveBrutalFootballCD32.Slave;0;0;0;0
0;Bubba 'n' Stix;Platform / Puzzle;Games:B/BubbaNStix/BubbaNStix.slaveBubbaNStix.slaveBubbaNStix.slaveBubbaNStix.slave;0;0;0;0
0;Bubba 'n' Stix (CD32);Platform / Puzzle;Games:B/BubbaNStixCD32/BubbaNStixCD32.slaveBubbaNStixCD32.slaveBubbaNStixCD32.slaveBubbaNStixCD32.slave;0;0;0;0
0;Bubble And Squeak;Platform / Action;Games:B/BubbleAndSqueak/BubbleAndSqueak.slaveBubbleAndSqueak.slaveBubbleAndSqueak.slaveBubbleAndSqueak.slave;0;0;0;0
0;Bubble And Squeak (AGA);Platform / Action;Games:B/BubbleAndSqueakAGA/BubbleAndSqueakAGA.slaveBubbleAndSqueakAGA.slaveBubbleAndSqueakAGA.slaveBubbleAndSqueakAGA.slave;0;0;0;0
0;Bubble And Squeak (CD32);Platform / Action;Games:B/BubbleAndSqueakCD32/BubbleAndSqueakCD32.slaveBubbleAndSqueakCD32.slaveBubbleAndSqueakCD32.slaveBubbleAndSqueakCD32.slave;0;0;0;0
0;Bubble Bobble;Platform / Action;Games:B/BubbleBobble/BubbleBobble.slaveBubbleBobble.slaveBubbleBobble.slaveBubbleBobble.slave;0;0;0;0
0;Bubble Bobble (NTSC);Platform / Action;Games:B/BubbleBobbleNTSC/BubbleBobbleNTSC.slaveBubbleBobbleNTSC.slaveBubbleBobbleNTSC.slaveBubbleBobbleNTSC.slave;0;0;0;0
0;Bubble Dizzy;Platform / Puzzle;Games:B/BubbleDizzy/BubbleDizzy.slaveBubbleDizzy.slaveBubbleDizzy.slaveBubbleDizzy.slave;0;0;0;0
0;Bubble Gun;Platform / Action;Games:B/BubbleGun/BubbleGun.SlaveBubbleGun.SlaveBubbleGun.SlaveBubbleGun.Slave;0;0;0;0
0;Bubble+;Platform / Action;Games:B/Bubble+/Bubble+.SlaveBubble+.SlaveBubble+.SlaveBubble+.Slave;0;0;0;0
0;Buck Rogers XXVc - Countdown to Doomsday (German);RPG / Dungeon Crawler;Games:B/BuckRogersDe/BuckRogersDe.slaveBuckRogersDe.slaveBuckRogersDe.slaveBuckRogersDe.slave;0;0;0;0
0;Buck Rogers XXVc - Countdown to Doomsday (NTSC);RPG / Dungeon Crawler;Games:B/BuckRogersNTSC/BuckRogersNTSC.slaveBuckRogersNTSC.slaveBuckRogersNTSC.slaveBuckRogersNTSC.slave;0;0;0;0
0;Budokan - The Martial Spirit;Beat 'Em Up / Weapon;Games:B/Budokan/Budokan.SlaveBudokan.SlaveBudokan.SlaveBudokan.Slave;0;0;0;0
0;Buffalo Bill's Wild West Show;Action / Wild West;Games:B/BuffaloBillsWildWestShow/BuffaloBillsWildWestShow.SlaveBuffaloBillsWildWestShow.SlaveBuffaloBillsWildWestShow.SlaveBuffaloBillsWildWestShow.Slave;0;0;0;0
0;Bug Bash;Action / Shooter / Horizontal;Games:B/BugBash/BugBash.SlaveBugBash.SlaveBugBash.SlaveBugBash.Slave;0;0;0;0
0;Bug Bomber;Maze / Bomb;Games:B/BugBomber/BugBomber.SlaveBugBomber.SlaveBugBomber.SlaveBugBomber.Slave;0;0;0;0
0;Buggy Boy;Racing / Car / Chase View;Games:B/BuggyBoy/BuggyBoy.SlaveBuggyBoy.SlaveBuggyBoy.SlaveBuggyBoy.Slave;0;0;0;0
0;Builderland - The Story Of Melba;Puzzle / 2D;Games:B/Builderland/Builderland.SlaveBuilderland.SlaveBuilderland.SlaveBuilderland.Slave;0;0;0;0
0;Bump 'N Burn;Racing / Car / Chase View;Games:B/BumpNBurn/BumpNBurn.SlaveBumpNBurn.SlaveBumpNBurn.SlaveBumpNBurn.Slave;0;0;0;0
0;Bump 'N Burn (CD32);Racing / Car / Chase View;Games:B/BumpNBurnCD32/BumpNBurnCD32.SlaveBumpNBurnCD32.SlaveBumpNBurnCD32.SlaveBumpNBurnCD32.Slave;0;0;0;0
0;Bumpy's Arcade Fantasy;Platform / Action;Games:B/BumpysArcadeFantasy/BumpysArcadeFantasy.SlaveBumpysArcadeFantasy.SlaveBumpysArcadeFantasy.SlaveBumpysArcadeFantasy.Slave;0;0;0;0
0;Bundesliga Manager Hattrick (AGA) (German);Management / Sport;Games:B/BundesligaMngrHattAGADe/BundesligaMngrHattAGADe.slaveBundesligaMngrHattAGADe.slaveBundesligaMngrHattAGADe.slaveBundesligaMngrHattAGADe.slave;0;0;0;0
0;Bundesliga Manager Professional (German);Management / Sport;Games:B/BundesligaManagerProDe/BundesligaManagerProDe.SlaveBundesligaManagerProDe.SlaveBundesligaManagerProDe.SlaveBundesligaManagerProDe.Slave;0;0;0;0
0;Bunny Bricks;Bat & Ball / 2D;Games:B/BunnyBricks/BunnyBricks.SlaveBunnyBricks.SlaveBunnyBricks.SlaveBunnyBricks.Slave;0;0;0;0
0;Bunny Bricks (Fast Mem);Bat & Ball / 2D;Games:B/BunnyBricksFast/BunnyBricksFast.SlaveBunnyBricksFast.SlaveBunnyBricksFast.SlaveBunnyBricksFast.Slave;0;0;0;0
0;Burger Man;Platform / Action;Games:B/BurgerMan/BurgerMan.SlaveBurgerMan.SlaveBurgerMan.SlaveBurgerMan.Slave;0;0;0;0
0;Burning Rubber;Racing / Car / Chase View;Games:B/BurningRubber/BurningRubber.slaveBurningRubber.slaveBurningRubber.slaveBurningRubber.slave;0;0;0;0
0;Burning Rubber (Enhanced);Racing / Car / Chase View;Games:B/BurningRubberEnhanced/BurningRubberEnhanced.slaveBurningRubberEnhanced.slaveBurningRubberEnhanced.slaveBurningRubberEnhanced.slave;0;0;0;0
0;Burnout (AGA);Action / Duel / Versus;Games:B/BurnoutAGA/BurnoutAGA.slaveBurnoutAGA.slaveBurnoutAGA.slaveBurnoutAGA.slave;0;0;0;0
0;Burntime;RPG / Open World;Games:B/Burntime/Burntime.SlaveBurntime.SlaveBurntime.SlaveBurntime.Slave;0;0;0;0
0;Burntime (AGA);RPG / Open World;Games:B/BurntimeAGA/BurntimeAGA.SlaveBurntimeAGA.SlaveBurntimeAGA.SlaveBurntimeAGA.Slave;0;0;0;0
0;Burntime (AGA) (German);RPG / Open World;Games:B/BurntimeAGADe/BurntimeAGADe.SlaveBurntimeAGADe.SlaveBurntimeAGADe.SlaveBurntimeAGADe.Slave;0;0;0;0
0;Burntime (German);RPG / Open World;Games:B/BurntimeDe/BurntimeDe.SlaveBurntimeDe.SlaveBurntimeDe.SlaveBurntimeDe.Slave;0;0;0;0
0;Butcher Hill;Adventure / 3D;Games:B/ButcherHill/ButcherHill.SlaveButcherHill.SlaveButcherHill.SlaveButcherHill.Slave;0;0;0;0
0;Cabal;Action / Shooter / Crosshair;Games:C/Cabal/Cabal.slaveCabal.slaveCabal.slaveCabal.slave;0;0;0;0
0;Cabaret Asteroids (PD);Action / Shooter / 2D;Games:C/CabaretAsteroids/CabaretAsteroids.slaveCabaretAsteroids.slaveCabaretAsteroids.slaveCabaretAsteroids.slave;0;0;0;0
0;Cabaret Asteroids (Repack) (PD);Action / Shooter / 2D;Games:C/CabaretAsteroidsRepacked/CabaretAsteroidsRepacked.slaveCabaretAsteroidsRepacked.slaveCabaretAsteroidsRepacked.slaveCabaretAsteroidsRepacked.slave;0;0;0;0
0;Cadaver (Bonus Levels) (Game Demo);Adventure / Isometric;Games:C/CadaverDemos/CadaverDemos.slaveCadaverDemos.slaveCadaverDemos.slaveCadaverDemos.slave;0;0;0;0
0;Cadaver & The Payoff;Adventure / Isometric;Games:C/Cadaver&ThePayoff/Cadaver&ThePayoff.slaveCadaver&ThePayoff.slaveCadaver&ThePayoff.slaveCadaver&ThePayoff.slave;0;0;0;0
0;Caesar;Management / Historical;Games:C/Caesar/Caesar.SlaveCaesar.SlaveCaesar.SlaveCaesar.Slave;0;0;0;0
0;Calephar (Image) (Coverdisk);Action / Shooter / Vertical;Games:C/CalepharImage/CalepharImage.SlaveCalepharImage.SlaveCalepharImage.SlaveCalepharImage.Slave;0;0;0;0
0;California Games;Sport / Extreme;Games:C/CaliforniaGames/CaliforniaGames.slaveCaliforniaGames.slaveCaliforniaGames.slaveCaliforniaGames.slave;0;0;0;0
0;California Games 2;Sport / Extreme;Games:C/CaliforniaGames2/CaliforniaGames2.slaveCaliforniaGames2.slaveCaliforniaGames2.slaveCaliforniaGames2.slave;0;0;0;0
0;Campaign;Strategy / Battle / 3D;Games:C/Campaign/Campaign.slaveCampaign.slaveCampaign.slaveCampaign.slave;0;0;0;0
0;Campaign & Data Disk;Strategy / Battle / 3D;Games:C/Campaign&DataDisk/Campaign&DataDisk.slaveCampaign&DataDisk.slaveCampaign&DataDisk.slaveCampaign&DataDisk.slave;0;0;0;0
0;Campaign 2;Strategy / Battle / 3D;Games:C/Campaign2/Campaign2.slaveCampaign2.slaveCampaign2.slaveCampaign2.slave;0;0;0;0
0;Candy Puzzle (CD32);Puzzle / 2D;Games:C/CandyPuzzleCD32/CandyPuzzleCD32.slaveCandyPuzzleCD32.slaveCandyPuzzleCD32.slaveCandyPuzzleCD32.slave;0;0;0;0
0;Cannon Fodder;Action / Shooter / Multi Way;Games:C/CannonFodder/CannonFodder.SlaveCannonFodder.SlaveCannonFodder.SlaveCannonFodder.Slave;0;0;0;0
0;Cannon Fodder (CD32);Action / Shooter / Multi Way;Games:C/CannonFodderCD32/CannonFodderCD32.SlaveCannonFodderCD32.SlaveCannonFodderCD32.SlaveCannonFodderCD32.Slave;0;0;0;0
0;Cannon Fodder (French);Action / Shooter / Multi Way;Games:C/CannonFodderFr/CannonFodderFr.SlaveCannonFodderFr.SlaveCannonFodderFr.SlaveCannonFodderFr.Slave;0;0;0;0
0;Cannon Fodder (German);Action / Shooter / Multi Way;Games:C/CannonFodderDe/CannonFodderDe.SlaveCannonFodderDe.SlaveCannonFodderDe.SlaveCannonFodderDe.Slave;0;0;0;0
0;Cannon Fodder (Italian);Action / Shooter / Multi Way;Games:C/CannonFodderIt/CannonFodderIt.SlaveCannonFodderIt.SlaveCannonFodderIt.SlaveCannonFodderIt.Slave;0;0;0;0
0;Cannon Fodder (New Campaign);Action / Shooter / Multi Way;Games:C/CannonFodderNewCampaign/CannonFodderNewCampaign.slaveCannonFodderNewCampaign.slaveCannonFodderNewCampaign.slaveCannonFodderNewCampaign.slave;0;0;0;0
0;Cannon Fodder 2;Action / Shooter / Multi Way;Games:C/CannonFodder2/CannonFodder2.SlaveCannonFodder2.SlaveCannonFodder2.SlaveCannonFodder2.Slave;0;0;0;0
0;Cannon Fodder 2 (Alien Levels) (Coverdisk);Action / Shooter / Multi Way;Games:C/CannonFodder2AlienLevels/CannonFodder2AlienLevels.SlaveCannonFodder2AlienLevels.SlaveCannonFodder2AlienLevels.SlaveCannonFodder2AlienLevels.Slave;0;0;0;0
0;Cannon Fodder 2 (French);Action / Shooter / Multi Way;Games:C/CannonFodder2Fr/CannonFodder2Fr.SlaveCannonFodder2Fr.SlaveCannonFodder2Fr.SlaveCannonFodder2Fr.Slave;0;0;0;0
0;Cannon Fodder 2 (German);Action / Shooter / Multi Way;Games:C/CannonFodder2De/CannonFodder2De.SlaveCannonFodder2De.SlaveCannonFodder2De.SlaveCannonFodder2De.Slave;0;0;0;0
0;Cannon Fodder 2 (Not Very Festive) (Coverdisk);Action / Shooter / Multi Way;Games:N/NotVeryFestiveFodder/NotVeryFestiveFodder.SlaveNotVeryFestiveFodder.SlaveNotVeryFestiveFodder.SlaveNotVeryFestiveFodder.Slave;0;0;0;0
0;Cannon Fodder Plus (Coverdisk);Action / Shooter / Multi Way;Games:C/CannonFodderPlus/CannonFodderPlus.SlaveCannonFodderPlus.SlaveCannonFodderPlus.SlaveCannonFodderPlus.Slave;0;0;0;0
0;Cannon Soccer (Coverdisk);Action / Shooter / Multi Way;Games:C/CannonSoccer/CannonSoccer.SlaveCannonSoccer.SlaveCannonSoccer.SlaveCannonSoccer.Slave;0;0;0;0
0;Cap'n Carnage;Action / Shooter / Horizontal;Games:C/CapNCarnage/CapNCarnage.slaveCapNCarnage.slaveCapNCarnage.slaveCapNCarnage.slave;0;0;0;0
0;Capital Punishment (AGA);Beat 'Em Up;Games:C/CapitalPunishmentAGA/CapitalPunishmentAGA.SlaveCapitalPunishmentAGA.SlaveCapitalPunishmentAGA.SlaveCapitalPunishmentAGA.Slave;0;0;0;0
0;Capital Punishment (CD-ROM) (AGA);Beat 'Em Up;Games:C/CapitalPunishmentAGACD/CapitalPunishmentAGACD.SlaveCapitalPunishmentAGACD.SlaveCapitalPunishmentAGACD.SlaveCapitalPunishmentAGACD.Slave;0;0;0;0
0;Capone;Action / Shooter / Crosshair;Games:C/Capone/Capone.SlaveCapone.SlaveCapone.SlaveCapone.Slave;0;0;0;0
0;Captain Blood;Adventure / Action;Games:C/CaptainBlood/CaptainBlood.SlaveCaptainBlood.SlaveCaptainBlood.SlaveCaptainBlood.Slave;0;0;0;0
0;Captain Blood (NTSC);Adventure / Action;Games:C/CaptainBloodNTSC/CaptainBloodNTSC.SlaveCaptainBloodNTSC.SlaveCaptainBloodNTSC.SlaveCaptainBloodNTSC.Slave;0;0;0;0
0;Captain Dynamo;Platform / Action;Games:D/Dynamo/Dynamo.slaveDynamo.slaveDynamo.slaveDynamo.slave;0;0;0;0
0;Captain Fizz Meets The Blaster-Trons;Action / Duel / Versus;Games:C/CaptainFizz/CaptainFizz.slaveCaptainFizz.slaveCaptainFizz.slaveCaptainFizz.slave;0;0;0;0
0;Captain Planet& Planeteers;Unknown;Games:C/CaptainPlanet&Planeteers/CaptainPlanet&Planeteers.SlaveCaptainPlanet&Planeteers.SlaveCaptainPlanet&Planeteers.SlaveCaptainPlanet&Planeteers.Slave;0;0;0;0
0;Captive;RPG / Dungeon Crawler;Games:C/Captive/Captive.slaveCaptive.slaveCaptive.slaveCaptive.slave;0;0;0;0
0;Carcharodon - White Sharks;Action / Shooter / Horizontal;Games:C/Carcharodon/Carcharodon.slaveCarcharodon.slaveCarcharodon.slaveCarcharodon.slave;0;0;0;0
0;Cardiaxx (Electronic Zoo);Action / Shooter / Horizontal;Games:C/CardiaxxElectronicZoo/CardiaxxElectronicZoo.SlaveCardiaxxElectronicZoo.SlaveCardiaxxElectronicZoo.SlaveCardiaxxElectronicZoo.Slave;0;0;0;0
0;Cardiaxx (Team 17);Action / Shooter / Horizontal;Games:C/CardiaxxTeam17/CardiaxxTeam17.SlaveCardiaxxTeam17.SlaveCardiaxxTeam17.SlaveCardiaxxTeam17.Slave;0;0;0;0
0;Cardinal of the Kremlin, The;Strategy / Action;Games:C/CardinalOfTheKremlin/CardinalOfTheKremlin.SlaveCardinalOfTheKremlin.SlaveCardinalOfTheKremlin.SlaveCardinalOfTheKremlin.Slave;0;0;0;0
0;Carl Lewis Challenge, The;Sport / Athletics;Games:C/CarlLewisChallenge/CarlLewisChallenge.slaveCarlLewisChallenge.slaveCarlLewisChallenge.slaveCarlLewisChallenge.slave;0;0;0;0
0;Carlos;Platform / Action;Games:C/Carlos/Carlos.SlaveCarlos.SlaveCarlos.SlaveCarlos.Slave;0;0;0;0
0;Carnage;Racing / Car / Top Down;Games:C/Carnage/Carnage.slaveCarnage.slaveCarnage.slaveCarnage.slave;0;0;0;0
0;Carrier Command;Strategy / Battle / 3D;Games:C/CarrierCommand/CarrierCommand.SlaveCarrierCommand.SlaveCarrierCommand.SlaveCarrierCommand.Slave;0;0;0;0
0;Carrier Command No Music;Unknown;Games:C/CarrierCommandNoMusic/CarrierCommandNoMusic.SlaveCarrierCommandNoMusic.SlaveCarrierCommandNoMusic.SlaveCarrierCommandNoMusic.Slave;0;0;0;0
0;Carthage;Strategy / Battle / 2D;Games:C/Carthage/Carthage.SlaveCarthage.SlaveCarthage.SlaveCarthage.Slave;0;0;0;0
0;Carthage (NTSC);Strategy / Battle / 2D;Games:C/CarthageNTSC/CarthageNTSC.SlaveCarthageNTSC.SlaveCarthageNTSC.SlaveCarthageNTSC.Slave;0;0;0;0
0;Carton Rouge - League Edition (AGA) (French);Management / Sport;Games:C/CartonRougeLEAGAFr/CartonRougeLEAGAFr.slaveCartonRougeLEAGAFr.slaveCartonRougeLEAGAFr.slaveCartonRougeLEAGAFr.slave;0;0;0;0
0;Carton Rouge - League Edition (French);Management / Sport;Games:C/CartonRougeLEFr/CartonRougeLEFr.slaveCartonRougeLEFr.slaveCartonRougeLEFr.slaveCartonRougeLEFr.slave;0;0;0;0
0;Cartoons, The;Platform / Puzzle;Games:C/Cartoons/Cartoons.slaveCartoons.slaveCartoons.slaveCartoons.slave;0;0;0;0
0;Carver;Action / Fighter 2D;Games:C/Carver/Carver.SlaveCarver.SlaveCarver.SlaveCarver.Slave;0;0;0;0
0;CarVup;Platform / Vehicle;Games:C/CarVup/CarVup.SlaveCarVup.SlaveCarVup.SlaveCarVup.Slave;0;0;0;0
0;Castle Kingdoms;Action / Shooter / Isometric;Games:C/CastleKingdoms/CastleKingdoms.SlaveCastleKingdoms.SlaveCastleKingdoms.SlaveCastleKingdoms.Slave;0;0;0;0
0;Castle Master;Adventure / 3D;Games:C/CastleMaster/CastleMaster.SlaveCastleMaster.SlaveCastleMaster.SlaveCastleMaster.Slave;0;0;0;0
0;Castle Master 2 - The Crypt;Adventure / 3D;Games:C/CastleMaster2/CastleMaster2.SlaveCastleMaster2.SlaveCastleMaster2.SlaveCastleMaster2.Slave;0;0;0;0
0;Castle Of Dr Brain (German);Adventure / Puzzle;Games:C/CastleOfDrBrainDe/CastleOfDrBrainDe.SlaveCastleOfDrBrainDe.SlaveCastleOfDrBrainDe.SlaveCastleOfDrBrainDe.Slave;0;0;0;0
0;Castle Of Dr Brain (MT32) (German);Adventure / Puzzle;Games:C/CastleOfDrBrainDeMT32/CastleOfDrBrainDeMT32.SlaveCastleOfDrBrainDeMT32.SlaveCastleOfDrBrainDeMT32.SlaveCastleOfDrBrainDeMT32.Slave;0;0;0;0
0;Castle Of Dr Brain (NTSC);Adventure / Puzzle;Games:C/CastleOfDrBrainNTSC/CastleOfDrBrainNTSC.SlaveCastleOfDrBrainNTSC.SlaveCastleOfDrBrainNTSC.SlaveCastleOfDrBrainNTSC.Slave;0;0;0;0
0;Castle Of Dr Brain (NTSC) (MT32);Adventure / Puzzle;Games:C/CastleOfDrBrainNTSCMT32/CastleOfDrBrainNTSCMT32.SlaveCastleOfDrBrainNTSCMT32.SlaveCastleOfDrBrainNTSCMT32.SlaveCastleOfDrBrainNTSCMT32.Slave;0;0;0;0
0;Castle Warrior;Adventure / 3D;Games:C/CastleWarrior/CastleWarrior.SlaveCastleWarrior.SlaveCastleWarrior.SlaveCastleWarrior.Slave;0;0;0;0
0;Castles;Strategy / Historical;Games:C/Castles/Castles.slaveCastles.slaveCastles.slaveCastles.slave;0;0;0;0
0;Castles (German);Strategy / Historical;Games:C/CastlesDe/CastlesDe.slaveCastlesDe.slaveCastlesDe.slaveCastlesDe.slave;0;0;0;0
0;Castles 2 (CD32);Strategy / Historical;Games:C/Castles2CD32/Castles2CD32.SlaveCastles2CD32.SlaveCastles2CD32.SlaveCastles2CD32.Slave;0;0;0;0
0;Castlevania;Action / Fighter 2D;Games:C/CastleVania/CastleVania.slaveCastleVania.slaveCastleVania.slaveCastleVania.slave;0;0;0;0
0;Catch 'Em;Platform / Action;Games:C/CatchEm/CatchEm.slaveCatchEm.slaveCatchEm.slaveCatchEm.slave;0;0;0;0
0;Cattivik - The Videogame;Platform / Action;Games:C/Cattivik/Cattivik.SlaveCattivik.SlaveCattivik.SlaveCattivik.Slave;0;0;0;0
0;Cave Runner (PD);Maze / Digger;Games:C/CaveRunner/CaveRunner.slaveCaveRunner.slaveCaveRunner.slaveCaveRunner.slave;0;0;0;0
0;Cavemania;Platform / Puzzle;Games:C/CaveMania/Cavemania.slaveCavemania.slaveCavemania.slaveCavemania.slave;0;0;0;0
0;Cavitas;Action / Shooter / Horizontal;Games:C/Cavitas/Cavitas.SlaveCavitas.SlaveCavitas.SlaveCavitas.Slave;0;0;0;0
0;Cedric And The Lost Sceptre;Action / Fighter 2D;Games:C/Cedric/Cedric.slaveCedric.slaveCedric.slaveCedric.slave;0;0;0;0
0;Cedric And The Lost Sceptre (CD32);Action / Fighter 2D;Games:C/CedricCD32/CedricCD32.slaveCedricCD32.slaveCedricCD32.slaveCedricCD32.slave;0;0;0;0
0;Celtic Legends;Strategy / Battle / 2D;Games:C/CelticLegends/CelticLegends.slaveCelticLegends.slaveCelticLegends.slaveCelticLegends.slave;0;0;0;0
0;Centrefold Squares;Unknown;Games:C/CentrefoldSquares/CentrefoldSquares.SlaveCentrefoldSquares.SlaveCentrefoldSquares.SlaveCentrefoldSquares.Slave;0;0;0;0
0;Centurion - Defender Of Rome (NTSC);Strategy / Battle / 2D;Games:C/CenturionNTSC/CenturionNTSC.SlaveCenturionNTSC.SlaveCenturionNTSC.SlaveCenturionNTSC.Slave;0;0;0;0
0;Century;Reaction / 2D;Games:C/Century/Century.SlaveCentury.SlaveCentury.SlaveCentury.Slave;0;0;0;0
0;Chamber of The Sci-Mutant Priestess (NTSC);Adventure / Point & Click;Games:C/ChamberSciMutantPrstNTSC/ChamberSciMutantPrstNTSC.slaveChamberSciMutantPrstNTSC.slaveChamberSciMutantPrstNTSC.slaveChamberSciMutantPrstNTSC.slave;0;0;0;0
0;Chambers of Shaolin;Beat 'Em Up;Games:C/ChambersOfShaolin/ChambersOfShaolin.SlaveChambersOfShaolin.SlaveChambersOfShaolin.SlaveChambersOfShaolin.Slave;0;0;0;0
0;Chamonix Challenge;Sport / Winter;Games:C/ChamonixChallenge/ChamonixChallenge.slaveChamonixChallenge.slaveChamonixChallenge.slaveChamonixChallenge.slave;0;0;0;0
0;Champ, The;Sport / Boxing;Games:C/Champ/Champ.SlaveChamp.SlaveChamp.SlaveChamp.Slave;0;0;0;0
0;Champion Driver;Racing / Car / Top Down;Games:C/ChampionDriver/ChampionDriver.SlaveChampionDriver.SlaveChampionDriver.SlaveChampionDriver.Slave;0;0;0;0
0;Champions Of Krynn;RPG / Dungeon Crawler;Games:C/ChampionsOfKrynn/ChampionsOfKrynn.SlaveChampionsOfKrynn.SlaveChampionsOfKrynn.SlaveChampionsOfKrynn.Slave;0;0;0;0
0;Championship Golf - The Great Courses Of The World Volume;Sport / Golf;Games:C/ChampionshipGolf/ChampionshipGolf.SlaveChampionshipGolf.SlaveChampionshipGolf.SlaveChampionshipGolf.Slave;0;0;0;0
0;Chaos Engine 2, The;Action / Shooter / Multi Way;Games:C/ChaosEngine2/ChaosEngine2.slaveChaosEngine2.slaveChaosEngine2.slaveChaosEngine2.slave;0;0;0;0
0;Chaos Engine 2, The (1MB);Action / Shooter / Multi Way;Games:C/ChaosEngine21MB/ChaosEngine21MB.slaveChaosEngine21MB.slaveChaosEngine21MB.slaveChaosEngine21MB.slave;0;0;0;0
0;Chaos Engine 2, The (AGA);Action / Shooter / Multi Way;Games:C/ChaosEngine2AGA/ChaosEngine2AGA.slaveChaosEngine2AGA.slaveChaosEngine2AGA.slaveChaosEngine2AGA.slave;0;0;0;0
0;Chaos Engine, The;Action / Shooter / Multi Way;Games:C/ChaosEngine/ChaosEngine.slaveChaosEngine.slaveChaosEngine.slaveChaosEngine.slave;0;0;0;0
0;Chaos Engine, The (AGA);Action / Shooter / Multi Way;Games:C/ChaosEngineAGA/ChaosEngineAGA.slaveChaosEngineAGA.slaveChaosEngineAGA.slaveChaosEngineAGA.slave;0;0;0;0
0;Chaos Engine, The (CD32);Action / Shooter / Multi Way;Games:C/ChaosEngineCD32/ChaosEngineCD32.slaveChaosEngineCD32.slaveChaosEngineCD32.slaveChaosEngineCD32.slave;0;0;0;0
0;Chaos Engine, The (Game Demo);Action / Shooter / Multi Way;Games:C/ChaosEngineDemo/ChaosEngineDemo.SlaveChaosEngineDemo.SlaveChaosEngineDemo.SlaveChaosEngineDemo.Slave;0;0;0;0
0;Chaos In Andromeda - Eyes Of The Eagle;RPG / Open World;Games:C/ChaosInAndromeda/ChaosInAndromeda.SlaveChaosInAndromeda.SlaveChaosInAndromeda.SlaveChaosInAndromeda.Slave;0;0;0;0
0;Chaos In Andromeda - Eyes of The Eagle (CDTV);RPG / Open World;Games:C/ChaosInAndromedaCDTV/ChaosInAndromedaCDTV.SlaveChaosInAndromedaCDTV.SlaveChaosInAndromedaCDTV.SlaveChaosInAndromedaCDTV.Slave;0;0;0;0
0;Chaos Strikes Back;RPG / Dungeon Crawler;Games:C/ChaosStrikesBack&EnUtil/ChaosStrikesBack.slaveChaosStrikesBack.slaveChaosStrikesBack.slaveChaosStrikesBack.slave;0;0;0;0
0;Chaos Strikes Back (French);RPG / Dungeon Crawler;Games:C/ChaosStrikesBack&FrUtil/ChaosStrikesBack.slaveChaosStrikesBack.slaveChaosStrikesBack.slaveChaosStrikesBack.slave;0;0;0;0
0;Chaos Strikes Back (German);RPG / Dungeon Crawler;Games:C/ChaosStrikesBack&DeUtil/ChaosStrikesBack.slaveChaosStrikesBack.slaveChaosStrikesBack.slaveChaosStrikesBack.slave;0;0;0;0
0;Charlie J Cool;Platform / Action;Games:C/CharlieJCool/CharlieJCool.slaveCharlieJCool.slaveCharlieJCool.slaveCharlieJCool.slave;0;0;0;0
0;Charlie J Cool (AGA);Platform / Action;Games:C/CharlieJCoolAGA/CharlieJCoolAGA.slaveCharlieJCoolAGA.slaveCharlieJCoolAGA.slaveCharlieJCoolAGA.slave;0;0;0;0
0;Charon 5;Action / Shooter / Multi Way;Games:C/Charon5/Charon5.SlaveCharon5.SlaveCharon5.SlaveCharon5.Slave;0;0;0;0
0;Chase H.Q.;Racing / Car / Chase View;Games:C/ChaseHQ/ChaseHQ.SlaveChaseHQ.SlaveChaseHQ.SlaveChaseHQ.Slave;0;0;0;0
0;Chase H.Q. 2 - Special Criminal Investigation;Racing / Car / Chase View;Games:C/ChaseHQ2/ChaseHQ2.slaveChaseHQ2.slaveChaseHQ2.slaveChaseHQ2.slave;0;0;0;0
0;Chess Player 2150;Tabletop / Chess;Games:C/ChessPlayer2150/ChessPlayer2150.SlaveChessPlayer2150.SlaveChessPlayer2150.SlaveChessPlayer2150.Slave;0;0;0;0
0;Chess Player 2150 (Arcade Action Pack);Tabletop / Chess;Games:C/ChessPlayer2150AA/ChessPlayer2150AA.SlaveChessPlayer2150AA.SlaveChessPlayer2150AA.SlaveChessPlayer2150AA.Slave;0;0;0;0
0;Chess Player 2150 (French);Tabletop / Chess;Games:C/ChessPlayer2150Fr/ChessPlayer2150Fr.SlaveChessPlayer2150Fr.SlaveChessPlayer2150Fr.SlaveChessPlayer2150Fr.Slave;0;0;0;0
0;Chess Player 2150 (German);Tabletop / Chess;Games:C/ChessPlayer2150De/ChessPlayer2150De.SlaveChessPlayer2150De.SlaveChessPlayer2150De.SlaveChessPlayer2150De.Slave;0;0;0;0
0;Chess Simulator;Tabletop / Chess;Games:C/ChessSimulator/ChessSimulator.SlaveChessSimulator.SlaveChessSimulator.SlaveChessSimulator.Slave;0;0;0;0
0;Chessmaster 2000, The;Tabletop / Chess;Games:C/Chessmaster2000/Chessmaster2000.slaveChessmaster2000.slaveChessmaster2000.slaveChessmaster2000.slave;0;0;0;0
0;Chessmaster 2100 - The Fidelity (NTSC);Tabletop / Chess;Games:C/Chessmaster2100NTSC/Chessmaster2100NTSC.SlaveChessmaster2100NTSC.SlaveChessmaster2100NTSC.SlaveChessmaster2100NTSC.Slave;0;0;0;0
0;Chicago '90;Racing / Car / Isometric;Games:C/Chicago90/Chicago90.SlaveChicago90.SlaveChicago90.SlaveChicago90.Slave;0;0;0;0
0;Chichen Itza (Spanish);Adventure / Text;Games:C/ChichenItzaEs/ChichenItzaEs.slaveChichenItzaEs.slaveChichenItzaEs.slaveChichenItzaEs.slave;0;0;0;0
0;Chinese Karate;Beat 'Em Up;Games:C/ChineseKarate/ChineseKarate.slaveChineseKarate.slaveChineseKarate.slaveChineseKarate.slave;0;0;0;0
0;Chip's Challenge;Puzzle / 2D;Games:C/ChipsChallenge/ChipsChallenge.SlaveChipsChallenge.SlaveChipsChallenge.SlaveChipsChallenge.Slave;0;0;0;0
0;Chip's Challenge (NTSC);Puzzle / 2D;Games:C/ChipsChallengeNTSC/ChipsChallengeNTSC.SlaveChipsChallengeNTSC.SlaveChipsChallengeNTSC.SlaveChipsChallengeNTSC.Slave;0;0;0;0
0;Christoph Kolombus (AGA) (German);Strategy / Trading;Games:C/ChristophKolumbusAGADe/ChristophKolumbusAGADe.slaveChristophKolumbusAGADe.slaveChristophKolumbusAGADe.slaveChristophKolumbusAGADe.slave;0;0;0;0
0;Christoph Kolumbus (German);Strategy / Trading;Games:C/ChristophKolumbusDe/ChristophKolumbusDe.slaveChristophKolumbusDe.slaveChristophKolumbusDe.slaveChristophKolumbusDe.slave;0;0;0;0
0;Chrome (Coverdisk);Action / Shooter / Horizontal;Games:C/Chrome/Chrome.SlaveChrome.SlaveChrome.SlaveChrome.Slave;0;0;0;0
0;Chronicles Of Omega;Platform / Action;Games:C/ChroniclesOfOmega/ChroniclesOfOmega.slaveChroniclesOfOmega.slaveChroniclesOfOmega.slaveChroniclesOfOmega.slave;0;0;0;0
0;Chrono Quest;Adventure / Point & Click;Games:C/ChronoQuest/ChronoQuest.SlaveChronoQuest.SlaveChronoQuest.SlaveChronoQuest.Slave;0;0;0;0
0;Chrono Quest (German);Adventure / Point & Click;Games:C/ChronoQuestDe/ChronoQuestDe.SlaveChronoQuestDe.SlaveChronoQuestDe.SlaveChronoQuestDe.Slave;0;0;0;0
0;Chrono Quest II;Adventure / Point & Click;Games:C/ChronoQuest2/ChronoQuest2.SlaveChronoQuest2.SlaveChronoQuest2.SlaveChronoQuest2.Slave;0;0;0;0
0;Chubby Gristle;Platform / Action;Games:C/ChubbyGristle/ChubbyGristle.SlaveChubbyGristle.SlaveChubbyGristle.SlaveChubbyGristle.Slave;0;0;0;0
0;Chuck Rock;Platform / Action;Games:C/ChuckRock/ChuckRock.SlaveChuckRock.SlaveChuckRock.SlaveChuckRock.Slave;0;0;0;0
0;Chuck Rock (CD32);Platform / Action;Games:C/ChuckRockCD32/ChuckRockCD32.SlaveChuckRockCD32.SlaveChuckRockCD32.SlaveChuckRockCD32.Slave;0;0;0;0
0;Chuck Rock 2 - Son Of Chuck;Platform / Action;Games:C/ChuckRock2/ChuckRock2.slaveChuckRock2.slaveChuckRock2.slaveChuckRock2.slave;0;0;0;0
0;Chuck Rock 2 - Son Of Chuck (CD32);Platform / Action;Games:C/ChuckRock2CD32/ChuckRock2CD32.slaveChuckRock2CD32.slaveChuckRock2CD32.slaveChuckRock2CD32.slave;0;0;0;0
0;Chuck Yeager's Advanced Flight Trainer 2;Simulator / Plane;Games:C/ChuckYeagersAFT2/ChuckYeagersAFT2.SlaveChuckYeagersAFT2.SlaveChuckYeagersAFT2.SlaveChuckYeagersAFT2.Slave;0;0;0;0
0;Chuckie Egg;Platform / Action;Games:C/ChuckieEgg/ChuckieEgg.SlaveChuckieEgg.SlaveChuckieEgg.SlaveChuckieEgg.Slave;0;0;0;0
0;Chuckie Egg 2;Platform / Action;Games:C/ChuckieEgg2/ChuckieEgg2.SlaveChuckieEgg2.SlaveChuckieEgg2.SlaveChuckieEgg2.Slave;0;0;0;0
0;Circus Attractions;Action / Carnival;Games:C/CircusAttractions/CircusAttractions.SlaveCircusAttractions.SlaveCircusAttractions.SlaveCircusAttractions.Slave;0;0;0;0
0;Circus Games;Action / Carnival;Games:C/CircusGames/CircusGames.SlaveCircusGames.SlaveCircusGames.SlaveCircusGames.Slave;0;0;0;0
0;Cisco Heat;Racing / Car / Chase View;Games:C/CiscoHeat/CiscoHeat.SlaveCiscoHeat.SlaveCiscoHeat.SlaveCiscoHeat.Slave;0;0;0;0
0;Citadel;Action / FPS;Games:C/Citadel/Citadel.slaveCitadel.slaveCitadel.slaveCitadel.slave;0;0;0;0
0;City Defence;Reaction / 2D;Games:C/CityDefence/CityDefence.SlaveCityDefence.SlaveCityDefence.SlaveCityDefence.Slave;0;0;0;0
0;Civilization;Strategy / World Sim;Games:C/Civilization/Civilization.SlaveCivilization.SlaveCivilization.SlaveCivilization.Slave;0;0;0;0
0;Civilization (AGA);Strategy / World Sim;Games:C/CivilizationAGA/CivilizationAGA.slaveCivilizationAGA.slaveCivilizationAGA.slaveCivilizationAGA.slave;0;0;0;0
0;Civilization (AGA) (German);Strategy / World Sim;Games:C/CivilizationAGADe/CivilizationAGADe.SlaveCivilizationAGADe.SlaveCivilizationAGADe.SlaveCivilizationAGADe.Slave;0;0;0;0
0;Civilization (CD-ROM);Strategy / World Sim;Games:C/CivilizationCD/CivilizationCD.SlaveCivilizationCD.SlaveCivilizationCD.SlaveCivilizationCD.Slave;0;0;0;0
0;Civilization (CD-ROM) (AGA);Strategy / World Sim;Games:C/CivilizationAGACD/CivilizationAGACD.SlaveCivilizationAGACD.SlaveCivilizationAGACD.SlaveCivilizationAGACD.Slave;0;0;0;0
0;Civilization (German);Strategy / World Sim;Games:C/CivilizationDe/CivilizationDe.SlaveCivilizationDe.SlaveCivilizationDe.SlaveCivilizationDe.Slave;0;0;0;0
0;CJ in the USA;Platform / Action;Games:C/CJInTheUSA/CJInTheUSA.SlaveCJInTheUSA.SlaveCJInTheUSA.SlaveCJInTheUSA.Slave;0;0;0;0
0;CJ's Elephant Antics;Platform / Action;Games:C/CJsElephantAntics/CJsElephantAntics.SlaveCJsElephantAntics.SlaveCJsElephantAntics.SlaveCJsElephantAntics.Slave;0;0;0;0
0;Classic Arcadia & Baby Arcadia;Action / Multi Level;Games:C/Classic&BabyArcadia/Classic&BabyArcadia.SlaveClassic&BabyArcadia.SlaveClassic&BabyArcadia.SlaveClassic&BabyArcadia.Slave;0;0;0;0
0;Classic Board Games;Tabletop / Board Game;Games:C/ClassicBoardGames/ClassicBoardGames.slaveClassicBoardGames.slaveClassicBoardGames.slaveClassicBoardGames.slave;0;0;0;0
0;Classic Pucman;Maze / 2D;Games:C/ClassicPucman/ClassicPucman.slaveClassicPucman.slaveClassicPucman.slaveClassicPucman.slave;0;0;0;0
0;Cliffhanger;Platform / Action;Games:C/Cliffhanger/Cliffhanger.slaveCliffhanger.slaveCliffhanger.slaveCliffhanger.slave;0;0;0;0
0;Clik Clak;Puzzle / 2D;Games:C/ClikClak/ClikClak.SlaveClikClak.SlaveClikClak.SlaveClikClak.Slave;0;0;0;0
0;Clockwiser;Puzzle / 2D;Games:C/Clockwiser/Clockwiser.SlaveClockwiser.SlaveClockwiser.SlaveClockwiser.Slave;0;0;0;0
0;Clockwiser (AGA);Puzzle / 2D;Games:C/ClockwiserAGA/ClockwiserAGA.SlaveClockwiserAGA.SlaveClockwiserAGA.SlaveClockwiserAGA.Slave;0;0;0;0
0;Clockwiser (CD32);Puzzle / 2D;Games:C/ClockwiserCD32/ClockwiserCD32.SlaveClockwiserCD32.SlaveClockwiserCD32.SlaveClockwiserCD32.Slave;0;0;0;0
0;Clou!, Der (AGA) (German);Adventure / Graphic;Games:C/ClouDeAGA/ClouDeAGA.SlaveClouDeAGA.SlaveClouDeAGA.SlaveClouDeAGA.Slave;0;0;0;0
0;Clou!, Der (German);Adventure / Graphic;Games:C/ClouDe/ClouDe.SlaveClouDe.SlaveClouDe.SlaveClouDe.Slave;0;0;0;0
0;Clou!, Der & ProfiDisk (AGA) (German);Adventure / Graphic;Games:C/ClouDeAGA&Profidisk/ClouDeAGA&Profidisk.SlaveClouDeAGA&Profidisk.SlaveClouDeAGA&Profidisk.SlaveClouDeAGA&Profidisk.Slave;0;0;0;0
0;Clou!, Der & ProfiDisk (German);Adventure / Graphic;Games:C/ClouDe&Profidisk/ClouDe&Profidisk.SlaveClouDe&Profidisk.SlaveClouDe&Profidisk.SlaveClouDe&Profidisk.Slave;0;0;0;0
0;Cloud Kingdoms;Maze / 2D;Games:C/CloudKingdoms/CloudKingdoms.slaveCloudKingdoms.slaveCloudKingdoms.slaveCloudKingdoms.slave;0;0;0;0
0;Clown-o-Mania;Puzzle / Isometric;Games:C/ClownOMania/ClownOMania.slaveClownOMania.slaveClownOMania.slaveClownOMania.slave;0;0;0;0
0;Clue - Master Detective (NTSC);Tabletop / Board Game;Games:C/ClueMasterDetectiveNTSC/ClueMasterDetectiveNTSC.slaveClueMasterDetectiveNTSC.slaveClueMasterDetectiveNTSC.slaveClueMasterDetectiveNTSC.slave;0;0;0;0
0;Clue!, The;Adventure / Graphic;Games:C/Clue/Clue.slaveClue.slaveClue.slaveClue.slave;0;0;0;0
0;Clue!, The (AGA);Adventure / Graphic;Games:C/ClueAGA/ClueAGA.slaveClueAGA.slaveClueAGA.slaveClueAGA.slave;0;0;0;0
0;Cluedo - Master Detective;Tabletop / Board Game;Games:C/CluedoMasterDetective/CluedoMasterDetective.SlaveCluedoMasterDetective.SlaveCluedoMasterDetective.SlaveCluedoMasterDetective.Slave;0;0;0;0
0;Coala;Simulator / Helicopter;Games:C/Coala/Coala.slaveCoala.slaveCoala.slaveCoala.slave;0;0;0;0
0;Coala (AGA);Simulator / Helicopter;Games:C/CoalaAGA/CoalaAGA.slaveCoalaAGA.slaveCoalaAGA.slaveCoalaAGA.slave;0;0;0;0
0;Codename - Iceman;Adventure / Point & Click;Games:C/CodeNameIceman/CodenameIceman.slaveCodenameIceman.slaveCodenameIceman.slaveCodenameIceman.slave;0;0;0;0
0;Cogan's Run;Platform / Puzzle;Games:C/CogansRun/CogansRun.SlaveCogansRun.SlaveCogansRun.SlaveCogansRun.Slave;0;0;0;0
0;Colonel's Bequest, The;Adventure / Point & Click;Games:C/ColonelsBequest/ColonelsBequest.slaveColonelsBequest.slaveColonelsBequest.slaveColonelsBequest.slave;0;0;0;0
0;Colonization;Strategy / World Sim;Games:C/Colonization/Colonization.slaveColonization.slaveColonization.slaveColonization.slave;0;0;0;0
0;Colonization (AGA);Strategy / World Sim;Games:C/ColonizationAGA/ColonizationAGA.slaveColonizationAGA.slaveColonizationAGA.slaveColonizationAGA.slave;0;0;0;0
0;Colony, The;Adventure / 3D;Games:C/Colony/Colony.SlaveColony.SlaveColony.SlaveColony.Slave;0;0;0;0
0;Color Buster (Coverdisk);Puzzle / 2D;Games:C/ColorBuster/ColorBuster.slaveColorBuster.slaveColorBuster.slaveColorBuster.slave;0;0;0;0
0;Colorado;Adventure / Action;Games:C/Colorado/Colorado.slaveColorado.slaveColorado.slaveColorado.slave;0;0;0;0
0;Colorado (French);Adventure / Action;Games:C/ColoradoFr/ColoradoFr.slaveColoradoFr.slaveColoradoFr.slaveColoradoFr.slave;0;0;0;0
0;Colorado (Spanish);Adventure / Action;Games:C/ColoradoEs/ColoradoEs.SlaveColoradoEs.SlaveColoradoEs.SlaveColoradoEs.Slave;0;0;0;0
0;Coloris;Reaction / Tetris;Games:C/Coloris/Coloris.SlaveColoris.SlaveColoris.SlaveColoris.Slave;0;0;0;0
0;Colossus Chess X;Tabletop / Chess;Games:C/ColossusChessX/ColossusChessX.SlaveColossusChessX.SlaveColossusChessX.SlaveColossusChessX.Slave;0;0;0;0
0;Combat Air Patrol;Simulator / Plane / Combat;Games:C/CombatAirPatrol/CombatAirPatrol.slaveCombatAirPatrol.slaveCombatAirPatrol.slaveCombatAirPatrol.slave;0;0;0;0
0;Combo Racer;Racing / Bike / Chase View;Games:C/ComboRacer/ComboRacer.SlaveComboRacer.SlaveComboRacer.SlaveComboRacer.Slave;0;0;0;0
0;Commando;Action / Shooter / Vertical;Games:C/Commando/Commando.slaveCommando.slaveCommando.slaveCommando.slave;0;0;0;0
0;Computer Scrabble;Tabletop / Board Game;Games:C/ComputerScrabble/ComputerScrabble.SlaveComputerScrabble.SlaveComputerScrabble.SlaveComputerScrabble.Slave;0;0;0;0
0;Computer Third Reich;Strategy / Battle / 2D;Games:C/ComputerThirdReich/ComputerThirdReich.SlaveComputerThirdReich.SlaveComputerThirdReich.SlaveComputerThirdReich.Slave;0;0;0;0
0;Conan The Cimmerrian;Adventure / Action;Games:C/ConanTheCimmerian/ConanTheCimmerian.SlaveConanTheCimmerian.SlaveConanTheCimmerian.SlaveConanTheCimmerian.Slave;0;0;0;0
0;Conflict - Europe;Strategy / Battle / 2D;Games:C/ConflictEurope/ConflictEurope.slaveConflictEurope.slaveConflictEurope.slaveConflictEurope.slave;0;0;0;0
0;Conflict - Europe (French);Strategy / Battle / 2D;Games:C/ConflictEuropeFr/ConflictEuropeFr.SlaveConflictEuropeFr.SlaveConflictEuropeFr.SlaveConflictEuropeFr.Slave;0;0;0;0
0;Conflict - The Middle East Simulation;Strategy / Battle / 2D;Games:C/ConflictMiddleEastPolSim/ConflictMiddleEastPolSim.SlaveConflictMiddleEastPolSim.SlaveConflictMiddleEastPolSim.SlaveConflictMiddleEastPolSim.Slave;0;0;0;0
0;Conqueror;Simulator / Tank;Games:C/Conqueror/Conqueror.SlaveConqueror.SlaveConqueror.SlaveConqueror.Slave;0;0;0;0
0;Conquests Of Camelot - The Search For The Grail;Adventure / Point & Click;Games:C/ConquestsOfCamelot/ConquestsOfCamelot.SlaveConquestsOfCamelot.SlaveConquestsOfCamelot.SlaveConquestsOfCamelot.Slave;0;0;0;0
0;Conquests Of The Longbow;Adventure / Point & Click;Games:C/ConquestsOfTheLongbow/ConquestsOfTheLongbow.slaveConquestsOfTheLongbow.slaveConquestsOfTheLongbow.slaveConquestsOfTheLongbow.slave;0;0;0;0
0;Conquests Of The Longbow (MT32);Adventure / Point & Click;Games:C/ConquestsOfTheLongbowMT32/ConquestsOfTheLongbowMT32.slaveConquestsOfTheLongbowMT32.slaveConquestsOfTheLongbowMT32.slaveConquestsOfTheLongbowMT32.slave;0;0;0;0
0;Continental Circus;Racing / Car / Chase View;Games:C/ContinentalCircus/ContinentalCircus.SlaveContinentalCircus.SlaveContinentalCircus.SlaveContinentalCircus.Slave;0;0;0;0
0;Cool Croc Twins;Platform / Action;Games:C/CoolCrocTwins/CoolCrocTwins.SlaveCoolCrocTwins.SlaveCoolCrocTwins.SlaveCoolCrocTwins.Slave;0;0;0;0
0;Cool Spot;Platform / Action;Games:C/CoolSpot/CoolSpot.slaveCoolSpot.slaveCoolSpot.slaveCoolSpot.slave;0;0;0;0
0;Cool World;Platform / Action;Games:C/CoolWorld/CoolWorld.slaveCoolWorld.slaveCoolWorld.slaveCoolWorld.slave;0;0;0;0
0;Corporation (One Disk);Adventure / 3D;Games:C/Corporation1Disk/Corporation1Disk.SlaveCorporation1Disk.SlaveCorporation1Disk.SlaveCorporation1Disk.Slave;0;0;0;0
0;Corporation (Two Disk);Adventure / 3D;Games:C/Corporation2Disk/Corporation2Disk.SlaveCorporation2Disk.SlaveCorporation2Disk.SlaveCorporation2Disk.Slave;0;0;0;0
0;Corporation & Mission Disk (Three Disk);Adventure / 3D;Games:C/Corporation&Missions3Disk/Corporation&Missions3Disk.SlaveCorporation&Missions3Disk.SlaveCorporation&Missions3Disk.SlaveCorporation&Missions3Disk.Slave;0;0;0;0
0;Corporation & Mission Disk (Two Disk);Adventure / 3D;Games:C/Corporation&Missions2Disk/Corporation&Missions2Disk.SlaveCorporation&Missions2Disk.SlaveCorporation&Missions2Disk.SlaveCorporation&Missions2Disk.Slave;0;0;0;0
0;Corruption (Magnetic Scrolls Vol. I);Adventure / Text;Games:C/Corruption/Corruption.SlaveCorruption.SlaveCorruption.SlaveCorruption.Slave;0;0;0;0
0;Corsarios;Action / Fighter 2.5D;Games:C/Corsarios/Corsarios.SlaveCorsarios.SlaveCorsarios.SlaveCorsarios.Slave;0;0;0;0
0;Corx;Action / Duel / Versus;Games:C/Corx/Corx.SlaveCorx.SlaveCorx.SlaveCorx.Slave;0;0;0;0
0;Cosmic Bouncer;Maze / 2D;Games:C/CosmicBouncer/CosmicBouncer.SlaveCosmicBouncer.SlaveCosmicBouncer.SlaveCosmicBouncer.Slave;0;0;0;0
0;Cosmic Pirate;Action / Shooter / 2D;Games:C/CosmicPirate/CosmicPirate.SlaveCosmicPirate.SlaveCosmicPirate.SlaveCosmicPirate.Slave;0;0;0;0
0;Cosmic Relief - Prof. Renegade To The Rescue (NTSC);Adventure / Action;Games:C/CosmicReliefNTSC/CosmicReliefNTSC.SlaveCosmicReliefNTSC.SlaveCosmicReliefNTSC.SlaveCosmicReliefNTSC.Slave;0;0;0;0
0;Cosmic Spacehead;Platform / Action;Games:C/CosmicSpacehead/CosmicSpacehead.slaveCosmicSpacehead.slaveCosmicSpacehead.slaveCosmicSpacehead.slave;0;0;0;0
0;Cosmo Range - S.O.L. AD 2000;Action / Multi Level;Games:C/CosmoRanger/CosmoRanger.SlaveCosmoRanger.SlaveCosmoRanger.SlaveCosmoRanger.Slave;0;0;0;0
0;Cosmo Range - S.O.L. AD 2000 (NTSC);Action / Multi Level;Games:C/CosmoRangerNTSC/CosmoRangerNTSC.slaveCosmoRangerNTSC.slaveCosmoRangerNTSC.slaveCosmoRangerNTSC.slave;0;0;0;0
0;Cougar Force;Adventure / Action;Games:C/CougarForce/CougarForce.SlaveCougarForce.SlaveCougarForce.SlaveCougarForce.Slave;0;0;0;0
0;Count Duckula - No Sax Please - We're Egyptian;Platform / Action;Games:C/CountDuckula/CountDuckula.slaveCountDuckula.slaveCountDuckula.slaveCountDuckula.slave;0;0;0;0
0;Count Duckula 2 - Featuring Tremendous Terence;Platform / Action;Games:C/CountDuckula2/CountDuckula2.SlaveCountDuckula2.SlaveCountDuckula2.SlaveCountDuckula2.Slave;0;0;0;0
0;Cover Girl Strip Poker;Tabletop / Cards / Adult;Games:C/CoverGirlStripPoker/CoverGirlStripPoker.slaveCoverGirlStripPoker.slaveCoverGirlStripPoker.slaveCoverGirlStripPoker.slave;0;0;0;0
0;Covert Action;Adventure / Action;Games:C/CovertAction/CovertAction.SlaveCovertAction.SlaveCovertAction.SlaveCovertAction.Slave;0;0;0;0
0;Covert Action (German);Adventure / Action;Games:C/CovertActionDe/CovertActionDe.SlaveCovertActionDe.SlaveCovertActionDe.SlaveCovertActionDe.Slave;0;0;0;0
0;Crack;Bat & Ball / 2D;Games:C/Crack/Crack.SlaveCrack.SlaveCrack.SlaveCrack.Slave;0;0;0;0
0;Crack Down;Action / Shooter / Multi Way;Games:C/Crackdown/Crackdown.slaveCrackdown.slaveCrackdown.slaveCrackdown.slave;0;0;0;0
0;Crash Garrett (NTSC);Adventure / Graphic;Games:C/CrashGarrettNTSC/CrashGarrettNTSC.SlaveCrashGarrettNTSC.SlaveCrashGarrettNTSC.SlaveCrashGarrettNTSC.Slave;0;0;0;0
0;Crazy Cars;Racing / Car / Chase View;Games:C/CrazyCars/CrazyCars.SlaveCrazyCars.SlaveCrazyCars.SlaveCrazyCars.Slave;0;0;0;0
0;Crazy Cars 2;Racing / Car / Chase View;Games:C/CrazyCars2/CrazyCars2.slaveCrazyCars2.slaveCrazyCars2.slaveCrazyCars2.slave;0;0;0;0
0;Crazy Cars 3;Racing / Car / Chase View;Games:C/CrazyCars3/CrazyCars3.slaveCrazyCars3.slaveCrazyCars3.slaveCrazyCars3.slave;0;0;0;0
0;Crazy Seasons;Platform / Puzzle;Games:C/CrazySeasons/CrazySeasons.SlaveCrazySeasons.SlaveCrazySeasons.SlaveCrazySeasons.Slave;0;0;0;0
0;Crazy Shot;Action / Shooter / Crosshair;Games:C/CrazyShot/CrazyShot.SlaveCrazyShot.SlaveCrazyShot.SlaveCrazyShot.Slave;0;0;0;0
0;Crazy Sue (Coverdisk);Platform / Action;Games:C/CrazySue/CrazySue.SlaveCrazySue.SlaveCrazySue.SlaveCrazySue.Slave;0;0;0;0
0;Crazy Sue Goes On (Coverdisk);Platform / Action;Games:C/CrazySueGoesOn/CrazySueGoesOn.SlaveCrazySueGoesOn.SlaveCrazySueGoesOn.SlaveCrazySueGoesOn.Slave;0;0;0;0
0;Creature;Action / Shooter / Crosshair;Games:C/Creature/Creature.SlaveCreature.SlaveCreature.SlaveCreature.Slave;0;0;0;0
0;Creatures - To The Rescue;Platform / Action;Games:C/Creatures/Creatures.SlaveCreatures.SlaveCreatures.SlaveCreatures.Slave;0;0;0;0
0;Crime City;Adventure / Point & Click;Games:C/CrimeCity/CrimeCity.slaveCrimeCity.slaveCrimeCity.slaveCrimeCity.slave;0;0;0;0
0;Crime City (German);Adventure / Point & Click;Games:C/CrimeCityDe/CrimeCityDe.slaveCrimeCityDe.slaveCrimeCityDe.slaveCrimeCityDe.slave;0;0;0;0
0;Crime Does Not Pay;Adventure / Action;Games:C/CrimeDoesNotPay/CrimeDoesNotPay.SlaveCrimeDoesNotPay.SlaveCrimeDoesNotPay.SlaveCrimeDoesNotPay.Slave;0;0;0;0
0;Crime Wave;Action / Fighter 2.5D;Games:C/CrimeWave/CrimeWave.slaveCrimeWave.slaveCrimeWave.slaveCrimeWave.slave;0;0;0;0
0;Croak (Coverdisk);Reaction / 2D;Games:C/Croak/Croak.SlaveCroak.SlaveCroak.SlaveCroak.Slave;0;0;0;0
0;Croak II - Amphibian Migration Simulation (Coverdisk);Reaction / 2D;Games:C/Croak2/Croak2.SlaveCroak2.SlaveCroak2.SlaveCroak2.Slave;0;0;0;0
0;Croisiere Pour Un Cadavre (French);Adventure / Point & Click;Games:C/CroisierePourUnCadavreFr/CroisierePourUnCadavreFr.slaveCroisierePourUnCadavreFr.slaveCroisierePourUnCadavreFr.slaveCroisierePourUnCadavreFr.slave;0;0;0;0
0;Cross Check;Sport / Ice Hockey;Games:C/CrossCheck/CrossCheck.slaveCrossCheck.slaveCrossCheck.slaveCrossCheck.slave;0;0;0;0
0;Crossbow - The Legend Of William Tell;Adventure / Action;Games:C/CrossbowLegendWilliamTell/CrossbowLegendWilliamTell.SlaveCrossbowLegendWilliamTell.SlaveCrossbowLegendWilliamTell.SlaveCrossbowLegendWilliamTell.Slave;0;0;0;0
0;Crown;Action / Multi Level;Games:C/Crown/Crown.SlaveCrown.SlaveCrown.SlaveCrown.Slave;0;0;0;0
0;Cruise For A Corpse;Adventure / Point & Click;Games:C/CruiseForACorpse/CruiseForACorpse.slaveCruiseForACorpse.slaveCruiseForACorpse.slaveCruiseForACorpse.slave;0;0;0;0
0;Cruise For A Corpse (German);Adventure / Point & Click;Games:C/CruiseForACorpseDe/CruiseForACorpseDe.slaveCruiseForACorpseDe.slaveCruiseForACorpseDe.slaveCruiseForACorpseDe.slave;0;0;0;0
0;Cruise For A Corpse (Italian);Adventure / Point & Click;Games:C/CruiseForACorpseIt/CruiseForACorpseIt.slaveCruiseForACorpseIt.slaveCruiseForACorpseIt.slaveCruiseForACorpseIt.slave;0;0;0;0
0;Cruise For A Corpse (NTSC);Adventure / Point & Click;Games:C/CruiseForACorpseNTSC/CruiseForACorpseNTSC.SlaveCruiseForACorpseNTSC.SlaveCruiseForACorpseNTSC.SlaveCruiseForACorpseNTSC.Slave;0;0;0;0
0;Cruise For A Corpse (Spanish);Adventure / Point & Click;Games:C/CruiseForACorpseEs/CruiseForACorpseEs.slaveCruiseForACorpseEs.slaveCruiseForACorpseEs.slaveCruiseForACorpseEs.slave;0;0;0;0
0;Cruncher Factory;Maze / 2D;Games:C/CruncherFactory/CruncherFactory.SlaveCruncherFactory.SlaveCruncherFactory.SlaveCruncherFactory.Slave;0;0;0;0
0;Crystal Dragon;RPG / Dungeon Crawler;Games:C/CrystalDragon/CrystalDragon.SlaveCrystalDragon.SlaveCrystalDragon.SlaveCrystalDragon.Slave;0;0;0;0
0;Crystal Dragon (German);RPG / Dungeon Crawler;Games:C/CrystalDragonDe/CrystalDragonDe.slaveCrystalDragonDe.slaveCrystalDragonDe.slaveCrystalDragonDe.slave;0;0;0;0
0;Crystal Hammer (Ver 1);Bat & Ball / 2D;Games:C/CrystalHammerV1/CrystalHammerV1.slaveCrystalHammerV1.slaveCrystalHammerV1.slaveCrystalHammerV1.slave;0;0;0;0
0;Crystal Hammer (Ver 2);Bat & Ball / 2D;Games:C/CrystalHammerV2/CrystalHammerV2.slaveCrystalHammerV2.slaveCrystalHammerV2.slaveCrystalHammerV2.slave;0;0;0;0
0;Crystal Kingdom Dizzy;Platform / Puzzle;Games:C/CrystalKingdomDizzy/CrystalKingdomDizzy.slaveCrystalKingdomDizzy.slaveCrystalKingdomDizzy.slaveCrystalKingdomDizzy.slave;0;0;0;0
0;Crystal Palace (Coverdisk);Platform / Action;Games:C/CrystalPalace/CrystalPalace.slaveCrystalPalace.slaveCrystalPalace.slaveCrystalPalace.slave;0;0;0;0
0;Crystals Of Arborea;RPG / Dungeon Crawler;Games:C/CrystalsOfArborea/CrystalsOfArborea.SlaveCrystalsOfArborea.SlaveCrystalsOfArborea.SlaveCrystalsOfArborea.Slave;0;0;0;0
0;Crystals Of Arborea (Fast Mem);RPG / Dungeon Crawler;Games:C/CrystalsOfArboreaFast/CrystalsOfArboreaFast.SlaveCrystalsOfArboreaFast.SlaveCrystalsOfArboreaFast.SlaveCrystalsOfArboreaFast.Slave;0;0;0;0
0;Crystals Of Arborea (Fast Mem) (French);RPG / Dungeon Crawler;Games:C/CrystalsOfArboreaFrFast/CrystalsOfArboreaFrFast.SlaveCrystalsOfArboreaFrFast.SlaveCrystalsOfArboreaFrFast.SlaveCrystalsOfArboreaFrFast.Slave;0;0;0;0
0;Crystals Of Arborea (Fast Mem) (German);RPG / Dungeon Crawler;Games:C/CrystalsOfArboreaDeFast/CrystalsOfArboreaDeFast.SlaveCrystalsOfArboreaDeFast.SlaveCrystalsOfArboreaDeFast.SlaveCrystalsOfArboreaDeFast.Slave;0;0;0;0
0;Crystals Of Arborea (French);RPG / Dungeon Crawler;Games:C/CrystalsOfArboreaFr/CrystalsOfArboreaFr.SlaveCrystalsOfArboreaFr.SlaveCrystalsOfArboreaFr.SlaveCrystalsOfArboreaFr.Slave;0;0;0;0
0;Crystals Of Arborea (German);RPG / Dungeon Crawler;Games:C/CrystalsOfArboreaDe/CrystalsOfArboreaDe.SlaveCrystalsOfArboreaDe.SlaveCrystalsOfArboreaDe.SlaveCrystalsOfArboreaDe.Slave;0;0;0;0
0;Cubix;Puzzle / 2D;Games:C/Cubix/Cubix.SlaveCubix.SlaveCubix.SlaveCubix.Slave;0;0;0;0
0;Cubulus;Puzzle / 2D;Games:C/Cubulus/Cubulus.SlaveCubulus.SlaveCubulus.SlaveCubulus.Slave;0;0;0;0
0;Curse Of Enchantia;Adventure / Point & Click;Games:C/CurseOfEnchantia/CurseOfEnchantia.slaveCurseOfEnchantia.slaveCurseOfEnchantia.slaveCurseOfEnchantia.slave;0;0;0;0
0;Curse Of Enchantia (Fast Mem);Adventure / Point & Click;Games:C/CurseOfEnchantiaFast/CurseOfEnchantiaFast.slaveCurseOfEnchantiaFast.slaveCurseOfEnchantiaFast.slaveCurseOfEnchantiaFast.slave;0;0;0;0
0;Curse Of Ra, The;Puzzle / 2D;Games:C/CurseOfRa/CurseOfRa.SlaveCurseOfRa.SlaveCurseOfRa.SlaveCurseOfRa.Slave;0;0;0;0
0;Curse Of Ra, The (CDTV);Puzzle / 2D;Games:C/CurseOfRaCDTV/CurseOfRaCDTV.slaveCurseOfRaCDTV.slaveCurseOfRaCDTV.slaveCurseOfRaCDTV.slave;0;0;0;0
0;Curse Of The Azure Bonds;RPG / Dungeon Crawler;Games:C/CurseOfTheAzureBonds/CurseOfTheAzureBonds.SlaveCurseOfTheAzureBonds.SlaveCurseOfTheAzureBonds.SlaveCurseOfTheAzureBonds.Slave;0;0;0;0
0;Custodian;Action / Shooter / Multi Way;Games:C/Custodian/Custodian.SlaveCustodian.SlaveCustodian.SlaveCustodian.Slave;0;0;0;0
0;Cyber Assault;Action / Shooter / Crosshair;Games:C/CyberAssault/CyberAssault.SlaveCyberAssault.SlaveCyberAssault.SlaveCyberAssault.Slave;0;0;0;0
0;Cyber Cop;Action / Shooter / 2D;Games:C/CyberCop/CyberCop.slaveCyberCop.slaveCyberCop.slaveCyberCop.slave;0;0;0;0
0;Cyber Empires;Strategy / Battle / 2D;Games:C/CyberEmpires/CyberEmpires.SlaveCyberEmpires.SlaveCyberEmpires.SlaveCyberEmpires.Slave;0;0;0;0
0;Cyber World;Action / Shooter / Multi Way;Games:C/CyberWorld/CyberWorld.SlaveCyberWorld.SlaveCyberWorld.SlaveCyberWorld.Slave;0;0;0;0
0;Cyberball - Football in the 21st Century;Sport / Futuristic;Games:C/Cyberball/Cyberball.slaveCyberball.slaveCyberball.slaveCyberball.slave;0;0;0;0
0;Cyberblast;Action / Shooter / Multi Way;Games:C/Cyberblast/Cyberblast.slaveCyberblast.slaveCyberblast.slaveCyberblast.slave;0;0;0;0
0;Cybercon 3;Adventure / 3D;Games:C/Cybercon3/Cybercon3.SlaveCybercon3.SlaveCybercon3.SlaveCybercon3.Slave;0;0;0;0
0;CyberGames (PD);Beat 'Em Up / Weapon;Games:C/CyberGames/CyberGames.SlaveCyberGames.SlaveCyberGames.SlaveCyberGames.Slave;0;0;0;0
0;Cybernetix (Coverdisk);Action / Shooter / Horizontal;Games:C/Cybernetix/Cybernetix.SlaveCybernetix.SlaveCybernetix.SlaveCybernetix.Slave;0;0;0;0
0;Cybernoid - The Fighting Machine;Action / Shooter / Horizontal;Games:C/Cybernoid/Cybernoid.SlaveCybernoid.SlaveCybernoid.SlaveCybernoid.Slave;0;0;0;0
0;Cybernoid 2 - The Revenge;Action / Shooter / Horizontal;Games:C/Cybernoid2/Cybernoid2.SlaveCybernoid2.SlaveCybernoid2.SlaveCybernoid2.Slave;0;0;0;0
0;Cyberpunks;Action / Shooter / Multi Way;Games:C/Cyberpunks/Cyberpunks.SlaveCyberpunks.SlaveCyberpunks.SlaveCyberpunks.Slave;0;0;0;0
0;Cyberzerk;Action / Shooter / Multi Way;Games:C/Cyberzerk/Cyberzerk.slaveCyberzerk.slaveCyberzerk.slaveCyberzerk.slave;0;0;0;0
0;Cycles, The;Racing / Bike / Rider View;Games:C/Cycles/Cycles.SlaveCycles.SlaveCycles.SlaveCycles.Slave;0;0;0;0
0;Cygnus 8;Strategy / Trading;Games:C/Cygnus8/Cygnus8.SlaveCygnus8.SlaveCygnus8.SlaveCygnus8.Slave;0;0;0;0
0;Cytadela (Polish);Action / FPS;Games:C/CytadelaPl/CytadelaPl.slaveCytadelaPl.slaveCytadelaPl.slaveCytadelaPl.slave;0;0;0;0
0;Cytron;Action / Shooter / Multi Way;Games:C/Cytron/Cytron.slaveCytron.slaveCytron.slaveCytron.slave;0;0;0;0
0;Cytron (NTSC);Action / Shooter / Multi Way;Games:C/CytronNTSC/CytronNTSC.slaveCytronNTSC.slaveCytronNTSC.slaveCytronNTSC.slave;0;0;0;0
0;D-Day - The Beginning Of The End;Strategy / Battle / 2D;Games:D/DDayImpressions/DDayImpressions.slaveDDayImpressions.slaveDDayImpressions.slaveDDayImpressions.slave;0;0;0;0
0;D-Day - The Beginning Of The End (French);Strategy / Battle / 2D;Games:D/DDayImpressionsFr/DDayImpressionsFr.SlaveDDayImpressionsFr.SlaveDDayImpressionsFr.SlaveDDayImpressionsFr.Slave;0;0;0;0
0;D-Generation;Adventure / Action;Games:D/DGeneration/DGeneration.slaveDGeneration.slaveDGeneration.slaveDGeneration.slave;0;0;0;0
0;D-Generation (AGA);Adventure / Action;Games:D/DGenerationAGA/DGenerationAGA.slaveDGenerationAGA.slaveDGenerationAGA.slaveDGenerationAGA.slave;0;0;0;0
0;D-Generation (CD32);Adventure / Action;Games:D/DGenerationCD32/DGenerationCD32.slaveDGenerationCD32.slaveDGenerationCD32.slaveDGenerationCD32.slave;0;0;0;0
0;D?but - Planet Simulation;Strategy / World Sim;Games:D/DebutPlanetSimulation/DebutPlanetSimulation.SlaveDebutPlanetSimulation.SlaveDebutPlanetSimulation.SlaveDebutPlanetSimulation.Slave;0;0;0;0
0;D?fenseur De La Couronne 2 (CD32) (French);Strategy / Historical;Games:D/DefenseurCouronne2CD32Fr/DefenseurCouronne2CD32Fr.slaveDefenseurCouronne2CD32Fr.slaveDefenseurCouronne2CD32Fr.slaveDefenseurCouronne2CD32Fr.slave;0;0;0;0
0;Dal'X (French);Puzzle / Adult;Games:D/DalXFr/DalXFr.SlaveDalXFr.SlaveDalXFr.SlaveDalXFr.Slave;0;0;0;0
0;Dalek Attack;Action / Shooter / 2D;Games:D/DalekAttack/DalekAttack.SlaveDalekAttack.SlaveDalekAttack.SlaveDalekAttack.Slave;0;0;0;0
0;Daley Thompson's Olympic Challenge (One Disk);Sport / Athletics;Games:D/DaleyThompsonsOC1Disk/DaleyThompsonsOC1Disk.SlaveDaleyThompsonsOC1Disk.SlaveDaleyThompsonsOC1Disk.SlaveDaleyThompsonsOC1Disk.Slave;0;0;0;0
0;Daley Thompson's Olympic Challenge (Two Disk);Sport / Athletics;Games:D/DaleyThompsonsOC2Disk/DaleyThompsonsOC2Disk.SlaveDaleyThompsonsOC2Disk.SlaveDaleyThompsonsOC2Disk.SlaveDaleyThompsonsOC2Disk.Slave;0;0;0;0
0;Damage - The Sadistic Butchering Of Humanity;Action / Fighter 2D;Games:D/Damage/Damage.slaveDamage.slaveDamage.slaveDamage.slave;0;0;0;0
0;Damage - The Sadistic Butchering Of Humanity (Preview);Action / Fighter 2D;Games:D/DamagePreview/DamagePreview.SlaveDamagePreview.SlaveDamagePreview.SlaveDamagePreview.Slave;0;0;0;0
0;Damocles - Mercenary 2;Adventure / 3D;Games:D/Damocles/Damocles.slaveDamocles.slaveDamocles.slaveDamocles.slave;0;0;0;0
0;Damocles - Mercenary 2 (NTSC);Adventure / 3D;Games:D/DamoclesNTSC/DamoclesNTSC.slaveDamoclesNTSC.slaveDamoclesNTSC.slaveDamoclesNTSC.slave;0;0;0;0
0;Dan Dare 3 - The Escape;Action / Shooter / Horizontal;Games:D/DanDare3/DanDare3.SlaveDanDare3.SlaveDanDare3.SlaveDanDare3.Slave;0;0;0;0
0;Danger Freak;Action / Fighter 2.5D;Games:D/DangerFreak/DangerFreak.slaveDangerFreak.slaveDangerFreak.slaveDangerFreak.slave;0;0;0;0
0;Dangerous Streets (AGA);Beat 'Em Up;Games:D/DoubleAgent/DangerousStreetsAGA/DangerousStreetsAGA.slaveDangerousStreetsAGA.slaveDangerousStreetsAGA.slaveDangerousStreetsAGA.slave;0;0;0;0
0;Darius +;Action / Shooter / Horizontal;Games:D/Darius+/Darius+.SlaveDarius+.SlaveDarius+.SlaveDarius+.Slave;0;0;0;0
0;Dark Castle (NTSC);Platform / Action;Games:D/DarkCastleNTSC/DarkCastleNTSC.slaveDarkCastleNTSC.slaveDarkCastleNTSC.slaveDarkCastleNTSC.slave;0;0;0;0
0;Dark Century;Action / Duel / Versus;Games:D/DarkCentury/DarkCentury.SlaveDarkCentury.SlaveDarkCentury.SlaveDarkCentury.Slave;0;0;0;0
0;Dark Fusion;Action / Shooter / 2D;Games:D/DarkFusion/DarkFusion.SlaveDarkFusion.SlaveDarkFusion.SlaveDarkFusion.Slave;0;0;0;0
0;Dark Queen of Krynn, The;RPG / Dungeon Crawler;Games:D/DarkQueenOfKrynn/DarkQueenOfKrynn.SlaveDarkQueenOfKrynn.SlaveDarkQueenOfKrynn.SlaveDarkQueenOfKrynn.Slave;0;0;0;0
0;Dark Seed;Adventure / Point & Click;Games:D/DarkSeed/DarkSeed.SlaveDarkSeed.SlaveDarkSeed.SlaveDarkSeed.Slave;0;0;0;0
0;Dark Seed (CD32);Adventure / Point & Click;Games:D/DarkSeedCD32/DarkSeedCD32.SlaveDarkSeedCD32.SlaveDarkSeedCD32.SlaveDarkSeedCD32.Slave;0;0;0;0
0;Dark Seed (French);Adventure / Point & Click;Games:D/DarkSeedFr/DarkSeedFr.SlaveDarkSeedFr.SlaveDarkSeedFr.SlaveDarkSeedFr.Slave;0;0;0;0
0;Dark Seed (German);Adventure / Point & Click;Games:D/DarkSeedDe/DarkSeedDe.SlaveDarkSeedDe.SlaveDarkSeedDe.SlaveDarkSeedDe.Slave;0;0;0;0
0;Dark Seed (Spanish);Adventure / Point & Click;Games:D/DarkSeedEs/DarkSeedEs.SlaveDarkSeedEs.SlaveDarkSeedEs.SlaveDarkSeedEs.Slave;0;0;0;0
0;Dark Side;Adventure / 3D;Games:D/DarkSide/DarkSide.SlaveDarkSide.SlaveDarkSide.SlaveDarkSide.Slave;0;0;0;0
0;Dark Side (NTSC);Adventure / 3D;Games:D/DarkSideNTSC/DarkSideNTSC.SlaveDarkSideNTSC.SlaveDarkSideNTSC.SlaveDarkSideNTSC.Slave;0;0;0;0
0;Darkman;Action / Fighter 2.5D;Games:D/Darkman/Darkman.slaveDarkman.slaveDarkman.slaveDarkman.slave;0;0;0;0
0;Darkmere - The Nightmare's Begun;RPG / Isometric;Games:D/Darkmere/Darkmere.SlaveDarkmere.SlaveDarkmere.SlaveDarkmere.Slave;0;0;0;0
0;DarkSpyre;RPG / Open World;Games:D/DarkSpyre/DarkSpyre.SlaveDarkSpyre.SlaveDarkSpyre.SlaveDarkSpyre.Slave;0;0;0;0
0;Datastorm;Action / Shooter / Horizontal;Games:D/Datastorm/Datastorm.SlaveDatastorm.SlaveDatastorm.SlaveDatastorm.Slave;0;0;0;0
0;Dawn Patrol;Simulator / Plane / WW1;Games:D/DawnPatrol/DawnPatrol.SlaveDawnPatrol.SlaveDawnPatrol.SlaveDawnPatrol.Slave;0;0;0;0
0;Dawn Patrol (German);Simulator / Plane / WW1;Games:D/DawnPatrolDe/DawnPatrolDe.SlaveDawnPatrolDe.SlaveDawnPatrolDe.SlaveDawnPatrolDe.Slave;0;0;0;0
0;Day of the Pharaoh;Adventure / Action;Games:D/DayOfThePharaoh/DayOfThePharaoh.SlaveDayOfThePharaoh.SlaveDayOfThePharaoh.SlaveDayOfThePharaoh.Slave;0;0;0;0
0;Day of the Pharaoh (German);Adventure / Action;Games:D/DayOfThePharaohDe/DayOfThePharaohDe.SlaveDayOfThePharaohDe.SlaveDayOfThePharaohDe.SlaveDayOfThePharaohDe.Slave;0;0;0;0
0;Day of the Viper;Adventure / 3D;Games:D/DayOfTheViper/DayOfTheViper.SlaveDayOfTheViper.SlaveDayOfTheViper.SlaveDayOfTheViper.Slave;0;0;0;0
0;Days of Thunder;Racing / Car / Driver View;Games:D/DaysOfThunder/DaysOfThunder.SlaveDaysOfThunder.SlaveDaysOfThunder.SlaveDaysOfThunder.Slave;0;0;0;0
0;Death Bringer (Spotlight Software) (NTSC);RPG / Dungeon Crawler;Games:D/DeathBringerSpotlightNTSC/DeathBringerSpotlightNTSC.SlaveDeathBringerSpotlightNTSC.SlaveDeathBringerSpotlightNTSC.SlaveDeathBringerSpotlightNTSC.Slave;0;0;0;0
0;Death Knights Of Krynn;RPG / Dungeon Crawler;Games:D/DeathKnightsOfKrynn/DeathKnightsOfKrynn.SlaveDeathKnightsOfKrynn.SlaveDeathKnightsOfKrynn.SlaveDeathKnightsOfKrynn.Slave;0;0;0;0
0;Death Knights Of Krynn (German);RPG / Dungeon Crawler;Games:D/DeathKnightsOfKrynnDe/DeathKnightsOfKrynnDe.SlaveDeathKnightsOfKrynnDe.SlaveDeathKnightsOfKrynnDe.SlaveDeathKnightsOfKrynnDe.Slave;0;0;0;0
0;Death Mask;Action / FPS;Games:D/DeathMask/DeathMask.slaveDeathMask.slaveDeathMask.slaveDeathMask.slave;0;0;0;0
0;Death Mask (AGA);Action / FPS;Games:D/DeathMaskAGA/DeathMaskAGA.slaveDeathMaskAGA.slaveDeathMaskAGA.slaveDeathMaskAGA.slave;0;0;0;0
0;Death Mask (CD32);Action / FPS;Games:D/DeathMaskCD32/DeathMaskCD32.slaveDeathMaskCD32.slaveDeathMaskCD32.slaveDeathMaskCD32.slave;0;0;0;0
0;Death Or Glory - Das Erbe Von Morgan (German);Strategy / Battle / 2D;Games:D/DeathOrGloryDe/DeathOrGloryDe.SlaveDeathOrGloryDe.SlaveDeathOrGloryDe.SlaveDeathOrGloryDe.Slave;0;0;0;0
0;Death Sword (NTSC);Beat 'Em Up / Weapon;Games:D/DeathSwordNTSC/DeathSwordNTSC.SlaveDeathSwordNTSC.SlaveDeathSwordNTSC.SlaveDeathSwordNTSC.Slave;0;0;0;0
0;Death Trap;Platform / Action;Games:D/DeathTrap/DeathTrap.SlaveDeathTrap.SlaveDeathTrap.SlaveDeathTrap.Slave;0;0;0;0
0;Deathbringer - The Sword Of Abaddon (Empire);Action / Fighter 2D;Games:D/DeathbringerEmpire/DeathbringerEmpire.SlaveDeathbringerEmpire.SlaveDeathbringerEmpire.SlaveDeathbringerEmpire.Slave;0;0;0;0
0;Decimal Dungeon;Educational;Games:D/DecimalDungeon/DecimalDungeon.SlaveDecimalDungeon.SlaveDecimalDungeon.SlaveDecimalDungeon.Slave;0;0;0;0
0;Deconstruction (AGA);Bat & Ball / 2D;Games:D/DeconstructionAGA/DeconstructionAGA.SlaveDeconstructionAGA.SlaveDeconstructionAGA.SlaveDeconstructionAGA.Slave;0;0;0;0
0;Deep Core;Action / Shooter / 2D;Games:D/DeepCore/DeepCore.SlaveDeepCore.SlaveDeepCore.SlaveDeepCore.Slave;0;0;0;0
0;Deep Space;Action / Shooter / 3D;Games:D/DeepSpace/DeepSpace.slaveDeepSpace.slaveDeepSpace.slaveDeepSpace.slave;0;0;0;0
0;Deep, The;Action / Shooter / 2D;Games:D/Deep/Deep.SlaveDeep.SlaveDeep.SlaveDeep.Slave;0;0;0;0
0;Defender (Ratsoft) (PD);Action / Shooter / Horizontal;Games:D/DefenderRatsoft/DefenderRatsoft.slaveDefenderRatsoft.slaveDefenderRatsoft.slaveDefenderRatsoft.slave;0;0;0;0
0;Defender 2;Action / Shooter / Horizontal;Games:D/Defender2/Defender2.SlaveDefender2.SlaveDefender2.SlaveDefender2.Slave;0;0;0;0
0;Defender Of The Crown;Strategy / Historical;Games:D/DefenderOfTheCrown/DefenderOfTheCrown.SlaveDefenderOfTheCrown.SlaveDefenderOfTheCrown.SlaveDefenderOfTheCrown.Slave;0;0;0;0
0;Defender Of The Crown (CDTV);Strategy / Historical;Games:D/DefenderOfTheCrownCDTV/DefenderOfTheCrownCDTV.SlaveDefenderOfTheCrownCDTV.SlaveDefenderOfTheCrownCDTV.SlaveDefenderOfTheCrownCDTV.Slave;0;0;0;0
0;Defender Of The Crown (NTSC);Strategy / Historical;Games:D/DefenderOfTheCrownNTSC/DefenderOfTheCrownNTSC.SlaveDefenderOfTheCrownNTSC.SlaveDefenderOfTheCrownNTSC.SlaveDefenderOfTheCrownNTSC.Slave;0;0;0;0
0;Defender Of The Crown 2 (CD32);Strategy / Historical;Games:D/DefenderOfTheCrown2CD32/DefenderOfTheCrown2CD32.slaveDefenderOfTheCrown2CD32.slaveDefenderOfTheCrown2CD32.slaveDefenderOfTheCrown2CD32.slave;0;0;0;0
0;Defenders Of The Earth;Action / Shooter / 2D;Games:D/DefendersOfTheEarth/DefendersOfTheEarth.slaveDefendersOfTheEarth.slaveDefendersOfTheEarth.slaveDefendersOfTheEarth.slave;0;0;0;0
0;Defensor De La Corona 2, El (CD32) (Spanish);Strategy / Historical;Games:D/DefensorDeLaCorona2CD32Es/DefensorDeLaCorona2CD32Es.slaveDefensorDeLaCorona2CD32Es.slaveDefensorDeLaCorona2CD32Es.slaveDefensorDeLaCorona2CD32Es.slave;0;0;0;0
0;Deflektor;Puzzle / 2D;Games:D/Deflektor/Deflektor.slaveDeflektor.slaveDeflektor.slaveDeflektor.slave;0;0;0;0
0;Deja Vu - A Nightmare Comes True!! (NTSC);Adventure / Graphic;Games:D/DejaVuNTSC/DejaVuNTSC.slaveDejaVuNTSC.slaveDejaVuNTSC.slaveDejaVuNTSC.slave;0;0;0;0
0;Deja Vu 2 - Lost in Las Vegas!!;Adventure / Graphic;Games:D/DejaVu2LostInLasVegas/DejaVu2LostInLasVegas.SlaveDejaVu2LostInLasVegas.SlaveDejaVu2LostInLasVegas.SlaveDejaVu2LostInLasVegas.Slave;0;0;0;0
0;Deliverance - Stormlord II;Action / Fighter 2D;Games:D/Deliverance/Deliverance.slaveDeliverance.slaveDeliverance.slaveDeliverance.slave;0;0;0;0
0;Deliverance - Stormlord II (512KB);Action / Fighter 2D;Games:D/Deliverance512k/Deliverance512k.slaveDeliverance512k.slaveDeliverance512k.slaveDeliverance512k.slave;0;0;0;0
0;Delta Command (Arcadia);Action / Shooter / Multi Way;Games:D/DeltaCommandArcadia/DeltaCommandArcadia.SlaveDeltaCommandArcadia.SlaveDeltaCommandArcadia.SlaveDeltaCommandArcadia.Slave;0;0;0;0
0;Deluxe Galaga (PD);Action / Shooter / 2D;Games:D/DeluxeGalaga/DeluxeGalaga.slaveDeluxeGalaga.slaveDeluxeGalaga.slaveDeluxeGalaga.slave;0;0;0;0
0;Deluxe Galaga (PD) (AGA);Action / Shooter / 2D;Games:D/DeluxeGalagaAGA/DeluxeGalagaAGA.SlaveDeluxeGalagaAGA.SlaveDeluxeGalagaAGA.SlaveDeluxeGalagaAGA.Slave;0;0;0;0
0;Deluxe Pacman (PD);Maze / 2D;Games:D/DeluxePacMan/DeluxePacMan.SlaveDeluxePacMan.SlaveDeluxePacMan.SlaveDeluxePacMan.Slave;0;0;0;0
0;Deluxe Pacman (PD) (AGA);Maze / 2D;Games:D/DeluxePacManAGA/DeluxePacManAGA.SlaveDeluxePacManAGA.SlaveDeluxePacManAGA.SlaveDeluxePacManAGA.Slave;0;0;0;0
0;Deluxe Strip Poker 2;Tabletop / Cards / Adult;Games:D/DeluxeStripPoker2/DeluxeStripPoker2.SlaveDeluxeStripPoker2.SlaveDeluxeStripPoker2.SlaveDeluxeStripPoker2.Slave;0;0;0;0
0;Deluxe Strip Poker 2 & Data Disks;Tabletop / Cards / Adult;Games:D/DeluxeStripPoker2&DDisks/DeluxeStripPoker2&DDisks.SlaveDeluxeStripPoker2&DDisks.SlaveDeluxeStripPoker2&DDisks.SlaveDeluxeStripPoker2&DDisks.Slave;0;0;0;0
0;Demon Blue;Platform / Action;Games:D/DemonBlue/DemonBlue.slaveDemonBlue.slaveDemonBlue.slaveDemonBlue.slave;0;0;0;0
0;Demon's Tomb - The Awakening;Adventure / Text;Games:D/DemonsTombTheAwakening/DemonsTombTheAwakening.SlaveDemonsTombTheAwakening.SlaveDemonsTombTheAwakening.SlaveDemonsTombTheAwakening.Slave;0;0;0;0
0;Demoniak;Adventure / Graphic;Games:D/Demoniak/Demoniak.SlaveDemoniak.SlaveDemoniak.SlaveDemoniak.Slave;0;0;0;0
0;Denaris (One Disk);Action / Shooter / Horizontal;Games:D/Denaris1Disk/Denaris1Disk.SlaveDenaris1Disk.SlaveDenaris1Disk.SlaveDenaris1Disk.Slave;0;0;0;0
0;Denaris (Two Disk);Action / Shooter / Horizontal;Games:D/Denaris2Disk/Denaris2Disk.SlaveDenaris2Disk.SlaveDenaris2Disk.SlaveDenaris2Disk.Slave;0;0;0;0
0;Denjoy (PD);Puzzle / 2D;Games:D/Denjoy/Denjoy.SlaveDenjoy.SlaveDenjoy.SlaveDenjoy.Slave;0;0;0;0
0;Dennis;Platform / Action;Games:D/Dennis/Dennis.slaveDennis.slaveDennis.slaveDennis.slave;0;0;0;0
0;Dennis (AGA);Platform / Action;Games:D/DennisAGA/DennisAGA.slaveDennisAGA.slaveDennisAGA.slaveDennisAGA.slave;0;0;0;0
0;Dennis (CD32);Platform / Action;Games:D/DennisCD32/DennisCD32.slaveDennisCD32.slaveDennisCD32.slaveDennisCD32.slave;0;0;0;0
0;Dennis (Desktop Dynamite) (AGA);Platform / Action;Games:D/DennisAGADesktopDynamite/DennisAGADeskDyn.slaveDennisAGADeskDyn.slaveDennisAGADeskDyn.slaveDennisAGADeskDyn.slave;0;0;0;0
0;Denver - Je Fais Des Couleurs (French);Educational;Games:D/DenverJeFaisDesCouleursFr/DenverJeFaisDesCouleursFr.SlaveDenverJeFaisDesCouleursFr.SlaveDenverJeFaisDesCouleursFr.SlaveDenverJeFaisDesCouleursFr.Slave;0;0;0;0
0;Desert Strike - Return to the Gulf;Action / Shooter / Isometric;Games:D/DesertStrike/DesertStrike.slaveDesertStrike.slaveDesertStrike.slaveDesertStrike.slave;0;0;0;0
0;Destroyer;Simulator / Boat;Games:D/Destroyer/Destroyer.SlaveDestroyer.SlaveDestroyer.SlaveDestroyer.Slave;0;0;0;0
0;Detonator;Bat & Ball / 2D;Games:D/Detonator/Detonator.SlaveDetonator.SlaveDetonator.SlaveDetonator.Slave;0;0;0;0
0;Detroit;Management / Business;Games:D/Detroit/Detroit.SlaveDetroit.SlaveDetroit.SlaveDetroit.Slave;0;0;0;0
0;Detroit (AGA);Management / Business;Games:D/DetroitAGA/DetroitAGA.SlaveDetroitAGA.SlaveDetroitAGA.SlaveDetroitAGA.Slave;0;0;0;0
0;Detroit (AGA) (French);Management / Business;Games:D/DetroitAGAFr/DetroitAGAFr.SlaveDetroitAGAFr.SlaveDetroitAGAFr.SlaveDetroitAGAFr.Slave;0;0;0;0
0;Deuteros - The Next Millennium;Management / Space;Games:D/Deuteros/Deuteros.SlaveDeuteros.SlaveDeuteros.SlaveDeuteros.Slave;0;0;0;0
0;Devious Designs;Puzzle / 2D;Games:D/DeviousDesigns/DeviousDesigns.SlaveDeviousDesigns.SlaveDeviousDesigns.SlaveDeviousDesigns.Slave;0;0;0;0
0;Dick Tracy;Action / Shooter / 2D;Games:D/DickTracy/DickTracy.SlaveDickTracy.SlaveDickTracy.SlaveDickTracy.Slave;0;0;0;0
0;Dick Tracy - The Crime Solving Adventure;Adventure / Graphic;Games:D/DoubleAgent/DickTracyAdventure/DickTracyAdventure.SlaveDickTracyAdventure.SlaveDickTracyAdventure.SlaveDickTracyAdventure.Slave;0;0;0;0
0;Die Hard 2 - Die Harder;Action / Shooter / Crosshair;Games:D/DieHard2/DieHard2.SlaveDieHard2.SlaveDieHard2.SlaveDieHard2.Slave;0;0;0;0
0;Difensore Della Corona 2 (CD32) (Italian);Strategy / Historical;Games:D/DifensoreCorona2CD32It/DifensoreCorona2CD32It.slaveDifensoreCorona2CD32It.slaveDifensoreCorona2CD32It.slaveDifensoreCorona2CD32It.slave;0;0;0;0
0;Digger (PD);Maze / Digger;Games:D/Digger/Digger.SlaveDigger.SlaveDigger.SlaveDigger.Slave;0;0;0;0
0;Diggers (AGA);Platform / Puzzle;Games:D/DiggersAGA/DiggersAGA.slaveDiggersAGA.slaveDiggersAGA.slaveDiggersAGA.slave;0;0;0;0
0;Diggers (CD32);Platform / Puzzle;Games:D/DiggersCD32/DiggersCD32.slaveDiggersCD32.slaveDiggersCD32.slaveDiggersCD32.slave;0;0;0;0
0;Dimo's Quest;Puzzle / 2D;Games:D/DimosQuest/DimosQuest.SlaveDimosQuest.SlaveDimosQuest.SlaveDimosQuest.Slave;0;0;0;0
0;Dino Wars;Tabletop / Chess;Games:D/DinoWars/DinoWars.slaveDinoWars.slaveDinoWars.slaveDinoWars.slave;0;0;0;0
0;Dino Wars (German);Tabletop / Chess;Games:D/DinoWarsDe/DinoWarsDe.SlaveDinoWarsDe.SlaveDinoWarsDe.SlaveDinoWarsDe.Slave;0;0;0;0
0;Dinosaur Detective Agency;Platform / Action;Games:D/DinosaurDetectiveAgency/DinosaurDetectiveAgency.SlaveDinosaurDetectiveAgency.SlaveDinosaurDetectiveAgency.SlaveDinosaurDetectiveAgency.Slave;0;0;0;0
0;Diosa de Cozumel, La (Spanish);Adventure / Text;Games:D/LaDiosaDeCozumelEs/LaDiosaDeCozumelEs.slaveLaDiosaDeCozumelEs.slaveLaDiosaDeCozumelEs.slaveLaDiosaDeCozumelEs.slave;0;0;0;0
0;Disc;Action / Duel / Versus;Games:D/Disc/Disc.SlaveDisc.SlaveDisc.SlaveDisc.Slave;0;0;0;0
0;Discovery - In The Steps Of Columbus;Strategy / Historical;Games:D/Discovery/Discovery.SlaveDiscovery.SlaveDiscovery.SlaveDiscovery.Slave;0;0;0;0
0;Discovery (MicroIllusions);Adventure / Action;Games:D/DiscoveryMicroIllusions/DiscoveryMicroIllusions.SlaveDiscoveryMicroIllusions.SlaveDiscoveryMicroIllusions.SlaveDiscoveryMicroIllusions.Slave;0;0;0;0
0;Disposable Hero;Action / Shooter / Horizontal;Games:D/DisposableHero/DisposableHero.slaveDisposableHero.slaveDisposableHero.slaveDisposableHero.slave;0;0;0;0
0;Disposable Hero (CD32);Action / Shooter / Horizontal;Games:D/DisposableHeroCD32/DisposableHeroCD32.slaveDisposableHeroCD32.slaveDisposableHeroCD32.slaveDisposableHeroCD32.slave;0;0;0;0
0;Disposable Hero (Fast Mem);Action / Shooter / Horizontal;Games:D/DisposableHeroFast/DisposableHeroFast.slaveDisposableHeroFast.slaveDisposableHeroFast.slaveDisposableHeroFast.slave;0;0;0;0
0;Distant Armies -  A Playing History of Chess;Tabletop / Chess;Games:D/DistantArmies/DistantArmies.SlaveDistantArmies.SlaveDistantArmies.SlaveDistantArmies.Slave;0;0;0;0
0;Ditris;Reaction / Tetris;Games:D/Ditris/Ditris.SlaveDitris.SlaveDitris.SlaveDitris.Slave;0;0;0;0
0;Dizzy - Prince of the Yolkfolk;Platform / Puzzle;Games:D/DizzyPrinceOfTheYolkfolk/DizzyPrinceOfTheYolkfolk.slaveDizzyPrinceOfTheYolkfolk.slaveDizzyPrinceOfTheYolkfolk.slaveDizzyPrinceOfTheYolkfolk.slave;0;0;0;0
0;Dizzy Collection (Disk 2);Platform / Puzzle;Games:D/DizzyCollection/Disk1.SlaveDisk1.SlaveDisk1.SlaveDisk1.Slave;0;0;0;0
0;Dizzy Collection (Disk 2);Platform / Puzzle;Games:D/DizzyCollection/Disk2.SlaveDisk2.SlaveDisk2.SlaveDisk2.Slave;0;0;0;0
0;Dizzy Dice;Gambling / Casino;Games:D/DizzyDice/DizzyDice.SlaveDizzyDice.SlaveDizzyDice.SlaveDizzyDice.Slave;0;0;0;0
0;Dizzy Panic;Puzzle / 2D;Games:D/DizzyPanic/DizzyPanic.slaveDizzyPanic.slaveDizzyPanic.slaveDizzyPanic.slave;0;0;0;0
0;Dizzy's Excellent Adventure (Disk 2);Platform / Puzzle;Games:D/DizzysExcellentAdventures/Disk1.SlaveDisk1.SlaveDisk1.SlaveDisk1.Slave;0;0;0;0
0;Dizzy's Excellent Adventure (Disk 2);Platform / Puzzle;Games:D/DizzysExcellentAdventures/Disk2.SlaveDisk2.SlaveDisk2.SlaveDisk2.Slave;0;0;0;0
0;Dogfight - 80 Years of Imperial Warfare;Simulator / Plane / Combat;Games:D/Dogfight/Dogfight.SlaveDogfight.SlaveDogfight.SlaveDogfight.Slave;0;0;0;0
0;Dogs of War;Action / Shooter / Multi Way;Games:D/DogsOfWar/DogsOfWar.SlaveDogsOfWar.SlaveDogsOfWar.SlaveDogsOfWar.Slave;0;0;0;0
0;Dojo Dan;Action / Fighter 2D;Games:D/DojoDan/DojoDan.SlaveDojoDan.SlaveDojoDan.SlaveDojoDan.Slave;0;0;0;0
0;Doman - Grzechy Ardana (Polish);Action / Fighter 2D;Games:D/DomanPl/DomanPl.SlaveDomanPl.SlaveDomanPl.SlaveDomanPl.Slave;0;0;0;0
0;Dominator;Action / Shooter / Vertical;Games:D/Dominator/Dominator.slaveDominator.slaveDominator.slaveDominator.slave;0;0;0;0
0;Dominium;Strategy / Battle / 2D;Games:D/Dominium/Dominium.SlaveDominium.SlaveDominium.SlaveDominium.Slave;0;0;0;0
0;Donald Duck's Playground;Educational;Games:D/DonaldDucksPlayground/DonaldDucksPlayground.SlaveDonaldDucksPlayground.SlaveDonaldDucksPlayground.SlaveDonaldDucksPlayground.Slave;0;0;0;0
0;Donald's Alphabet Chase;Educational;Games:D/DonaldsAlphabetChase/DonaldsAlphabetChase.SlaveDonaldsAlphabetChase.SlaveDonaldsAlphabetChase.SlaveDonaldsAlphabetChase.Slave;0;0;0;0
0;Donk The Samurai Duck!;Platform / Action;Games:D/DonkTheSamuraiDuck/DonkTheSamuraiDuck.slaveDonkTheSamuraiDuck.slaveDonkTheSamuraiDuck.slaveDonkTheSamuraiDuck.slave;0;0;0;0
0;Donk The Samurai Duck! (AGA);Platform / Action;Games:D/DonkTheSamuraiDuckAGA/DonkTheSamuraiDuckAGA.slaveDonkTheSamuraiDuckAGA.slaveDonkTheSamuraiDuckAGA.slaveDonkTheSamuraiDuckAGA.slave;0;0;0;0
0;Donkey Kong (PD);Platform / Action;Games:D/DonkeyKong/DonkeyKong.slaveDonkeyKong.slaveDonkeyKong.slaveDonkeyKong.slave;0;0;0;0
0;Doodlebug - Bug Bash 2;Platform / Action;Games:D/Doodlebug/Doodlebug.SlaveDoodlebug.SlaveDoodlebug.SlaveDoodlebug.Slave;0;0;0;0
0;Doofus;Platform / Action;Games:D/Doofus/Doofus.SlaveDoofus.SlaveDoofus.SlaveDoofus.Slave;0;0;0;0
0;Double Agent;Adventure / Action;Games:D/DoubleAgent/DoubleAgent.slaveDoubleAgent.slaveDoubleAgent.slaveDoubleAgent.slave;0;0;0;0
0;Double Dragon;Action / Fighter 2.5D;Games:D/DoubleDragon/DoubleDragon.SlaveDoubleDragon.SlaveDoubleDragon.SlaveDoubleDragon.Slave;0;0;0;0
0;Double Dragon 2 - The Revenge;Action / Fighter 2.5D;Games:D/DoubleDragon2/DoubleDragon2.SlaveDoubleDragon2.SlaveDoubleDragon2.SlaveDoubleDragon2.Slave;0;0;0;0
0;Double Dragon 2 - The Revenge (NTSC);Action / Fighter 2.5D;Games:D/DoubleDragon2NTSC/DoubleDragon2NTSC.SlaveDoubleDragon2NTSC.SlaveDoubleDragon2NTSC.SlaveDoubleDragon2NTSC.Slave;0;0;0;0
0;Double Dragon 3 - The Rosetta Stone;Action / Fighter 2.5D;Games:D/DoubleDragon3/DoubleDragon3.slaveDoubleDragon3.slaveDoubleDragon3.slaveDoubleDragon3.slave;0;0;0;0
0;Double Dribble;Sport / Basketball;Games:D/DoubleDribble/DoubleDribble.slaveDoubleDribble.slaveDoubleDribble.slaveDoubleDribble.slave;0;0;0;0
0;Down At The Trolls;Platform / Action;Games:D/DownAtTheTrolls/DownAtTheTrolls.SlaveDownAtTheTrolls.SlaveDownAtTheTrolls.SlaveDownAtTheTrolls.Slave;0;0;0;0
0;Downhill Challenge (NTSC);Sport / Winter;Games:D/DownhillChallengeNTSC/DownhillChallengeNTSC.SlaveDownhillChallengeNTSC.SlaveDownhillChallengeNTSC.SlaveDownhillChallengeNTSC.Slave;0;0;0;0
0;Dr Cubes Magic Lands (PD);Platform / Action;Games:D/DrCubesMagicLands/DrCubesMagicLands.SlaveDrCubesMagicLands.SlaveDrCubesMagicLands.SlaveDrCubesMagicLands.Slave;0;0;0;0
0;Dr Doom's Revenge (One Disk);Action / Fighter 2D;Games:D/DrDoomsRevenge1Disk/DrDoomsRevenge1Disk.SlaveDrDoomsRevenge1Disk.SlaveDrDoomsRevenge1Disk.SlaveDrDoomsRevenge1Disk.Slave;0;0;0;0
0;Dr Doom's Revenge (Two Disk) (NTSC);Action / Fighter 2D;Games:D/DrDoomsRevengeNTSC2Disk/DrDoomsRevengeNTSC2Disk.SlaveDrDoomsRevengeNTSC2Disk.SlaveDrDoomsRevengeNTSC2Disk.SlaveDrDoomsRevengeNTSC2Disk.Slave;0;0;0;0
0;Dr Fruit;Maze / Digger;Games:D/DrFruit/DrFruit.SlaveDrFruit.SlaveDrFruit.SlaveDrFruit.Slave;0;0;0;0
0;Dr Mario;Puzzle / 2D;Games:D/DrMario/DrMario.slaveDrMario.slaveDrMario.slaveDrMario.slave;0;0;0;0
0;Drachen von Laas, Die (German);Adventure / Graphic;Games:D/DrachenVonLaasDe/DrachenVonLaasDe.slaveDrachenVonLaasDe.slaveDrachenVonLaasDe.slaveDrachenVonLaasDe.slave;0;0;0;0
0;Dragon Breed;Action / Shooter / Horizontal;Games:D/DragonBreed/DragonBreed.SlaveDragonBreed.SlaveDragonBreed.SlaveDragonBreed.Slave;0;0;0;0
0;Dragon Fighter;Action / Shooter / Horizontal;Games:D/DragonFighter/DragonFighter.SlaveDragonFighter.SlaveDragonFighter.SlaveDragonFighter.Slave;0;0;0;0
0;Dragon Spirit;Action / Shooter / Vertical;Games:D/DragonSpirit/DragonSpirit.SlaveDragonSpirit.SlaveDragonSpirit.SlaveDragonSpirit.Slave;0;0;0;0
0;Dragon Tiles (PD);Tabletop / Mahjong;Games:D/DragonTiles/DragonTiles.SlaveDragonTiles.SlaveDragonTiles.SlaveDragonTiles.Slave;0;0;0;0
0;Dragon Tiles (PD) (AGA);Tabletop / Mahjong;Games:D/DragonTilesAGA/DragonTilesAGA.SlaveDragonTilesAGA.SlaveDragonTilesAGA.SlaveDragonTilesAGA.Slave;0;0;0;0
0;Dragon Tiles 2 - The Tournament;Tabletop / Mahjong;Games:D/DragonTiles2/DragonTiles2.SlaveDragonTiles2.SlaveDragonTiles2.SlaveDragonTiles2.Slave;0;0;0;0
0;Dragon Wars;RPG / Dungeon Crawler;Games:D/DragonWars/DragonWars.slaveDragonWars.slaveDragonWars.slaveDragonWars.slave;0;0;0;0
0;Dragon Wars (German);RPG / Dungeon Crawler;Games:D/DragonWarsDe/DragonWarsDe.slaveDragonWarsDe.slaveDragonWarsDe.slaveDragonWarsDe.slave;0;0;0;0
0;Dragon's Kingdom (Game Demo);Action / Fighter 2D;Games:D/DragonsKingdomDemo/DragonsKingdomDemo.SlaveDragonsKingdomDemo.SlaveDragonsKingdomDemo.SlaveDragonsKingdomDemo.Slave;0;0;0;0
0;Dragon's Lair;Adventure / Action;Games:D/DragonsLair/DragonsLair.SlaveDragonsLair.SlaveDragonsLair.SlaveDragonsLair.Slave;0;0;0;0
0;Dragon's Lair - Escape From Singe's Castle (Fast Mem);Adventure / Action;Games:D/DragonsLairEscapeFast/DragonsLairEscapeFast.slaveDragonsLairEscapeFast.slaveDragonsLairEscapeFast.slaveDragonsLairEscapeFast.slave;0;0;0;0
0;Dragon's Lair - Escape From Singe's Castle (NTSC) (Game D;Adventure / Action;Games:D/DragonsLairEscapeDemoNTSC/DragonsLairEscapeDemoNTSC.SlaveDragonsLairEscapeDemoNTSC.SlaveDragonsLairEscapeDemoNTSC.SlaveDragonsLairEscapeDemoNTSC.Slave;0;0;0;0
0;Dragon's Lair - Escape From Singe's Castle (Slow Mem);Adventure / Action;Games:D/DragonsLairEscapeSlow/DragonsLairEscapeSlow.SlaveDragonsLairEscapeSlow.SlaveDragonsLairEscapeSlow.SlaveDragonsLairEscapeSlow.Slave;0;0;0;0
0;Dragon's Lair & Escape From Singe's Castle (Fast Mem);Adventure / Action;Games:D/DragonsLair&EscapeFast/DragonsLair&EscapeFast.SlaveDragonsLair&EscapeFast.SlaveDragonsLair&EscapeFast.SlaveDragonsLair&EscapeFast.Slave;0;0;0;0
0;Dragon's Lair & Escape From Singe's Castle (Slow Mem);Adventure / Action;Games:D/DragonsLair&EscapeSlow/DragonsLair&EscapeSlow.SlaveDragonsLair&EscapeSlow.SlaveDragonsLair&EscapeSlow.SlaveDragonsLair&EscapeSlow.Slave;0;0;0;0
0;Dragon's Lair 2 - Time Warp;Adventure / Action;Games:D/DragonsLair2/DragonsLair2.SlaveDragonsLair2.SlaveDragonsLair2.SlaveDragonsLair2.Slave;0;0;0;0
0;Dragon's Lair 3 - The Curse Of Mordread;Adventure / Action;Games:D/DragonsLair3/DragonsLair3.SlaveDragonsLair3.SlaveDragonsLair3.SlaveDragonsLair3.Slave;0;0;0;0
0;Dragonflight;RPG / Open World;Games:D/Dragonflight/Dragonflight.SlaveDragonflight.SlaveDragonflight.SlaveDragonflight.Slave;0;0;0;0
0;Dragonflight (French);RPG / Open World;Games:D/DragonflightFr/DragonflightFr.SlaveDragonflightFr.SlaveDragonflightFr.SlaveDragonflightFr.Slave;0;0;0;0
0;Dragonflight (German);RPG / Open World;Games:D/DragonflightDe/DragonflightDe.SlaveDragonflightDe.SlaveDragonflightDe.SlaveDragonflightDe.Slave;0;0;0;0
0;Dragons Breath;Strategy / Historical;Games:D/DragonsBreath/DragonsBreath.SlaveDragonsBreath.SlaveDragonsBreath.SlaveDragonsBreath.Slave;0;0;0;0
0;Dragons Breath (French);Strategy / Historical;Games:D/DragonsBreathFr/DragonsBreathFr.SlaveDragonsBreathFr.SlaveDragonsBreathFr.SlaveDragonsBreathFr.Slave;0;0;0;0
0;Dragons Breath (German);Strategy / Historical;Games:D/DragonsBreathDe/DragonsBreathDe.SlaveDragonsBreathDe.SlaveDragonsBreathDe.SlaveDragonsBreathDe.Slave;0;0;0;0
0;Dragons Breath (Italian);Strategy / Historical;Games:D/DragonsBreathIt/DragonsBreathIt.SlaveDragonsBreathIt.SlaveDragonsBreathIt.SlaveDragonsBreathIt.Slave;0;0;0;0
0;DragonScape;Action / Shooter / Multi Way;Games:D/DragonScape/DragonScape.slaveDragonScape.slaveDragonScape.slaveDragonScape.slave;0;0;0;0
0;Dragonstone;RPG / Open World;Games:D/Dragonstone/Dragonstone.SlaveDragonstone.SlaveDragonstone.SlaveDragonstone.Slave;0;0;0;0
0;Dragonstone (CD32);RPG / Open World;Games:D/DragonstoneCD32/DragonstoneCD32.slaveDragonstoneCD32.slaveDragonstoneCD32.slaveDragonstoneCD32.slave;0;0;0;0
0;DragonStrike (NTSC);Strategy / Battle / 2D;Games:D/DragonStrikeNTSC/DragonStrikeNTSC.SlaveDragonStrikeNTSC.SlaveDragonStrikeNTSC.SlaveDragonStrikeNTSC.Slave;0;0;0;0
0;Drakkhen (Files);RPG / Open World;Games:D/DrakkhenFiles/DrakkhenFiles.SlaveDrakkhenFiles.SlaveDrakkhenFiles.SlaveDrakkhenFiles.Slave;0;0;0;0
0;Drakkhen (Files) (French);RPG / Open World;Games:D/DrakkhenFilesFr/DrakkhenFilesFr.SlaveDrakkhenFilesFr.SlaveDrakkhenFilesFr.SlaveDrakkhenFilesFr.Slave;0;0;0;0
0;Drakkhen (Files) (German);RPG / Open World;Games:D/DrakkhenFilesDe/DrakkhenFilesDe.SlaveDrakkhenFilesDe.SlaveDrakkhenFilesDe.SlaveDrakkhenFilesDe.Slave;0;0;0;0
0;Drakkhen (Files) (NTSC);RPG / Open World;Games:D/DrakkhenFilesNTSC/DrakkhenFilesNTSC.SlaveDrakkhenFilesNTSC.SlaveDrakkhenFilesNTSC.SlaveDrakkhenFilesNTSC.Slave;0;0;0;0
0;Drakkhen (Image);RPG / Open World;Games:D/DrakkhenImage/DrakkhenImage.SlaveDrakkhenImage.SlaveDrakkhenImage.SlaveDrakkhenImage.Slave;0;0;0;0
0;Drakkhen (Image) (French);RPG / Open World;Games:D/DrakkhenImageFr/DrakkhenImageFr.SlaveDrakkhenImageFr.SlaveDrakkhenImageFr.SlaveDrakkhenImageFr.Slave;0;0;0;0
0;Drakkhen (Image) (German);RPG / Open World;Games:D/DrakkhenImageDe/DrakkhenImageDe.SlaveDrakkhenImageDe.SlaveDrakkhenImageDe.SlaveDrakkhenImageDe.Slave;0;0;0;0
0;Drakkhen (Image) (NTSC);RPG / Open World;Games:D/DrakkhenImageNTSC/DrakkhenImageNTSC.SlaveDrakkhenImageNTSC.SlaveDrakkhenImageNTSC.SlaveDrakkhenImageNTSC.Slave;0;0;0;0
0;Dream Zone;Adventure / Graphic;Games:D/DreamZone/DreamZone.SlaveDreamZone.SlaveDreamZone.SlaveDreamZone.Slave;0;0;0;0
0;DreamWeb;Adventure / Point & Click;Games:D/DreamWeb/DreamWeb.SlaveDreamWeb.SlaveDreamWeb.SlaveDreamWeb.Slave;0;0;0;0
0;DreamWeb (AGA);Adventure / Point & Click;Games:D/DreamWebAGA/DreamWebAGA.SlaveDreamWebAGA.SlaveDreamWebAGA.SlaveDreamWebAGA.Slave;0;0;0;0
0;DreamWeb (AGA) (German);Adventure / Point & Click;Games:D/DreamWebAGADe/DreamWebAGADe.SlaveDreamWebAGADe.SlaveDreamWebAGADe.SlaveDreamWebAGADe.Slave;0;0;0;0
0;DreamWeb (German);Adventure / Point & Click;Games:D/DreamWebDe/DreamWebDe.SlaveDreamWebDe.SlaveDreamWebDe.SlaveDreamWebDe.Slave;0;0;0;0
0;Driller;Adventure / 3D;Games:D/Driller/Driller.SlaveDriller.SlaveDriller.SlaveDriller.Slave;0;0;0;0
0;Drip (PD);Puzzle / 2D;Games:D/Drip/Drip.SlaveDrip.SlaveDrip.SlaveDrip.Slave;0;0;0;0
0;Drivin' Force;Racing / Car / Chase View;Games:D/DrivinForce/DrivinForce.SlaveDrivinForce.SlaveDrivinForce.SlaveDrivinForce.Slave;0;0;0;0
0;Duck Tales - The Quest for Gold;Action / Multi Level;Games:D/DuckTales/DuckTales.slaveDuckTales.slaveDuckTales.slaveDuckTales.slave;0;0;0;0
0;Dugger - Starring Herbie Stone;Maze / Digger;Games:D/Dugger/Dugger.SlaveDugger.SlaveDugger.SlaveDugger.Slave;0;0;0;0
0;Dune;Adventure / Graphic;Games:D/Dune/Dune.SlaveDune.SlaveDune.SlaveDune.Slave;0;0;0;0
0;Dune (French);Adventure / Graphic;Games:D/DuneFr/DuneFr.SlaveDuneFr.SlaveDuneFr.SlaveDuneFr.Slave;0;0;0;0
0;Dune (German);Adventure / Graphic;Games:D/DuneDe/DuneDe.SlaveDuneDe.SlaveDuneDe.SlaveDuneDe.Slave;0;0;0;0
0;Dune (Greek);Adventure / Graphic;Games:D/DuneGr/DuneGr.SlaveDuneGr.SlaveDuneGr.SlaveDuneGr.Slave;0;0;0;0
0;Dune (Italian);Adventure / Graphic;Games:D/DuneIt/DuneIt.SlaveDuneIt.SlaveDuneIt.SlaveDuneIt.Slave;0;0;0;0
0;Dune (Spanish);Adventure / Graphic;Games:D/DuneEs/DuneEs.SlaveDuneEs.SlaveDuneEs.SlaveDuneEs.Slave;0;0;0;0
0;Dune 2 - The Battle For Arrakis;Strategy / Battle / 2D;Games:D/Dune2/Dune2.SlaveDune2.SlaveDune2.SlaveDune2.Slave;0;0;0;0
0;Dungeon Master;RPG / Dungeon Crawler;Games:D/DungeonMaster/DungeonMaster.slaveDungeonMaster.slaveDungeonMaster.slaveDungeonMaster.slave;0;0;0;0
0;Dungeon Master 2 AGA;RPG / Dungeon Crawler;Games:D/DungeonMaster2AGA/DungeonMaster2AGA.SlaveDungeonMaster2AGA.SlaveDungeonMaster2AGA.SlaveDungeonMaster2AGA.Slave;0;0;0;0
0;Dungeon Quest;Adventure / Graphic;Games:D/DungeonQuest/DungeonQuest.SlaveDungeonQuest.SlaveDungeonQuest.SlaveDungeonQuest.Slave;0;0;0;0
0;Dungeons Of Avalon (Coverdisk);RPG / Dungeon Crawler;Games:D/DungeonsOfAvalon/DungeonsOfAvalon.SlaveDungeonsOfAvalon.SlaveDungeonsOfAvalon.SlaveDungeonsOfAvalon.Slave;0;0;0;0
0;Dungeons Of Avalon 2 - The Island Of Darkness (Coverdisk);RPG / Dungeon Crawler;Games:D/DungeonsOfAvalon2/DungeonsOfAvalon2.SlaveDungeonsOfAvalon2.SlaveDungeonsOfAvalon2.SlaveDungeonsOfAvalon2.Slave;0;0;0;0
0;Dux (Coverdisk);Action / Shooter / 2D;Games:D/Dux/Dux.SlaveDux.SlaveDux.SlaveDux.Slave;0;0;0;0
0;Dylan Dog - The Murderers;Adventure / Action;Games:D/DylanDogTheMurderers/DylanDogTheMurderers.slaveDylanDogTheMurderers.slaveDylanDogTheMurderers.slaveDylanDogTheMurderers.slave;0;0;0;0
0;Dyna Blaster;Maze / Bomb;Games:D/DynaBlaster/DynaBlaster.slaveDynaBlaster.slaveDynaBlaster.slaveDynaBlaster.slave;0;0;0;0
0;Dynamite Dux;Action / Fighter 2.5D;Games:D/DynamiteDux/DynamiteDux.SlaveDynamiteDux.SlaveDynamiteDux.SlaveDynamiteDux.Slave;0;0;0;0
0;Dynasty Wars;Action / Fighter 2.5D;Games:D/DynastyWars/DynastyWars.slaveDynastyWars.slaveDynastyWars.slaveDynastyWars.slave;0;0;0;0
0;Dyter-07;Action / Multi Level;Games:D/Dyter07/Dyter07.slaveDyter07.slaveDyter07.slaveDyter07.slave;0;0;0;0
0;E-Motion;Puzzle / 2D;Games:E/EMotion/EMotion.SlaveEMotion.SlaveEMotion.SlaveEMotion.Slave;0;0;0;0
0;E.T.'s Rugby League;Sport / Rugby;Games:E/ETsRugbyLeague/ETsRugbyLeague.SlaveETsRugbyLeague.SlaveETsRugbyLeague.SlaveETsRugbyLeague.Slave;0;0;0;0
0;Eagle's Rider;Action / Shooter / 3D;Games:E/EaglesRider/EaglesRider.slaveEaglesRider.slaveEaglesRider.slaveEaglesRider.slave;0;0;0;0
0;Earl Weaver Baseball;Sport / Baseball;Games:E/EarlWeaverBaseball/EarlWeaverBaseball.slaveEarlWeaverBaseball.slaveEarlWeaverBaseball.slaveEarlWeaverBaseball.slave;0;0;0;0
0;East vs. West - Berlin 1948;Adventure / Point & Click;Games:B/Berlin1948/Berlin1948.slaveBerlin1948.slaveBerlin1948.slaveBerlin1948.slave;0;0;0;0
0;East vs. West - Berlin 1948 (German);Adventure / Point & Click;Games:B/Berlin1948De/Berlin1948De.SlaveBerlin1948De.SlaveBerlin1948De.SlaveBerlin1948De.Slave;0;0;0;0
0;Ebonstar (NTSC);Action / Shooter / Multi Way;Games:E/EbonstarNTSC/EbonstarNTSC.SlaveEbonstarNTSC.SlaveEbonstarNTSC.SlaveEbonstarNTSC.Slave;0;0;0;0
0;Eco;Simulator / Life;Games:E/Eco/Eco.SlaveEco.SlaveEco.SlaveEco.Slave;0;0;0;0
0;Eco Phantoms;Adventure / 3D;Games:E/EcoPhantoms/EcoPhantoms.slaveEcoPhantoms.slaveEcoPhantoms.slaveEcoPhantoms.slave;0;0;0;0
0;Edd The Duck !;Platform / Action;Games:E/EddTheDuck/EddTheDuck.SlaveEddTheDuck.SlaveEddTheDuck.SlaveEddTheDuck.Slave;0;0;0;0
0;Edd the Duck 2 - Back with a Quack!;Platform / Action;Games:E/EddTheDuck2/EddTheDuck2.SlaveEddTheDuck2.SlaveEddTheDuck2.SlaveEddTheDuck2.Slave;0;0;0;0
0;Eddie Edwards Super Ski;Sport / Winter;Games:S/SuperSki/SuperSki.SlaveSuperSki.SlaveSuperSki.SlaveSuperSki.Slave;0;0;0;0
0;Eishockey Manager (German);Management / Sport;Games:E/EishockeyManagerDe/EishockeyManagerDe.SlaveEishockeyManagerDe.SlaveEishockeyManagerDe.SlaveEishockeyManagerDe.Slave;0;0;0;0
0;Eksperyment Delfin (Polish);Adventure / Point & Click;Games:E/EksperymentDelfinPl/EksperymentDelfinPl.SlaveEksperymentDelfinPl.SlaveEksperymentDelfinPl.SlaveEksperymentDelfinPl.Slave;0;0;0;0
0;Electronic Pool;Sport / Pool / Billiards;Games:E/ElectronicPool/ElectronicPool.slaveElectronicPool.slaveElectronicPool.slaveElectronicPool.slave;0;0;0;0
0;Elf (MicroValue);Action / Shooter / 2D;Games:E/ElfMicroValue/ElfMicroValue.SlaveElfMicroValue.SlaveElfMicroValue.SlaveElfMicroValue.Slave;0;0;0;0
0;Elf (Ocean);Platform / Action;Games:E/ElfOcean/ElfOcean.slaveElfOcean.slaveElfOcean.slaveElfOcean.slave;0;0;0;0
0;Elf (Ocean) (NTSC);Platform / Action;Games:E/ElfOceanNTSC/ElfOceanNTSC.SlaveElfOceanNTSC.SlaveElfOceanNTSC.SlaveElfOceanNTSC.Slave;0;0;0;0
0;Elfmania;Beat 'Em Up;Games:E/Elfmania/Elfmania.slaveElfmania.slaveElfmania.slaveElfmania.slave;0;0;0;0
0;Elfmania (512KB);Beat 'Em Up;Games:E/Elfmania512k/Elfmania512k.slaveElfmania512k.slaveElfmania512k.slaveElfmania512k.slave;0;0;0;0
0;Eliminator;Action / Shooter / 3D;Games:E/Eliminator/Eliminator.SlaveEliminator.SlaveEliminator.SlaveEliminator.Slave;0;0;0;0
0;Elite;Strategy / Space;Games:E/Elite/Elite.slaveElite.slaveElite.slaveElite.slave;0;0;0;0
0;Elite (Advanced);Strategy / Space;Games:E/EliteAdvanced/EliteAdvanced.SlaveEliteAdvanced.SlaveEliteAdvanced.SlaveEliteAdvanced.Slave;0;0;0;0
0;Elvira - Mistress of the Dark;Adventure / Point & Click;Games:E/Elvira/Elvira.SlaveElvira.SlaveElvira.SlaveElvira.Slave;0;0;0;0
0;Elvira - Mistress of the Dark (French);Adventure / Point & Click;Games:E/ElviraFr/ElviraFr.SlaveElviraFr.SlaveElviraFr.SlaveElviraFr.Slave;0;0;0;0
0;Elvira - Mistress of the Dark (German);Adventure / Point & Click;Games:E/ElviraDe/ElviraDe.SlaveElviraDe.SlaveElviraDe.SlaveElviraDe.Slave;0;0;0;0
0;Elvira - The Arcade Game;Action / Fighter 2D;Games:E/ElviraArcade/ElviraArcade.SlaveElviraArcade.SlaveElviraArcade.SlaveElviraArcade.Slave;0;0;0;0
0;Elvira 2 - The Jaws of Cerberus;Adventure / Point & Click;Games:E/Elvira2/Elvira2.SlaveElvira2.SlaveElvira2.SlaveElvira2.Slave;0;0;0;0
0;Elvira 2 - The Jaws of Cerberus (French);Adventure / Point & Click;Games:E/Elvira2Fr/Elvira2Fr.SlaveElvira2Fr.SlaveElvira2Fr.SlaveElvira2Fr.Slave;0;0;0;0
0;Elvira 2 - The Jaws of Cerberus (German);Adventure / Point & Click;Games:E/Elvira2De/Elvira2De.SlaveElvira2De.SlaveElvira2De.SlaveElvira2De.Slave;0;0;0;0
0;Elvira 2 - The Jaws of Cerberus (Italian);Adventure / Point & Click;Games:E/Elvira2It/Elvira2It.SlaveElvira2It.SlaveElvira2It.SlaveElvira2It.Slave;0;0;0;0
0;Elvira 2 - The Jaws of Cerberus (Spanish);Adventure / Point & Click;Games:E/Elvira2Es/Elvira2Es.SlaveElvira2Es.SlaveElvira2Es.SlaveElvira2Es.Slave;0;0;0;0
0;Embryo;Action / Shooter / 3D;Games:E/Embryo/Embryo.SlaveEmbryo.SlaveEmbryo.SlaveEmbryo.Slave;0;0;0;0
0;Embryo (German);Action / Shooter / 3D;Games:E/EmbryoDe/EmbryoDe.SlaveEmbryoDe.SlaveEmbryoDe.SlaveEmbryoDe.Slave;0;0;0;0
0;Emerald Mine;Maze / Digger;Games:E/EmeraldMine/EmeraldMine.slaveEmeraldMine.slaveEmeraldMine.slaveEmeraldMine.slave;0;0;0;0
0;Emerald Mine 2;Maze / Digger;Games:E/EmeraldMine2/EmeraldMine2.slaveEmeraldMine2.slaveEmeraldMine2.slaveEmeraldMine2.slave;0;0;0;0
0;Emerald Mine 3 Professional;Maze / Digger;Games:E/EmeraldMine3/EmeraldMine3.slaveEmeraldMine3.slaveEmeraldMine3.slaveEmeraldMine3.slave;0;0;0;0
0;Emerald Mines (CD-ROM);Maze / Digger;Games:E/EmeraldMinesCD/emeraldminecd.slaveemeraldminecd.slaveemeraldminecd.slaveemeraldminecd.slave;0;0;0;0
0;Emlyn Hughes International Soccer;Sport / Football / Soccer;Games:E/EmlynHughesIntlSoccer/EmlynHughesIntlSoccer.slaveEmlynHughesIntlSoccer.slaveEmlynHughesIntlSoccer.slaveEmlynHughesIntlSoccer.slave;0;0;0;0
0;Emmanuelle;Adventure / Adult;Games:E/Emmanuelle/Emmanuelle.SlaveEmmanuelle.SlaveEmmanuelle.SlaveEmmanuelle.Slave;0;0;0;0
0;Emmanuelle (French);Adventure / Adult;Games:E/EmmanuelleFr/EmmanuelleFr.SlaveEmmanuelleFr.SlaveEmmanuelleFr.SlaveEmmanuelleFr.Slave;0;0;0;0
0;Emmanuelle (German);Adventure / Adult;Games:E/EmmanuelleDe/EmmanuelleDe.SlaveEmmanuelleDe.SlaveEmmanuelleDe.SlaveEmmanuelleDe.Slave;0;0;0;0
0;Emmanuelle (Spanish);Adventure / Adult;Games:E/EmmanuelleEs/EmmanuelleEs.SlaveEmmanuelleEs.SlaveEmmanuelleEs.SlaveEmmanuelleEs.Slave;0;0;0;0
0;Empire Soccer 94;Sport / Football / Soccer;Games:E/EmpireSoccer94/EmpireSoccer94.SlaveEmpireSoccer94.SlaveEmpireSoccer94.SlaveEmpireSoccer94.Slave;0;0;0;0
0;Enchanted Land;Platform / Action;Games:E/EnchantedLand/EnchantedLand.SlaveEnchantedLand.SlaveEnchantedLand.SlaveEnchantedLand.Slave;0;0;0;0
0;Enemy - Tempest Of Violence;Adventure / Action;Games:E/EnemyTempestOfViolence/EnemyTempestOfViolence.SlaveEnemyTempestOfViolence.SlaveEnemyTempestOfViolence.SlaveEnemyTempestOfViolence.Slave;0;0;0;0
0;Enemy - Tempest Of Violence (Easy Play);Adventure / Action;Games:E/EnemyTOVEasyPlay/EnemyTOVEasyPlay.SlaveEnemyTOVEasyPlay.SlaveEnemyTOVEasyPlay.SlaveEnemyTOVEasyPlay.Slave;0;0;0;0
0;Enemy - Tempest Of Violence (Easy Play) (German);Adventure / Action;Games:E/EnemyTOVEasyPlayDe/EnemyTOVEasyPlayDe.SlaveEnemyTOVEasyPlayDe.SlaveEnemyTOVEasyPlayDe.SlaveEnemyTOVEasyPlayDe.Slave;0;0;0;0
0;Enemy - Tempest Of Violence (German);Adventure / Action;Games:E/EnemyTempestOfViolenceDe/EnemyTempestOfViolenceDe.SlaveEnemyTempestOfViolenceDe.SlaveEnemyTempestOfViolenceDe.SlaveEnemyTempestOfViolenceDe.Slave;0;0;0;0
0;Enemy 2 - Missing in Action;Adventure / Action;Games:E/Enemy2MissingInAction/Enemy2MissingInAction.SlaveEnemy2MissingInAction.SlaveEnemy2MissingInAction.SlaveEnemy2MissingInAction.Slave;0;0;0;0
0;Enemy 2 - Missing in Action (German);Adventure / Action;Games:E/Enemy2MissingInActionDe/Enemy2MissingInActionDe.SlaveEnemy2MissingInActionDe.SlaveEnemy2MissingInActionDe.SlaveEnemy2MissingInActionDe.Slave;0;0;0;0
0;Enforcer, The;Action / Shooter / Crosshair;Games:E/Enforcer/Enforcer.SlaveEnforcer.SlaveEnforcer.SlaveEnforcer.Slave;0;0;0;0
0;England Championship Special;Sport / Football / Soccer;Games:E/EnglandChampSpecial/EnglandChampSpecial.SlaveEnglandChampSpecial.SlaveEnglandChampSpecial.SlaveEnglandChampSpecial.Slave;0;0;0;0
0;Enlightenment - Druid II;Strategy / Action;Games:E/Enlightenment/Enlightenment.SlaveEnlightenment.SlaveEnlightenment.SlaveEnlightenment.Slave;0;0;0;0
0;Entity (Intro);Misc / Intro Disk;Games:E/Entity/Entity.slaveEntity.slaveEntity.slaveEntity.slave;0;0;0;0
0;Entity (Intro);Misc / Intro Disk;Games:E/Entity/Intro.slaveIntro.slaveIntro.slaveIntro.slave;0;0;0;0
0;Entity (No Intro);Action / Fighter 2D;Games:E/EntityNoIntro/EntityNoIntro.slaveEntityNoIntro.slaveEntityNoIntro.slaveEntityNoIntro.slave;0;0;0;0
0;Epic;Action / Shooter / 3D;Games:E/Epic/Epic.slaveEpic.slaveEpic.slaveEpic.slave;0;0;0;0
0;Epic& Mission Disk;Unknown;Games:E/Epic&MissionDisk/Epic&MissionDisk.slaveEpic&MissionDisk.slaveEpic&MissionDisk.slaveEpic&MissionDisk.slave;0;0;0;0
0;Erbe, Das (German);Adventure / Point & Click;Games:E/ErbeDe/ErbeDe.SlaveErbeDe.SlaveErbeDe.SlaveErbeDe.Slave;0;0;0;0
0;Erik;Platform / Action;Games:E/Erik/Erik.SlaveErik.SlaveErik.SlaveErik.Slave;0;0;0;0
0;Escape from Colditz;Adventure / Isometric;Games:E/EscapeFromColditz/EscapeFromColditz.SlaveEscapeFromColditz.SlaveEscapeFromColditz.SlaveEscapeFromColditz.Slave;0;0;0;0
0;Escape from the Planet of the Robot Monsters;Action / Shooter / Isometric;Games:E/EscapeFTPOTRobotMonsters/EscapeFTPOTRobotMonsters.slaveEscapeFTPOTRobotMonsters.slaveEscapeFTPOTRobotMonsters.slaveEscapeFTPOTRobotMonsters.slave;0;0;0;0
0;Eskadra (Polish);Action / Duel / Versus;Games:E/EskadraPl/EskadraPl.SlaveEskadraPl.SlaveEskadraPl.SlaveEskadraPl.Slave;0;0;0;0
0;Eskimo Games;Action / Multi Level;Games:E/EskimoGames/EskimoGames.SlaveEskimoGames.SlaveEskimoGames.SlaveEskimoGames.Slave;0;0;0;0
0;Espana The Games '92;Sport / Athletics;Games:E/EspanaTheGames92/EspanaTheGames92.SlaveEspanaTheGames92.SlaveEspanaTheGames92.SlaveEspanaTheGames92.Slave;0;0;0;0
0;ESS - European Space Simulator;Simulator / Space;Games:E/EuropeanSpaceSimulator/EuropeanSpaceSimulator.SlaveEuropeanSpaceSimulator.SlaveEuropeanSpaceSimulator.SlaveEuropeanSpaceSimulator.Slave;0;0;0;0
0;ESWAT;Unknown;Games:E/ESWAT/ESWAT.SlaveESWAT.SlaveESWAT.SlaveESWAT.Slave;0;0;0;0
0;Euro Soccer;Sport / Football / Soccer;Games:E/EuroSoccer/EuroSoccer.SlaveEuroSoccer.SlaveEuroSoccer.SlaveEuroSoccer.Slave;0;0;0;0
0;European Champions;Sport / Football / Soccer;Games:E/EuropeanChampionsOcean/EuropeanChampionsOcean.SlaveEuropeanChampionsOcean.SlaveEuropeanChampionsOcean.SlaveEuropeanChampionsOcean.Slave;0;0;0;0
0;European Championship 1992;Sport / Football / Soccer;Games:E/EuropeanChampionship1992/EuropeanChampionship1992.slaveEuropeanChampionship1992.slaveEuropeanChampionship1992.slaveEuropeanChampionship1992.slave;0;0;0;0
0;European Football Champ (Taito);Sport / Football / Soccer;Games:E/EuropeanFootballChamp/EuropeanFootballChamp.SlaveEuropeanFootballChamp.SlaveEuropeanFootballChamp.SlaveEuropeanFootballChamp.Slave;0;0;0;0
0;Evil Dawn;Action / Fighter 2D;Games:E/EvilDawn/EvilDawn.SlaveEvilDawn.SlaveEvilDawn.SlaveEvilDawn.Slave;0;0;0;0
0;Evil's Doom (Game Demo) (AGA);RPG / Dungeon Crawler;Games:E/EvilsDoomDemo/EvilsDoomDemo.SlaveEvilsDoomDemo.SlaveEvilsDoomDemo.SlaveEvilsDoomDemo.Slave;0;0;0;0
0;Excalibur;Action / Shooter / Horizontal;Games:E/Excalibur/Excalibur.SlaveExcalibur.SlaveExcalibur.SlaveExcalibur.Slave;0;0;0;0
0;Executioner, The;Reaction / Gravity;Games:E/Executioner/Executioner.SlaveExecutioner.SlaveExecutioner.SlaveExecutioner.Slave;0;0;0;0
0;Exile;Action / Shooter / Horizontal;Games:E/Exile/Exile.slaveExile.slaveExile.slaveExile.slave;0;0;0;0
0;Exile (AGA);Action / Shooter / Horizontal;Games:E/ExileAGA/ExileAGA.slaveExileAGA.slaveExileAGA.slaveExileAGA.slave;0;0;0;0
0;Exile (CD32);Action / Shooter / Horizontal;Games:E/ExileCD32/ExileCD32.slaveExileCD32.slaveExileCD32.slaveExileCD32.slave;0;0;0;0
0;Exodus 3010 - The First Chapter (German);Management / Space;Games:E/Exodus3010De/Exodus3010De.SlaveExodus3010De.SlaveExodus3010De.SlaveExodus3010De.Slave;0;0;0;0
0;Exolon;Action / Shooter / 2D;Games:E/Exolon/Exolon.SlaveExolon.SlaveExolon.SlaveExolon.Slave;0;0;0;0
0;Explora - Time Run (French);Adventure / Point & Click;Games:E/ExploraFr/ExploraFr.SlaveExploraFr.SlaveExploraFr.SlaveExploraFr.Slave;0;0;0;0
0;Explora 2 (French);Adventure / Point & Click;Games:E/Explora2Fr/Explora2Fr.SlaveExplora2Fr.SlaveExplora2Fr.SlaveExplora2Fr.Slave;0;0;0;0
0;Explora 3 - Sous le Signe du Serpent (French);Adventure / Point & Click;Games:E/Explora3Fr/Explora3Fr.SlaveExplora3Fr.SlaveExplora3Fr.SlaveExplora3Fr.Slave;0;0;0;0
0;Extase;Puzzle / 2D;Games:E/Extase/Extase.SlaveExtase.SlaveExtase.SlaveExtase.Slave;0;0;0;0
0;Exterminator;Action / Shooter / 3D;Games:E/Exterminator/Exterminator.slaveExterminator.slaveExterminator.slaveExterminator.slave;0;0;0;0
0;Extractors - The Hanging Worlds Of Zarg (Preview) (CD32);Platform / Puzzle;Games:E/ExtractorsPreviewCD32/ExtractorsPreviewCD32.slaveExtractorsPreviewCD32.slaveExtractorsPreviewCD32.slaveExtractorsPreviewCD32.slave;0;0;0;0
0;Extrial;Action / Shooter / Horizontal;Games:E/Extrial/Extrial.slaveExtrial.slaveExtrial.slaveExtrial.slave;0;0;0;0
0;Eye;Puzzle / 2D;Games:E/Eye/Eye.SlaveEye.SlaveEye.SlaveEye.Slave;0;0;0;0
0;Eye of Horus;Action / Fighter 2D;Games:E/EyeOfHorus/EyeOfHorus.SlaveEyeOfHorus.SlaveEyeOfHorus.SlaveEyeOfHorus.Slave;0;0;0;0
0;Eye Of The Beholder;RPG / Dungeon Crawler;Games:E/EyeOfTheBeholder/EyeOfTheBeholder.SlaveEyeOfTheBeholder.SlaveEyeOfTheBeholder.SlaveEyeOfTheBeholder.Slave;0;0;0;0
0;Eye Of The Beholder (German);RPG / Dungeon Crawler;Games:E/EyeOfTheBeholderDe/EyeOfTheBeholderDe.SlaveEyeOfTheBeholderDe.SlaveEyeOfTheBeholderDe.SlaveEyeOfTheBeholderDe.Slave;0;0;0;0
0;Eye Of The Beholder 2 - Legende Von Darkmoon (German);RPG / Dungeon Crawler;Games:E/EyeOfTheBeholder2De/EyeOfTheBeholder2De.SlaveEyeOfTheBeholder2De.SlaveEyeOfTheBeholder2De.SlaveEyeOfTheBeholder2De.Slave;0;0;0;0
0;Eye Of The Beholder 2 - The Legend Of Darkmoon;RPG / Dungeon Crawler;Games:E/EyeOfTheBeholder2/EyeOfTheBeholder2.SlaveEyeOfTheBeholder2.SlaveEyeOfTheBeholder2.SlaveEyeOfTheBeholder2.Slave;0;0;0;0
0;Eye Of The Storm (Intro);Misc / Intro Disk;Games:E/EyeOfTheStorm/EyeOfTheStorm.SlaveEyeOfTheStorm.SlaveEyeOfTheStorm.SlaveEyeOfTheStorm.Slave;0;0;0;0
0;Eye Of The Storm (Intro);Misc / Intro Disk;Games:E/EyeOfTheStorm/Intro.SlaveIntro.SlaveIntro.SlaveIntro.Slave;0;0;0;0
0;F-117A Nighthawk Stealth Fighter 2.0;Simulator / Plane / Combat;Games:F/F117ANightHawk/F117ANightHawk.slaveF117ANightHawk.slaveF117ANightHawk.slaveF117ANightHawk.slave;0;0;0;0
0;F-15 Strike Eagle 2;Simulator / Plane / Combat;Games:F/F15StrikeEagle2/F15StrikeEagle2.SlaveF15StrikeEagle2.SlaveF15StrikeEagle2.SlaveF15StrikeEagle2.Slave;0;0;0;0
0;F-16 Combat Pilot;Simulator / Plane / Combat;Games:F/F16CombatPilot/F16CombatPilot.slaveF16CombatPilot.slaveF16CombatPilot.slaveF16CombatPilot.slave;0;0;0;0
0;F-19 Stealth Fighter;Simulator / Plane / Combat;Games:F/F19StealthFighter/F19StealthFighter.slaveF19StealthFighter.slaveF19StealthFighter.slaveF19StealthFighter.slave;0;0;0;0
0;F-19 Stealth Fighter (NTSC);Simulator / Plane / Combat;Games:F/F19StealthFighterNTSC/F19StealthFighterNTSC.slaveF19StealthFighterNTSC.slaveF19StealthFighterNTSC.slaveF19StealthFighterNTSC.slave;0;0;0;0
0;F-29 Retaliator;Simulator / Plane / Combat;Games:F/F29Retaliator/F29Retaliator.SlaveF29Retaliator.SlaveF29Retaliator.SlaveF29Retaliator.Slave;0;0;0;0
0;F1;Racing / Car / Driver View;Games:F/F1/F1.slaveF1.slaveF1.slaveF1.slave;0;0;0;0
0;F1 Tornado;Simulator / Plane / Combat;Games:F/F1Tornado/F1Tornado.SlaveF1Tornado.SlaveF1Tornado.SlaveF1Tornado.Slave;0;0;0;0
0;F1 World Championship Edition;Racing / Car / Driver View;Games:F/F1WorldChampionshipEd/F1WorldChampionshipEd.slaveF1WorldChampionshipEd.slaveF1WorldChampionshipEd.slaveF1WorldChampionshipEd.slave;0;0;0;0
0;F17 Challenge;Racing / Car / Chase View;Games:F/F17Challenge/F17Challenge.SlaveF17Challenge.SlaveF17Challenge.SlaveF17Challenge.Slave;0;0;0;0
0;F40 Pursuit Simulator (NTSC);Racing / Car / Chase View;Games:F/F40PursuitSimulatorNTSC/F40PursuitSimulatorNTSC.slaveF40PursuitSimulatorNTSC.slaveF40PursuitSimulatorNTSC.slaveF40PursuitSimulatorNTSC.slave;0;0;0;0
0;FA-18 Interceptor;Simulator / Plane / Combat;Games:F/FA18Interceptor/FA18Interceptor.slaveFA18Interceptor.slaveFA18Interceptor.slaveFA18Interceptor.slave;0;0;0;0
0;Face Off;Unknown;Games:F/FaceOff/FaceOff.SlaveFaceOff.SlaveFaceOff.SlaveFaceOff.Slave;0;0;0;0
0;Faery Tale Adventure, The;RPG / Open World;Games:F/FaeryTaleAdventure/FaeryTaleAdventure.slaveFaeryTaleAdventure.slaveFaeryTaleAdventure.slaveFaeryTaleAdventure.slave;0;0;0;0
0;Falcon;Simulator / Plane / Combat;Games:F/Falcon/Falcon.slaveFalcon.slaveFalcon.slaveFalcon.slave;0;0;0;0
0;Falcon - Operation Firefight;Simulator / Plane / Combat;Games:F/Falcon&MissionDisks/Falcon&MissionDisks.slaveFalcon&MissionDisks.slaveFalcon&MissionDisks.slaveFalcon&MissionDisks.slave;0;0;0;0
0;Falcon - Operation Firefight (NTSC);Simulator / Plane / Combat;Games:F/Falcon&MissionDisksNTSC/Falcon&MissionDisksNTSC.slaveFalcon&MissionDisksNTSC.slaveFalcon&MissionDisksNTSC.slaveFalcon&MissionDisksNTSC.slave;0;0;0;0
0;Falcon (CDTV);Simulator / Plane / Combat;Games:F/FalconCDTV/FalconCDTV.slaveFalconCDTV.slaveFalconCDTV.slaveFalconCDTV.slave;0;0;0;0
0;Falcon (NTSC);Simulator / Plane / Combat;Games:F/FalconNTSC/FalconNTSC.slaveFalconNTSC.slaveFalconNTSC.slaveFalconNTSC.slave;0;0;0;0
0;Fallen Angel;Action / Fighter 2D;Games:F/FallenAngel/FallenAngel.SlaveFallenAngel.SlaveFallenAngel.SlaveFallenAngel.Slave;0;0;0;0
0;Fantastic Dizzy;Platform / Puzzle;Games:F/FantasticDizzy/FantasticDizzy.slaveFantasticDizzy.slaveFantasticDizzy.slaveFantasticDizzy.slave;0;0;0;0
0;Fantastic Dizzy (AGA);Platform / Puzzle;Games:F/FantasticDizzyAGA/FantasticDizzyAGA.slaveFantasticDizzyAGA.slaveFantasticDizzyAGA.slaveFantasticDizzyAGA.slave;0;0;0;0
0;Fantastic Voyage;Action / Shooter / Horizontal;Games:F/FantasticVoyage/FantasticVoyage.slaveFantasticVoyage.slaveFantasticVoyage.slaveFantasticVoyage.slave;0;0;0;0
0;Fantastic Voyage (CDTV);Action / Shooter / Horizontal;Games:F/FantasticVoyageCDTV/FantasticVoyageCDTV.slaveFantasticVoyageCDTV.slaveFantasticVoyageCDTV.slaveFantasticVoyageCDTV.slave;0;0;0;0
0;Fantasy Flyer;Action / Shooter / 2D;Games:F/FantasyFlyer/FantasyFlyer.SlaveFantasyFlyer.SlaveFantasyFlyer.SlaveFantasyFlyer.Slave;0;0;0;0
0;Fantasy Flyer (AGA);Action / Shooter / 2D;Games:F/FantasyFlyerAGA/FantasyFlyerAGA.SlaveFantasyFlyerAGA.SlaveFantasyFlyerAGA.SlaveFantasyFlyerAGA.Slave;0;0;0;0
0;Fantasy World Dizzy;Platform / Puzzle;Games:F/FantasyWorldDizzy/FantasyWorldDizzy.SlaveFantasyWorldDizzy.SlaveFantasyWorldDizzy.SlaveFantasyWorldDizzy.Slave;0;0;0;0
0;Fascination;Adventure / Graphic;Games:F/Fascination/Fascination.SlaveFascination.SlaveFascination.SlaveFascination.Slave;0;0;0;0
0;Fascination (French);Adventure / Graphic;Games:F/FascinationFr/FascinationFr.SlaveFascinationFr.SlaveFascinationFr.SlaveFascinationFr.Slave;0;0;0;0
0;Fascination (German);Adventure / Graphic;Games:F/FascinationDe/FascinationDe.SlaveFascinationDe.SlaveFascinationDe.SlaveFascinationDe.Slave;0;0;0;0
0;Fascination (Italian);Adventure / Graphic;Games:F/FascinationIt/FascinationIt.SlaveFascinationIt.SlaveFascinationIt.SlaveFascinationIt.Slave;0;0;0;0
0;Fascination (Spanish);Adventure / Graphic;Games:F/FascinationEs/FascinationEs.SlaveFascinationEs.SlaveFascinationEs.SlaveFascinationEs.Slave;0;0;0;0
0;Fast Brain (PD) (Polish);Puzzle / 2D;Games:F/FastBrainPl/FastBrainPl.slaveFastBrainPl.slaveFastBrainPl.slaveFastBrainPl.slave;0;0;0;0
0;Fast Break;Sport / Basketball;Games:F/FastBreak/FastBreak.SlaveFastBreak.SlaveFastBreak.SlaveFastBreak.Slave;0;0;0;0
0;Fast Food;Maze / 2D;Games:F/FastFood/FastFood.SlaveFastFood.SlaveFastFood.SlaveFastFood.Slave;0;0;0;0
0;Fast Food (Dizzy Collection);Maze / 2D;Games:F/FastFoodDizzyCollection/FastFoodDizzyCollection.SlaveFastFoodDizzyCollection.SlaveFastFoodDizzyCollection.SlaveFastFoodDizzyCollection.Slave;0;0;0;0
0;Fast Lane! - The Spice Engineering Challenge;Racing / Car / Driver View;Games:F/FastLane/FastLane.SlaveFastLane.SlaveFastLane.SlaveFastLane.Slave;0;0;0;0
0;Fatal Heritage (German);Adventure / Point & Click;Games:F/FatalHeritageDe/FatalHeritageDe.SlaveFatalHeritageDe.SlaveFatalHeritageDe.SlaveFatalHeritageDe.Slave;0;0;0;0
0;Fatal Mission (PD);Action / Shooter / Horizontal;Games:F/FatalMission/FatalMission.slaveFatalMission.slaveFatalMission.slaveFatalMission.slave;0;0;0;0
0;Fate - Gates of Dawn;RPG / Dungeon Crawler;Games:F/FateGatesOfDawn/FateGatesofDawn.slaveFateGatesofDawn.slaveFateGatesofDawn.slaveFateGatesofDawn.slave;0;0;0;0
0;Fate - Gates of Dawn (German);RPG / Dungeon Crawler;Games:F/FateGatesOfDawnDe/FateGatesofDawnDe.slaveFateGatesofDawnDe.slaveFateGatesofDawnDe.slaveFateGatesofDawnDe.slave;0;0;0;0
0;Fate - Gates of Dawn (Uncensored);RPG / Dungeon Crawler;Games:F/FateGatesOfDawnUncensored/FateGatesofDawnUncensored.slaveFateGatesofDawnUncensored.slaveFateGatesofDawnUncensored.slaveFateGatesofDawnUncensored.slave;0;0;0;0
0;Fatman - The Caped Consumer;Platform / Action;Games:F/FatmanCapedConsumer/FatmanCapedConsumer.SlaveFatmanCapedConsumer.SlaveFatmanCapedConsumer.SlaveFatmanCapedConsumer.Slave;0;0;0;0
0;Fatman - The Caped Consumer (AGA);Platform / Action;Games:F/FatmanCapedConsumerAGA/FatmanCapedConsumerAGA.SlaveFatmanCapedConsumerAGA.SlaveFatmanCapedConsumerAGA.SlaveFatmanCapedConsumerAGA.Slave;0;0;0;0
0;Fears (AGA);Action / FPS;Games:F/FearsAGA/FearsAGA.slaveFearsAGA.slaveFearsAGA.slaveFearsAGA.slave;0;0;0;0
0;Fears (CD32);Action / FPS;Games:F/FearsCD32/FearsCD32.SlaveFearsCD32.SlaveFearsCD32.SlaveFearsCD32.Slave;0;0;0;0
0;Fears (Censored) (AGA);Action / FPS;Games:F/FearsAGACensored/FearsAGACensored.slaveFearsAGACensored.slaveFearsAGACensored.slaveFearsAGACensored.slave;0;0;0;0
0;Federation Of Free Traders;Strategy / Space;Games:F/FederationOfFreeTraders/FederationOfFreeTraders.slaveFederationOfFreeTraders.slaveFederationOfFreeTraders.slaveFederationOfFreeTraders.slave;0;0;0;0
0;Federation Quest 1 - B.S.S. Jane Seymour;RPG / Dungeon Crawler;Games:B/BSSJaneSeymour/BSSJaneSeymour.slaveBSSJaneSeymour.slaveBSSJaneSeymour.slaveBSSJaneSeymour.slave;0;0;0;0
0;Femme Fatale;Puzzle / Adult;Games:F/FemmeFatale/FemmeFatale.SlaveFemmeFatale.SlaveFemmeFatale.SlaveFemmeFatale.Slave;0;0;0;0
0;Femme Fatale & Data Disks;Puzzle / Adult;Games:F/FemmeFatale&DataDisks/FemmeFatale&DataDisks.SlaveFemmeFatale&DataDisks.SlaveFemmeFatale&DataDisks.SlaveFemmeFatale&DataDisks.Slave;0;0;0;0
0;Fernandez Must Die;Action / Shooter / Vertical;Games:F/FernandezMustDie/FernandezMustDie.SlaveFernandezMustDie.SlaveFernandezMustDie.SlaveFernandezMustDie.Slave;0;0;0;0
0;Ferrari Formula One;Racing / Car / Driver View;Games:F/FerrariFormulaOne/FerrariFormulaOne.slaveFerrariFormulaOne.slaveFerrariFormulaOne.slaveFerrariFormulaOne.slave;0;0;0;0
0;Fetiche Maya, Le (Fast Mem) (French);Adventure / Action;Games:M/MayaFastFr/MayaFastFr.slaveMayaFastFr.slaveMayaFastFr.slaveMayaFastFr.slave;0;0;0;0
0;Fetiche Maya, Le (French);Adventure / Action;Games:M/MayaFr/MayaFr.SlaveMayaFr.SlaveMayaFr.SlaveMayaFr.Slave;0;0;0;0
0;Feud;Action / Duel / Versus;Games:F/Feud/Feud.SlaveFeud.SlaveFeud.SlaveFeud.Slave;0;0;0;0
0;Feudal Lords;Strategy / Historical;Games:F/FeudalLords/FeudalLords.SlaveFeudalLords.SlaveFeudalLords.SlaveFeudalLords.Slave;0;0;0;0
0;Fiendish Freddy's Big Top 'o Fun;Action / Carnival;Games:F/FiendishFreddysBigTopOFun/FiendishFreddysBigTopOFun.slaveFiendishFreddysBigTopOFun.slaveFiendishFreddysBigTopOFun.slaveFiendishFreddysBigTopOFun.slave;0;0;0;0
0;FIFA International Soccer;Sport / Football / Soccer;Games:F/FIFAInternationalSoccer/FIFAInternationalSoccer.slaveFIFAInternationalSoccer.slaveFIFAInternationalSoccer.slaveFIFAInternationalSoccer.slave;0;0;0;0
0;Fighter Bomber;Simulator / Plane / Combat;Games:F/FighterBomber/FighterBomber.slaveFighterBomber.slaveFighterBomber.slaveFighterBomber.slave;0;0;0;0
0;Fighter Bomber - Advanced Missions;Simulator / Plane / Combat;Games:F/FighterBomberAM/FighterBomberAM.slaveFighterBomberAM.slaveFighterBomberAM.slaveFighterBomberAM.slave;0;0;0;0
0;Fighter Duel Pro (NTSC);Simulator / Plane / Combat;Games:F/FighterDuelProNTSC/FighterDuelProNTSC.SlaveFighterDuelProNTSC.SlaveFighterDuelProNTSC.SlaveFighterDuelProNTSC.Slave;0;0;0;0
0;Fightin' Spirit;Beat 'Em Up;Games:F/FightinSpirit/FightinSpirit.slaveFightinSpirit.slaveFightinSpirit.slaveFightinSpirit.slave;0;0;0;0
0;Fightin' Spirit (AGA);Beat 'Em Up;Games:F/FightinSpiritAGA/FightinSpiritAGA.SlaveFightinSpiritAGA.SlaveFightinSpiritAGA.SlaveFightinSpiritAGA.Slave;0;0;0;0
0;Fightin' Spirit (CD32);Beat 'Em Up;Games:F/FightinSpiritCD32/FightinSpiritCD32.slaveFightinSpiritCD32.slaveFightinSpiritCD32.slaveFightinSpiritCD32.slave;0;0;0;0
0;Fighting Soccer (NTSC);Sport / Football / Soccer;Games:F/FightingSoccerNTSC/FightingSoccerNTSC.slaveFightingSoccerNTSC.slaveFightingSoccerNTSC.slaveFightingSoccerNTSC.slave;0;0;0;0
0;Final Assault;Sport / Winter;Games:F/FinalAssault/FinalAssault.slaveFinalAssault.slaveFinalAssault.slaveFinalAssault.slave;0;0;0;0
0;Final Assault (NTSC);Sport / Winter;Games:F/FinalAssaultNTSC/FinalAssaultNTSC.slaveFinalAssaultNTSC.slaveFinalAssaultNTSC.slaveFinalAssaultNTSC.slave;0;0;0;0
0;Final Battle, The;Adventure / Graphic;Games:F/FinalBattle/FinalBattle.SlaveFinalBattle.SlaveFinalBattle.SlaveFinalBattle.Slave;0;0;0;0
0;Final Battle, The (French);Adventure / Isometric;Games:F/FinalBattleFr/FinalBattleFr.SlaveFinalBattleFr.SlaveFinalBattleFr.SlaveFinalBattleFr.Slave;0;0;0;0
0;Final Battle, The (German);Adventure / Isometric;Games:F/FinalBattleDe/FinalBattleDe.slaveFinalBattleDe.slaveFinalBattleDe.slaveFinalBattleDe.slave;0;0;0;0
0;Final Blow;Sport / Boxing;Games:F/FinalBlow/FinalBlow.SlaveFinalBlow.SlaveFinalBlow.SlaveFinalBlow.Slave;0;0;0;0
0;Final Command;Adventure / Point & Click;Games:F/FinalCommand/FinalCommand.SlaveFinalCommand.SlaveFinalCommand.SlaveFinalCommand.Slave;0;0;0;0
0;Final Command (French);Adventure / Point & Click;Games:F/FinalCommandFr/FinalCommandFr.SlaveFinalCommandFr.SlaveFinalCommandFr.SlaveFinalCommandFr.Slave;0;0;0;0
0;Final Countdown;Platform / Puzzle;Games:F/FinalCountdown/FinalCountdown.SlaveFinalCountdown.SlaveFinalCountdown.SlaveFinalCountdown.Slave;0;0;0;0
0;Final Fight;Action / Fighter 2.5D;Games:F/FinalFight/FinalFight.SlaveFinalFight.SlaveFinalFight.SlaveFinalFight.Slave;0;0;0;0
0;Final Fight (512KB);Action / Fighter 2.5D;Games:F/FinalFight512k/FinalFight512k.slaveFinalFight512k.slaveFinalFight512k.slaveFinalFight512k.slave;0;0;0;0
0;Fire & Brimstone;Action / Fighter 2D;Games:F/FireAndBrimstone/FireAndBrimstone.SlaveFireAndBrimstone.SlaveFireAndBrimstone.SlaveFireAndBrimstone.Slave;0;0;0;0
0;Fire And Forget;Action / Shooter / Vehicle;Games:F/Fire&Forget/Fire&Forget.SlaveFire&Forget.SlaveFire&Forget.SlaveFire&Forget.Slave;0;0;0;0
0;Fire And Forget II - The Death Convoy;Action / Shooter / Vehicle;Games:F/Fire&Forget2/Fire&Forget2.SlaveFire&Forget2.SlaveFire&Forget2.SlaveFire&Forget2.Slave;0;0;0;0
0;Fire And Ice - The Daring Adventures Of Cool Coyote;Platform / Action;Games:F/FireAndIce/FireAndIce.slaveFireAndIce.slaveFireAndIce.slaveFireAndIce.slave;0;0;0;0
0;Fire And Ice - The Daring Adventures Of Cool Coyote (CD32;Platform / Action;Games:F/FireAndIceCD32/FireAndIceCD32.slaveFireAndIceCD32.slaveFireAndIceCD32.slaveFireAndIceCD32.slave;0;0;0;0
0;Fire And Ice - Xmas Edition (Coverdisk);Platform / Action;Games:F/Fire&IceXmasDemo/Fire&IceXmasDemo.SlaveFire&IceXmasDemo.SlaveFire&IceXmasDemo.SlaveFire&IceXmasDemo.Slave;0;0;0;0
0;Fire Force;Action / Shooter / 2D;Games:F/FireForce/FireForce.slaveFireForce.slaveFireForce.slaveFireForce.slave;0;0;0;0
0;Fire Power;Action / Duel / Versus;Games:F/Firepower/Firepower.SlaveFirepower.SlaveFirepower.SlaveFirepower.Slave;0;0;0;0
0;Fire!;Action / Shooter / Horizontal;Games:F/Fire!/Fire!.SlaveFire!.SlaveFire!.SlaveFire!.Slave;0;0;0;0
0;Fireblaster;Action / Shooter / Vertical;Games:F/Fireblaster/Fireblaster.SlaveFireblaster.SlaveFireblaster.SlaveFireblaster.Slave;0;0;0;0
0;Fireforce (CD32);Action / Shooter / 2D;Games:F/FireForceCD32/FireForceCD32.slaveFireForceCD32.slaveFireForceCD32.slaveFireForceCD32.slave;0;0;0;0
0;Firehawk;Action / Shooter / Multi Way;Games:F/Firehawk/FireHawk.SlaveFireHawk.SlaveFireHawk.SlaveFireHawk.Slave;0;0;0;0
0;Firestar;Action / Shooter / Crosshair;Games:F/Firestar/Firestar.SlaveFirestar.SlaveFirestar.SlaveFirestar.Slave;0;0;0;0
0;First Contact;Action / Shooter / Multi Way;Games:F/FirstContact/FirstContact.SlaveFirstContact.SlaveFirstContact.SlaveFirstContact.Slave;0;0;0;0
0;First Samurai, The;Platform / Action;Games:F/FirstSamurai/FirstSamurai.SlaveFirstSamurai.SlaveFirstSamurai.SlaveFirstSamurai.Slave;0;0;0;0
0;First Samurai, The (A1200);Action / Shooter / 2D;Games:F/FirstSamuraiA1200Version/FirstSamuraiA1200Version.SlaveFirstSamuraiA1200Version.SlaveFirstSamuraiA1200Version.SlaveFirstSamuraiA1200Version.Slave;0;0;0;0
0;Fish (Magnetic Scrolls Vol. I);Adventure / Text;Games:F/Fish/Fish.SlaveFish.SlaveFish.SlaveFish.Slave;0;0;0;0
0;Fist Fighter;Beat 'Em Up;Games:F/FistFighter/FistFighter.slaveFistFighter.slaveFistFighter.slaveFistFighter.slave;0;0;0;0
0;Five-A-Side Soccer;Sport / Football / Soccer;Games:F/FiveASideSoccer/FiveASideSoccer.SlaveFiveASideSoccer.SlaveFiveASideSoccer.SlaveFiveASideSoccer.Slave;0;0;0;0
0;Flaschbier - Flaschbier 2 (No Intro) (PD);Maze / 2D;Games:F/FlaschbierNoIntro/FlaschbierNoIntro.SlaveFlaschbierNoIntro.SlaveFlaschbierNoIntro.SlaveFlaschbierNoIntro.Slave;0;0;0;0
0;Flaschbier - Flaschbier 2 (PD);Maze / 2D;Games:F/Flaschbier/Flaschbier.SlaveFlaschbier.SlaveFlaschbier.SlaveFlaschbier.Slave;0;0;0;0
0;Flashback;Adventure / Action;Games:F/Flashback/Flashback.slaveFlashback.slaveFlashback.slaveFlashback.slave;0;0;0;0
0;Flashback (Czech);Adventure / Action;Games:F/FlashbackCz/FlashbackCz.slaveFlashbackCz.slaveFlashbackCz.slaveFlashbackCz.slave;0;0;0;0
0;Flashback (French);Adventure / Action;Games:F/FlashbackFr/FlashbackFr.slaveFlashbackFr.slaveFlashbackFr.slaveFlashbackFr.slave;0;0;0;0
0;Flashback (German);Adventure / Action;Games:F/FlashbackDe/FlashbackDe.slaveFlashbackDe.slaveFlashbackDe.slaveFlashbackDe.slave;0;0;0;0
0;Flashback (Italian);Adventure / Action;Games:F/FlashbackIt/FlashbackIt.slaveFlashbackIt.slaveFlashbackIt.slaveFlashbackIt.slave;0;0;0;0
0;Flashback (Low Mem);Adventure / Action;Games:F/FlashbackLowMem/FlashbackLowMem.slaveFlashbackLowMem.slaveFlashbackLowMem.slaveFlashbackLowMem.slave;0;0;0;0
0;Flashback (Low Mem) (Czech);Adventure / Action;Games:F/FlashbackLowMemCz/FlashbackLowMemCz.slaveFlashbackLowMemCz.slaveFlashbackLowMemCz.slaveFlashbackLowMemCz.slave;0;0;0;0
0;Flashback (Low Mem) (French);Adventure / Action;Games:F/FlashbackLowMemFr/FlashbackLowMemFr.slaveFlashbackLowMemFr.slaveFlashbackLowMemFr.slaveFlashbackLowMemFr.slave;0;0;0;0
0;Flashback (Low Mem) (German);Adventure / Action;Games:F/FlashbackLowMemDe/FlashbackLowMemDe.slaveFlashbackLowMemDe.slaveFlashbackLowMemDe.slaveFlashbackLowMemDe.slave;0;0;0;0
0;Flashback (Low Mem) (Italian);Adventure / Action;Games:F/FlashbackLowMemIt/FlashbackLowMemIt.slaveFlashbackLowMemIt.slaveFlashbackLowMemIt.slaveFlashbackLowMemIt.slave;0;0;0;0
0;Flashback (Low Mem) (Polish);Adventure / Action;Games:F/FlashbackLowMemPl/FlashbackLowMemPl.slaveFlashbackLowMemPl.slaveFlashbackLowMemPl.slaveFlashbackLowMemPl.slave;0;0;0;0
0;Flashback (Polish);Adventure / Action;Games:F/FlashbackPl/FlashbackPl.slaveFlashbackPl.slaveFlashbackPl.slaveFlashbackPl.slave;0;0;0;0
0;Flies - Attack On Earth (German);Adventure / Graphic;Games:F/FliesAttackOnEarthDe/FliesAttackOnEarthDe.SlaveFliesAttackOnEarthDe.SlaveFliesAttackOnEarthDe.SlaveFliesAttackOnEarthDe.Slave;0;0;0;0
0;Flight Of The Amazon Queen;Adventure / Point & Click;Games:F/FlightOfTheAmazonQueen/FlightOfTheAmazonQueen.slaveFlightOfTheAmazonQueen.slaveFlightOfTheAmazonQueen.slaveFlightOfTheAmazonQueen.slave;0;0;0;0
0;Flight Of The Intruder;Simulator / Plane / Vietnam;Games:F/FlightOfTheIntruder/FlightOfTheIntruder.SlaveFlightOfTheIntruder.SlaveFlightOfTheIntruder.SlaveFlightOfTheIntruder.Slave;0;0;0;0
0;Flight Path 737;Simulator / Plane;Games:F/FlightPath737/FlightPath737.SlaveFlightPath737.SlaveFlightPath737.SlaveFlightPath737.Slave;0;0;0;0
0;Flight Simulator II;Simulator / Plane;Games:F/FlightSimulator2/FlightSimulator2.SlaveFlightSimulator2.SlaveFlightSimulator2.SlaveFlightSimulator2.Slave;0;0;0;0
0;Flight Simulator II & Hawaiian Odyssey;Simulator / Plane;Games:F/FlightSimulator2&Hawaiian/FlightSim2&Hawaiian.SlaveFlightSim2&Hawaiian.SlaveFlightSim2&Hawaiian.SlaveFlightSim2&Hawaiian.Slave;0;0;0;0
0;Flight Simulator II & Scenery Disk 07 (Washington);Simulator / Plane;Games:F/FlightSim2&SceneryDisk07/FlightSim2&SceneryDisk07.SlaveFlightSim2&SceneryDisk07.SlaveFlightSim2&SceneryDisk07.SlaveFlightSim2&SceneryDisk07.Slave;0;0;0;0
0;Flight Simulator II & Scenery Disk 09 (Chicago);Simulator / Plane;Games:F/FlightSim2&SceneryDisk09/FlightSim2&SceneryDisk09.SlaveFlightSim2&SceneryDisk09.SlaveFlightSim2&SceneryDisk09.SlaveFlightSim2&SceneryDisk09.Slave;0;0;0;0
0;Flight Simulator II & Scenery Disk 11 (Detroit);Simulator / Plane;Games:F/FlightSim2&SceneryDisk11/FlightSim2&SceneryDisk11.SlaveFlightSim2&SceneryDisk11.SlaveFlightSim2&SceneryDisk11.SlaveFlightSim2&SceneryDisk11.Slave;0;0;0;0
0;Flight Simulator II & Scenery Disk 12 (New York);Simulator / Plane;Games:F/FlightSim2&SceneryDisk12/FlightSim2&SceneryDisk12.SlaveFlightSim2&SceneryDisk12.SlaveFlightSim2&SceneryDisk12.SlaveFlightSim2&SceneryDisk12.Slave;0;0;0;0
0;Flight Simulator II & Scenery Disk 13 (Japan);Simulator / Plane;Games:F/FlightSim2&SceneryDisk13/FlightSim2&SceneryDisk13.SlaveFlightSim2&SceneryDisk13.SlaveFlightSim2&SceneryDisk13.SlaveFlightSim2&SceneryDisk13.Slave;0;0;0;0
0;Flight Simulator II & Scenery Disk 14 (Europe);Simulator / Plane;Games:F/FlightSim2&SceneryDisk14/FlightSim2&SceneryDisk14.SlaveFlightSim2&SceneryDisk14.SlaveFlightSim2&SceneryDisk14.SlaveFlightSim2&SceneryDisk14.Slave;0;0;0;0
0;Flimbo's Quest;Platform / Action;Games:F/FlimbosQuest/FlimbosQuest.slaveFlimbosQuest.slaveFlimbosQuest.slaveFlimbosQuest.slave;0;0;0;0
0;Flink (The Misadventures Of) (CD32);Platform / Action;Games:F/FlinkCD32/FlinkCD32.SlaveFlinkCD32.SlaveFlinkCD32.SlaveFlinkCD32.Slave;0;0;0;0
0;Flintstones, The;Action / Multi Level;Games:F/Flintstones/Flintstones.SlaveFlintstones.SlaveFlintstones.SlaveFlintstones.Slave;0;0;0;0
0;Flip Flop;Tabletop / Board Game;Games:F/FlipFlop/FlipFlop.SlaveFlipFlop.SlaveFlipFlop.SlaveFlipFlop.Slave;0;0;0;0
0;Flip-it & Magnose - Water Carriers From Mars;Platform / Puzzle;Games:F/Flipit&Magnose/Flipit&Magnose.slaveFlipit&Magnose.slaveFlipit&Magnose.slaveFlipit&Magnose.slave;0;0;0;0
0;Flood;Platform / Action;Games:F/Flood/Flood.SlaveFlood.SlaveFlood.SlaveFlood.Slave;0;0;0;0
0;Floor 13;Adventure / Graphic;Games:F/Floor13/Floor13.SlaveFloor13.SlaveFloor13.SlaveFloor13.Slave;0;0;0;0
0;Flucht Aus Colditz (German);Adventure / Isometric;Games:F/FluchtAusColditzDe/FluchtAusColditzDe.SlaveFluchtAusColditzDe.SlaveFluchtAusColditzDe.SlaveFluchtAusColditzDe.Slave;0;0;0;0
0;Flug Der Amazon Queen (German);Adventure / Point & Click;Games:F/FlugDerAmazonQueenDe/FlugDerAmazonQueenDe.slaveFlugDerAmazonQueenDe.slaveFlugDerAmazonQueenDe.slaveFlugDerAmazonQueenDe.slave;0;0;0;0
0;Fly Fighter;Action / Fighter 2D;Games:F/FlyFighter/FlyFighter.SlaveFlyFighter.SlaveFlyFighter.SlaveFlyFighter.Slave;0;0;0;0
0;Fly Harder;Reaction / Gravity;Games:F/FlyHarder/FlyHarder.slaveFlyHarder.slaveFlyHarder.slaveFlyHarder.slave;0;0;0;0
0;Fly Harder (CD32);Reaction / Gravity;Games:F/FlyHarderCD32/FlyHarderCD32.slaveFlyHarderCD32.slaveFlyHarderCD32.slaveFlyHarderCD32.slave;0;0;0;0
0;Flying Shark;Action / Shooter / Vertical;Games:F/FlyingShark/FlyingShark.SlaveFlyingShark.SlaveFlyingShark.SlaveFlyingShark.Slave;0;0;0;0
0;Fool's Errand, The;Puzzle / 2D;Games:F/FoolsErrand/FoolsErrand.SlaveFoolsErrand.SlaveFoolsErrand.SlaveFoolsErrand.Slave;0;0;0;0
0;Football Glory;Sport / Football / Soccer;Games:F/FootballGlory/FootballGlory.SlaveFootballGlory.SlaveFootballGlory.SlaveFootballGlory.Slave;0;0;0;0
0;Football Glory (AGA);Sport / Football / Soccer;Games:F/FootballGloryAGA/FootballGloryAGA.SlaveFootballGloryAGA.SlaveFootballGloryAGA.SlaveFootballGloryAGA.Slave;0;0;0;0
0;Football Manager - World Cup Edition;Management / Sport;Games:F/FootballManagerWCEd/FootballManagerWCEd.SlaveFootballManagerWCEd.SlaveFootballManagerWCEd.SlaveFootballManagerWCEd.Slave;0;0;0;0
0;Football Manager - World Cup Edition (German);Management / Sport;Games:F/FootballManagerWCEdDe/FootballManagerWCEdDe.SlaveFootballManagerWCEdDe.SlaveFootballManagerWCEdDe.SlaveFootballManagerWCEdDe.Slave;0;0;0;0
0;Football Manager 2;Management / Sport;Games:F/FootballManager2/FootballManager2.slaveFootballManager2.slaveFootballManager2.slaveFootballManager2.slave;0;0;0;0
0;Footballer Of The Year 2;Management / Sport;Games:F/FootballerOfTheYear2/FootballerOfTheYear2.slaveFootballerOfTheYear2.slaveFootballerOfTheYear2.slaveFootballerOfTheYear2.slave;0;0;0;0
0;Forest Dumb Forever (Polish);Platform / Action;Games:F/ForestDumbForeverPl/ForestDumbForeverPl.slaveForestDumbForeverPl.slaveForestDumbForeverPl.slaveForestDumbForeverPl.slave;0;0;0;0
0;Forgotten Mine 1 (Damir Arh);Maze / Digger;Games:F/ForgottenMine/ForgottenMine.slaveForgottenMine.slaveForgottenMine.slaveForgottenMine.slave;0;0;0;0
0;Forgotten Worlds;Action / Shooter / Horizontal;Games:F/ForgottenWorlds/ForgottenWorlds.SlaveForgottenWorlds.SlaveForgottenWorlds.SlaveForgottenWorlds.Slave;0;0;0;0
0;Formula 1 3D;Racing / Car / Driver View;Games:F/Formula13D/Formula13D.SlaveFormula13D.SlaveFormula13D.SlaveFormula13D.Slave;0;0;0;0
0;Formula 1 Grand Prix (Cirrus Software);Racing / Car / Chase View;Games:F/Formula1GrandPrix/Formula1GrandPrix.SlaveFormula1GrandPrix.SlaveFormula1GrandPrix.SlaveFormula1GrandPrix.Slave;0;0;0;0
0;Formula One Grand Prix (Four Disk);Racing / Car / Driver View;Games:F/FormulaOneGrandPrix4Disk/FormulaOneGrandPrix4Disk.SlaveFormulaOneGrandPrix4Disk.SlaveFormulaOneGrandPrix4Disk.SlaveFormulaOneGrandPrix4Disk.Slave;0;0;0;0
0;Formula One Grand Prix (Three Disk);Racing / Car / Driver View;Games:F/FormulaOneGrandPrix3Disk/FormulaOneGrandPrix3Disk.SlaveFormulaOneGrandPrix3Disk.SlaveFormulaOneGrandPrix3Disk.SlaveFormulaOneGrandPrix3Disk.Slave;0;0;0;0
0;Foundation's Waste;Action / Shooter / Vertical;Games:F/FoundationsWaste/FoundationsWaste.SlaveFoundationsWaste.SlaveFoundationsWaste.SlaveFoundationsWaste.Slave;0;0;0;0
0;Four Crystals of Trazere, The (NTSC);RPG / Isometric;Games:F/FourCrystalsOfTrazereNTSC/FourCrystalsOfTrazereNTSC.SlaveFourCrystalsOfTrazereNTSC.SlaveFourCrystalsOfTrazereNTSC.SlaveFourCrystalsOfTrazereNTSC.Slave;0;0;0;0
0;Four Crystals of Trazere, The (NTSC);RPG / Isometric;Games:F/FourCrystalsOfTrazereNTSC/getlegendsavedisk.slavegetlegendsavedisk.slavegetlegendsavedisk.slavegetlegendsavedisk.slave;0;0;0;0
0;Fraction Action;Educational;Games:F/FractionAction/FractionAction.SlaveFractionAction.SlaveFractionAction.SlaveFractionAction.Slave;0;0;0;0
0;Franco Baresi World Cup Kick Off (Italian);Sport / Football / Soccer;Games:F/FrancoBaresiWorldCupIt/FrancoBaresiWorldCupIt.SlaveFrancoBaresiWorldCupIt.SlaveFrancoBaresiWorldCupIt.SlaveFrancoBaresiWorldCupIt.Slave;0;0;0;0
0;Frankenstein;Platform / Action;Games:F/Frankenstein/Frankenstein.slaveFrankenstein.slaveFrankenstein.slaveFrankenstein.slave;0;0;0;0
0;Franko - The Crazy Revenge! (Censored) (Polish);Action / Fighter 2.5D;Games:F/FrankoCensoredPl/FrankoCensoredPl.slaveFrankoCensoredPl.slaveFrankoCensoredPl.slaveFrankoCensoredPl.slave;0;0;0;0
0;Franko - The Crazy Revenge! (Polish);Action / Fighter 2.5D;Games:F/FrankoPl/FrankoPl.SlaveFrankoPl.SlaveFrankoPl.SlaveFrankoPl.Slave;0;0;0;0
0;Frantic Freddie (PD);Platform / Puzzle;Games:F/FranticFreddie/FranticFreddie.slaveFranticFreddie.slaveFranticFreddie.slaveFranticFreddie.slave;0;0;0;0
0;Freak Out;Puzzle / 2D;Games:F/FreakOut/FreakOut.slaveFreakOut.slaveFreakOut.slaveFreakOut.slave;0;0;0;0
0;Freedom - Die Krieger Des Schattens (German);Adventure / Action;Games:F/FreedomDe/FreedomDe.SlaveFreedomDe.SlaveFreedomDe.SlaveFreedomDe.Slave;0;0;0;0
0;Freedom - Les Guerriers De L'Ombre (French);Adventure / Action;Games:F/FreedomFr/FreedomFr.SlaveFreedomFr.SlaveFreedomFr.SlaveFreedomFr.Slave;0;0;0;0
0;Freedom - Los Guerreros De La Noche (Spanish);Adventure / Action;Games:F/FreedomEs/FreedomEs.SlaveFreedomEs.SlaveFreedomEs.SlaveFreedomEs.Slave;0;0;0;0
0;Freedom - Rebels In The Darkness;Adventure / Action;Games:F/Freedom/Freedom.SlaveFreedom.SlaveFreedom.SlaveFreedom.Slave;0;0;0;0
0;Frenetic;Action / Shooter / Vertical;Games:F/Frenetic/Frenetic.SlaveFrenetic.SlaveFrenetic.SlaveFrenetic.Slave;0;0;0;0
0;Fright Night;Adventure / Action;Games:F/FrightNight/FrightNight.SlaveFrightNight.SlaveFrightNight.SlaveFrightNight.Slave;0;0;0;0
0;Fright Night (512KB);Adventure / Action;Games:F/FrightNight512k/FrightNight512k.SlaveFrightNight512k.SlaveFrightNight512k.SlaveFrightNight512k.Slave;0;0;0;0
0;Frontier - Elite II;Strategy / Space;Games:F/Frontier/Frontier.slaveFrontier.slaveFrontier.slaveFrontier.slave;0;0;0;0
0;Frontier - Elite II (CD32);Strategy / Space;Games:F/FrontierCD32/FrontierCD32.slaveFrontierCD32.slaveFrontierCD32.slaveFrontierCD32.slave;0;0;0;0
0;Frontier - Elite II (Czech);Strategy / Space;Games:F/FrontierCz/FrontierCz.slaveFrontierCz.slaveFrontierCz.slaveFrontierCz.slave;0;0;0;0
0;Frontier - Elite II (French);Strategy / Space;Games:F/FrontierFr/FrontierFr.slaveFrontierFr.slaveFrontierFr.slaveFrontierFr.slave;0;0;0;0
0;Frontier - Elite II (German);Strategy / Space;Games:F/FrontierDe/FrontierDe.slaveFrontierDe.slaveFrontierDe.slaveFrontierDe.slave;0;0;0;0
0;Frost Byte;Platform / Puzzle;Games:F/FrostByte/FrostByte.SlaveFrostByte.SlaveFrostByte.SlaveFrostByte.Slave;0;0;0;0
0;Full Contact;Beat 'Em Up;Games:F/FullContact/FullContact.slaveFullContact.slaveFullContact.slaveFullContact.slave;0;0;0;0
0;Full Contact (Pre Release);Beat 'Em Up;Games:F/FullContactPR/FullContactPR.slaveFullContactPR.slaveFullContactPR.slaveFullContactPR.slave;0;0;0;0
0;Full Metal Planete (Files);Strategy / Battle / 2D;Games:F/FullMetalPlaneteFiles/FullMetalPlaneteFiles.SlaveFullMetalPlaneteFiles.SlaveFullMetalPlaneteFiles.SlaveFullMetalPlaneteFiles.Slave;0;0;0;0
0;Full Metal Planete (Files) (NTSC);Strategy / Battle / 2D;Games:F/FullMetalPlaneteFilesNTSC/FullMetalPlaneteFilesNTSC.SlaveFullMetalPlaneteFilesNTSC.SlaveFullMetalPlaneteFilesNTSC.SlaveFullMetalPlaneteFilesNTSC.Slave;0;0;0;0
0;Full Metal Planete (Image);Strategy / Battle / 2D;Games:F/FullMetalPlaneteImage/FullMetalPlaneteImage.SlaveFullMetalPlaneteImage.SlaveFullMetalPlaneteImage.SlaveFullMetalPlaneteImage.Slave;0;0;0;0
0;Full Metal Planete (Image) (NTSC);Strategy / Battle / 2D;Games:F/FullMetalPlaneteImageNTSC/FullMetalPlaneteImageNTSC.SlaveFullMetalPlaneteImageNTSC.SlaveFullMetalPlaneteImageNTSC.SlaveFullMetalPlaneteImageNTSC.Slave;0;0;0;0
0;Funturatum (Polish);Strategy / Trading;Games:F/FunturatumPl/FunturatumPl.slaveFunturatumPl.slaveFunturatumPl.slaveFunturatumPl.slave;0;0;0;0
0;Fury of the Furries;Platform / Puzzle;Games:F/FuryOfTheFurries/FuryOfTheFurries.SlaveFuryOfTheFurries.SlaveFuryOfTheFurries.SlaveFuryOfTheFurries.Slave;0;0;0;0
0;Fury of the Furries (CD32);Platform / Puzzle;Games:F/FuryOfTheFurriesCD32/FuryOfTheFurriesCD32.SlaveFuryOfTheFurriesCD32.SlaveFuryOfTheFurriesCD32.SlaveFuryOfTheFurriesCD32.Slave;0;0;0;0
0;Fusion;Action / Shooter / Multi Way;Games:F/Fusion/Fusion.SlaveFusion.SlaveFusion.SlaveFusion.Slave;0;0;0;0
0;Fussball Total! (German);Sport / Football / Soccer;Games:F/FussballTotalDe/FussballTotalDe.SlaveFussballTotalDe.SlaveFussballTotalDe.SlaveFussballTotalDe.Slave;0;0;0;0
0;Future BasketBall;Sport / Futuristic;Games:F/FutureBasketball/FutureBasketball.SlaveFutureBasketball.SlaveFutureBasketball.SlaveFutureBasketball.Slave;0;0;0;0
0;Future Bike Simulator;Action / Shooter / 3D;Games:F/FutureBikeSimulator/FutureBikeSimulator.SlaveFutureBikeSimulator.SlaveFutureBikeSimulator.SlaveFutureBikeSimulator.Slave;0;0;0;0
0;Future Classics Collection;Action / Multi Level;Games:F/FutureClassicsCollection/FutureClassicsCollection.SlaveFutureClassicsCollection.SlaveFutureClassicsCollection.SlaveFutureClassicsCollection.Slave;0;0;0;0
0;Future Shock (Coverdisk);Action / Shooter / 2D;Games:F/FutureShock/FutureShock.slaveFutureShock.slaveFutureShock.slaveFutureShock.slave;0;0;0;0
0;Future Tank;Action / Duel / Versus;Games:F/FutureTank/FutureTank.slaveFutureTank.slaveFutureTank.slaveFutureTank.slave;0;0;0;0
0;Future Wars - Adventures In Time (NTSC);Adventure / Point & Click;Games:F/FutureWarsNTSC/FutureWarsNTSC.slaveFutureWarsNTSC.slaveFutureWarsNTSC.slaveFutureWarsNTSC.slave;0;0;0;0
0;Future Wars - Time Travellers;Adventure / Point & Click;Games:F/FutureWars/FutureWars.slaveFutureWars.slaveFutureWars.slaveFutureWars.slave;0;0;0;0
0;Future Wars - Time Travellers (German);Adventure / Point & Click;Games:F/FutureWarsDe/FutureWarsDe.slaveFutureWarsDe.slaveFutureWarsDe.slaveFutureWarsDe.slave;0;0;0;0
0;Future Wars - Time Travellers (Italian);Adventure / Point & Click;Games:F/FutureWarsIt/FutureWarsIt.slaveFutureWarsIt.slaveFutureWarsIt.slaveFutureWarsIt.slave;0;0;0;0
0;Future Wars - Time Travellers (Spanish);Adventure / Point & Click;Games:F/FutureWarsEs/FutureWarsEs.slaveFutureWarsEs.slaveFutureWarsEs.slaveFutureWarsEs.slave;0;0;0;0
0;Fuzzball (Intro);Misc / Intro Disk;Games:F/Fuzzball/Fuzzball.SlaveFuzzball.SlaveFuzzball.SlaveFuzzball.Slave;0;0;0;0
0;Fuzzball (Intro);Misc / Intro Disk;Games:F/Fuzzball/Intro.SlaveIntro.SlaveIntro.SlaveIntro.Slave;0;0;0;0
0;Fuzzball (No Intro);Platform / Puzzle;Games:F/FuzzballNoIntro/FuzzballNoIntro.SlaveFuzzballNoIntro.SlaveFuzzballNoIntro.SlaveFuzzballNoIntro.Slave;0;0;0;0
0;G-LOC R360;Action / Shooter / 3D;Games:G/GLOCR360/GLOCR360.slaveGLOCR360.slaveGLOCR360.slaveGLOCR360.slave;0;0;0;0
0;G.Nius;Adventure / Isometric;Games:G/GNius/GNius.SlaveGNius.SlaveGNius.SlaveGNius.Slave;0;0;0;0
0;Gadget - Lost In Time;Platform / Puzzle;Games:G/GadgetLostInTime/GadgetLostInTime.slaveGadgetLostInTime.slaveGadgetLostInTime.slaveGadgetLostInTime.slave;0;0;0;0
0;Gainforce (Coverdisk);Action / Shooter / Horizontal;Games:G/Gainforce/Gainforce.SlaveGainforce.SlaveGainforce.SlaveGainforce.Slave;0;0;0;0
0;Galactic - The Xmas Edition (Coverdisk) (1MB);Action / Shooter / Multi Way;Games:G/GalacticTheXmasEdition1MB/GalacticTheXmasEdition1MB.SlaveGalacticTheXmasEdition1MB.SlaveGalacticTheXmasEdition1MB.SlaveGalacticTheXmasEdition1MB.Slave;0;0;0;0
0;Galactic - The Xmas Edition (Coverdisk) (2MB);Action / Shooter / Multi Way;Games:G/GalacticTheXmasEdition2MB/GalacticTheXmasEdition2MB.SlaveGalacticTheXmasEdition2MB.SlaveGalacticTheXmasEdition2MB.SlaveGalacticTheXmasEdition2MB.Slave;0;0;0;0
0;Galactic Conqueror;Action / Shooter / 3D;Games:G/GalacticConqueror/GalacticConqueror.SlaveGalacticConqueror.SlaveGalacticConqueror.SlaveGalacticConqueror.Slave;0;0;0;0
0;Galactic Empire;Action / Shooter / 3D;Games:G/GalacticEmpire/GalacticEmpire.SlaveGalacticEmpire.SlaveGalacticEmpire.SlaveGalacticEmpire.Slave;0;0;0;0
0;Galactic Warrior Rats;Action / Shooter / Multi Way;Games:G/GalacticWarriorRats/GalacticWarriorRats.slaveGalacticWarriorRats.slaveGalacticWarriorRats.slaveGalacticWarriorRats.slave;0;0;0;0
0;Galaga '92 (PD);Action / Shooter / 2D;Games:G/Galaga92/Galaga92.SlaveGalaga92.SlaveGalaga92.SlaveGalaga92.Slave;0;0;0;0
0;Galaxy '89;Action / Shooter / 2D;Games:G/Galaxy89/Galaxy89.slaveGalaxy89.slaveGalaxy89.slaveGalaxy89.slave;0;0;0;0
0;Galaxy Blast (Coverdisk);Action / Shooter / Multi Way;Games:G/GalaxyBlast/GalaxyBlast.SlaveGalaxyBlast.SlaveGalaxyBlast.SlaveGalaxyBlast.Slave;0;0;0;0
0;Galaxy Force 2;Action / Shooter / 3D;Games:G/GalaxyForce2/GalaxyForce2.slaveGalaxyForce2.slaveGalaxyForce2.slaveGalaxyForce2.slave;0;0;0;0
0;Galdregons Domain;RPG / Dungeon Crawler;Games:G/GaldregonsDomain/GaldregonsDomain.SlaveGaldregonsDomain.SlaveGaldregonsDomain.SlaveGaldregonsDomain.Slave;0;0;0;0
0;Game Of Harmony, The (NTSC);Puzzle / 2D;Games:G/GameOfHarmonyNTSC/GameOfHarmonyNTSC.SlaveGameOfHarmonyNTSC.SlaveGameOfHarmonyNTSC.SlaveGameOfHarmonyNTSC.Slave;0;0;0;0
0;Games, The - Summer Edition;Sport / Multi;Games:G/GamesSummerEdition/GamesSummerEdition.SlaveGamesSummerEdition.SlaveGamesSummerEdition.SlaveGamesSummerEdition.Slave;0;0;0;0
0;Games, The - Winter Edition;Sport / Winter;Games:G/GamesWinterEdition/GamesWinterEdition.SlaveGamesWinterEdition.SlaveGamesWinterEdition.SlaveGamesWinterEdition.Slave;0;0;0;0
0;Ganymed;Action / Shooter / Horizontal;Games:G/Ganymed/Ganymed.slaveGanymed.slaveGanymed.slaveGanymed.slave;0;0;0;0
0;Garfield - Big, Fat, Hairy Deal;Platform / Puzzle;Games:G/GarfieldBigFatHairyDeal/GarfieldBigFatHairyDeal.SlaveGarfieldBigFatHairyDeal.SlaveGarfieldBigFatHairyDeal.SlaveGarfieldBigFatHairyDeal.Slave;0;0;0;0
0;Garfield - Winter's Tail;Action / Multi Level;Games:G/GarfieldAWintersTail/GarfieldAWintersTail.SlaveGarfieldAWintersTail.SlaveGarfieldAWintersTail.SlaveGarfieldAWintersTail.Slave;0;0;0;0
0;Garrison;Action / Shooter / Multi Way;Games:G/Garrison/Garrison.SlaveGarrison.SlaveGarrison.SlaveGarrison.Slave;0;0;0;0
0;Garrison 2 - The Legend Continues;Action / Shooter / Multi Way;Games:G/Garrison2/Garrison2.SlaveGarrison2.SlaveGarrison2.SlaveGarrison2.Slave;0;0;0;0
0;Gary Lineker's Hot-Shot!;Sport / Football / Soccer;Games:G/GaryLinekersHotShot/GaryLinekersHotShot.SlaveGaryLinekersHotShot.SlaveGaryLinekersHotShot.SlaveGaryLinekersHotShot.Slave;0;0;0;0
0;Gateway To The Savage Frontier;RPG / Dungeon Crawler;Games:G/GatewayToSavageFrontier/GatewayToSavageFrontier.SlaveGatewayToSavageFrontier.SlaveGatewayToSavageFrontier.SlaveGatewayToSavageFrontier.Slave;0;0;0;0
0;Gauntlet 2;Action / Shooter / Multi Way;Games:G/Gauntlet2/Gauntlet2.SlaveGauntlet2.SlaveGauntlet2.SlaveGauntlet2.Slave;0;0;0;0
0;Gauntlet 3 - The Final Quest;Action / Shooter / Isometric;Games:G/Gauntlet3/Gauntlet3.slaveGauntlet3.slaveGauntlet3.slaveGauntlet3.slave;0;0;0;0
0;Gazza 2;Sport / Football / Soccer;Games:G/Gazza2/Gazza2.SlaveGazza2.SlaveGazza2.SlaveGazza2.Slave;0;0;0;0
0;GBA Championship Basketball - Two-On-Two;Sport / Basketball;Games:G/GBAChampionshipBB/GBAChampionshipBB.SlaveGBAChampionshipBB.SlaveGBAChampionshipBB.SlaveGBAChampionshipBB.Slave;0;0;0;0
0;Gear Works;Puzzle / 2D;Games:G/GearWorks/GearWorks.SlaveGearWorks.SlaveGearWorks.SlaveGearWorks.Slave;0;0;0;0
0;Gee Bee Air Rally;Racing / Plane / Chase View;Games:G/GeeBeeAirRally/GeeBeeAirRally.SlaveGeeBeeAirRally.SlaveGeeBeeAirRally.SlaveGeeBeeAirRally.Slave;0;0;0;0
0;Geisha;Adventure / Adult;Games:G/Geisha/Geisha.SlaveGeisha.SlaveGeisha.SlaveGeisha.Slave;0;0;0;0
0;Geisha (French);Adventure / Adult;Games:G/GeishaFr/GeishaFr.SlaveGeishaFr.SlaveGeishaFr.SlaveGeishaFr.Slave;0;0;0;0
0;Geisha (German);Adventure / Adult;Games:G/GeishaDe/GeishaDe.SlaveGeishaDe.SlaveGeishaDe.SlaveGeishaDe.Slave;0;0;0;0
0;Geisha (Spanish);Adventure / Adult;Games:G/GeishaEs/GeishaEs.SlaveGeishaEs.SlaveGeishaEs.SlaveGeishaEs.Slave;0;0;0;0
0;Gem Stone Legend;Action / Shooter / Horizontal;Games:G/GemStoneLegend/GemStoneLegend.slaveGemStoneLegend.slaveGemStoneLegend.slaveGemStoneLegend.slave;0;0;0;0
0;Gem'X;Puzzle / 2D;Games:G/GemX/GemX.slaveGemX.slaveGemX.slaveGemX.slave;0;0;0;0
0;Gemini Wing;Action / Shooter / Vertical;Games:G/GeminiWing/GeminiWing.SlaveGeminiWing.SlaveGeminiWing.SlaveGeminiWing.Slave;0;0;0;0
0;Genesia - Configuration Tool;Strategy / God Simulator;Games:G/Genesia/Genesia.slaveGenesia.slaveGenesia.slaveGenesia.slave;0;0;0;0
0;Genesia - Configuration Tool (French);Strategy / God Simulator;Games:G/GenesiaFr/GenesiaFr.slaveGenesiaFr.slaveGenesiaFr.slaveGenesiaFr.slave;0;0;0;0
0;Gettysburg;Strategy / Battle / 3D;Games:G/Gettysburg/Gettysburg.SlaveGettysburg.SlaveGettysburg.SlaveGettysburg.Slave;0;0;0;0
0;Ghost Battle;Action / Shooter / 2D;Games:G/GhostBattle/GhostBattle.SlaveGhostBattle.SlaveGhostBattle.SlaveGhostBattle.Slave;0;0;0;0
0;Ghost Chaser;Maze / 2D;Games:G/GhostChaser/GhostChaser.SlaveGhostChaser.SlaveGhostChaser.SlaveGhostChaser.Slave;0;0;0;0
0;Ghostbusters 2;Action / Multi Level;Games:G/Ghostbusters2/Ghostbusters2.SlaveGhostbusters2.SlaveGhostbusters2.SlaveGhostbusters2.Slave;0;0;0;0
0;Ghostbusters 2 (NTSC);Action / Multi Level;Games:G/Ghostbusters2NTSC/Ghostbusters2NTSC.SlaveGhostbusters2NTSC.SlaveGhostbusters2NTSC.SlaveGhostbusters2NTSC.Slave;0;0;0;0
0;Ghosts 'N' Goblins;Action / Shooter / 2D;Games:G/GhostsNGoblins/GhostsNGoblins.slaveGhostsNGoblins.slaveGhostsNGoblins.slaveGhostsNGoblins.slave;0;0;0;0
0;Ghouls NGhosts;Unknown;Games:G/GhoulsNGhosts/GhoulsNGhosts.SlaveGhoulsNGhosts.SlaveGhoulsNGhosts.SlaveGhoulsNGhosts.Slave;0;0;0;0
0;Giddy 2 - Hero In An Egg Shell (PD);Platform / Action;Games:G/Giddy2HeroInAnEggShell/Giddy2HeroInAnEggShell.SlaveGiddy2HeroInAnEggShell.SlaveGiddy2HeroInAnEggShell.SlaveGiddy2HeroInAnEggShell.Slave;0;0;0;0
0;Giganoid;Bat & Ball / 2D;Games:G/Giganoid/Giganoid.slaveGiganoid.slaveGiganoid.slaveGiganoid.slave;0;0;0;0
0;Gladiators;Beat 'Em Up / Weapon;Games:G/Gladiators/Gladiators.slaveGladiators.slaveGladiators.slaveGladiators.slave;0;0;0;0
0;Global Gladiators;Platform / Action;Games:G/GlobalGladiators/GlobalGladiators.slaveGlobalGladiators.slaveGlobalGladiators.slaveGlobalGladiators.slave;0;0;0;0
0;Global Trek;Tabletop / Board Game;Games:G/GlobalTrek/GlobalTrek.SlaveGlobalTrek.SlaveGlobalTrek.SlaveGlobalTrek.Slave;0;0;0;0
0;Globdule;Platform / Puzzle;Games:G/Globdule/Globdule.slaveGlobdule.slaveGlobdule.slaveGlobdule.slave;0;0;0;0
0;Globdule (NTSC);Platform / Puzzle;Games:G/GlobduleNTSC/GlobduleNTSC.slaveGlobduleNTSC.slaveGlobduleNTSC.slaveGlobduleNTSC.slave;0;0;0;0
0;Globulus;Puzzle / Isometric;Games:G/Globulus/Globulus.slaveGlobulus.slaveGlobulus.slaveGlobulus.slave;0;0;0;0
0;Globulus (Pre Release);Puzzle / Isometric;Games:G/GlobulusPR/GlobulusPR.slaveGlobulusPR.slaveGlobulusPR.slaveGlobulusPR.slave;0;0;0;0
0;Gloom (AGA);Action / FPS;Games:G/GloomAGA/GloomAGA.slaveGloomAGA.slaveGloomAGA.slaveGloomAGA.slave;0;0;0;0
0;Gloom (CD32);Action / FPS;Games:G/GloomCD32/GloomCD32.slaveGloomCD32.slaveGloomCD32.slaveGloomCD32.slave;0;0;0;0
0;Gloom (Game Demo) (AGA);Action / FPS;Games:G/GloomDemoAGA/GloomDemoAGA.slaveGloomDemoAGA.slaveGloomDemoAGA.slaveGloomDemoAGA.slave;0;0;0;0
0;Gnome;Platform / Action;Games:G/Gnome/Gnome.SlaveGnome.SlaveGnome.SlaveGnome.Slave;0;0;0;0
0;Gnome Alone;Adventure / Action;Games:G/GnomeAlone/GnomeAlone.SlaveGnomeAlone.SlaveGnomeAlone.SlaveGnomeAlone.Slave;0;0;0;0
0;Gnome Ranger;Adventure / Text;Games:G/GnomeRanger/GnomeRanger.SlaveGnomeRanger.SlaveGnomeRanger.SlaveGnomeRanger.Slave;0;0;0;0
0;Goal!;Sport / Football / Soccer;Games:G/Goal/Goal.slaveGoal.slaveGoal.slaveGoal.slave;0;0;0;0
0;Gobliiins;Adventure / Puzzle;Games:G/Gobliiins/Gobliiins.slaveGobliiins.slaveGobliiins.slaveGobliiins.slave;0;0;0;0
0;Gobliins 2 - The Prince Buffoon;Adventure / Puzzle;Games:G/Gobliins2/Gobliins2.slaveGobliins2.slaveGobliins2.slaveGobliins2.slave;0;0;0;0
0;Gobliins 2 - The Prince Buffoon (French);Adventure / Puzzle;Games:G/Gobliins2Fr/Gobliins2Fr.slaveGobliins2Fr.slaveGobliins2Fr.slaveGobliins2Fr.slave;0;0;0;0
0;Gobliins 2 - The Prince Buffoon (German);Adventure / Puzzle;Games:G/Gobliins2De/Gobliins2De.slaveGobliins2De.slaveGobliins2De.slaveGobliins2De.slave;0;0;0;0
0;Gobliins 2 - The Prince Buffoon (Italian);Adventure / Puzzle;Games:G/Gobliins2It/Gobliins2It.slaveGobliins2It.slaveGobliins2It.slaveGobliins2It.slave;0;0;0;0
0;Gobliins 2 - The Prince Buffoon (Spanish);Adventure / Puzzle;Games:G/Gobliins2Es/Gobliins2Es.slaveGobliins2Es.slaveGobliins2Es.slaveGobliins2Es.slave;0;0;0;0
0;Goblins 3;Adventure / Puzzle;Games:G/Goblins3/Goblins3.slaveGoblins3.slaveGoblins3.slaveGoblins3.slave;0;0;0;0
0;Godfather, The;Action / Multi Level;Games:G/Godfather/Godfather.SlaveGodfather.SlaveGodfather.SlaveGodfather.Slave;0;0;0;0
0;Gods;Platform / Action;Games:G/Gods/Gods.slaveGods.slaveGods.slaveGods.slave;0;0;0;0
0;Gods (Game Demo);Platform / Action;Games:G/GodsDemo/GodsDemo.SlaveGodsDemo.SlaveGodsDemo.SlaveGodsDemo.Slave;0;0;0;0
0;Gods (NTSC);Platform / Action;Games:G/GodsNTSC/GodsNTSC.slaveGodsNTSC.slaveGodsNTSC.slaveGodsNTSC.slave;0;0;0;0
0;Gold of the Aztecs, The;Adventure / Action;Games:G/GoldOfTheAztecs/GoldOfTheAztecs.SlaveGoldOfTheAztecs.SlaveGoldOfTheAztecs.SlaveGoldOfTheAztecs.Slave;0;0;0;0
0;Gold of the Aztecs, The (v1.1);Adventure / Action;Games:G/GoldOfTheAztecs_Kernal1.1/GoldOfTheAztecs(v1.1).SlaveGoldOfTheAztecs(v1.1).SlaveGoldOfTheAztecs(v1.1).SlaveGoldOfTheAztecs(v1.1).Slave;0;0;0;0
0;Gold Rush!;Adventure / Point & Click;Games:G/GoldRush/GoldRush.slaveGoldRush.slaveGoldRush.slaveGoldRush.slave;0;0;0;0
0;Golden Axe;Action / Fighter 2.5D;Games:G/GoldenAxe/GoldenAxe.slaveGoldenAxe.slaveGoldenAxe.slaveGoldenAxe.slave;0;0;0;0
0;Golden Axe (NTSC);Action / Fighter 2.5D;Games:G/GoldenAxeNTSC/GoldenAxeNTSC.slaveGoldenAxeNTSC.slaveGoldenAxeNTSC.slaveGoldenAxeNTSC.slave;0;0;0;0
0;Golden Eagle;Action / Shooter / 2D;Games:G/GoldenEagle/GoldenEagle.SlaveGoldenEagle.SlaveGoldenEagle.SlaveGoldenEagle.Slave;0;0;0;0
0;Golden Eagle (512KB);Action / Shooter / 2D;Games:G/GoldenEagle512k/GoldenEagle512k.SlaveGoldenEagle512k.SlaveGoldenEagle512k.SlaveGoldenEagle512k.Slave;0;0;0;0
0;Golden Path;Adventure / Action;Games:G/GoldenPath/GoldenPath.SlaveGoldenPath.SlaveGoldenPath.SlaveGoldenPath.Slave;0;0;0;0
0;Goldrunner;Action / Shooter / Vertical;Games:G/Goldrunner/Goldrunner.SlaveGoldrunner.SlaveGoldrunner.SlaveGoldrunner.Slave;0;0;0;0
0;Goldrunner 2;Action / Shooter / Vertical;Games:G/Goldrunner2/Goldrunner2.SlaveGoldrunner2.SlaveGoldrunner2.SlaveGoldrunner2.Slave;0;0;0;0
0;Goldrunner 2 - Scenery Disk 2;Action / Shooter / Vertical;Games:G/Goldrunner2&SceneryDisks/Goldrunner2&SceneryDisks.SlaveGoldrunner2&SceneryDisks.SlaveGoldrunner2&SceneryDisks.SlaveGoldrunner2&SceneryDisks.Slave;0;0;0;0
0;Goofy's Railway Express;Educational;Games:G/GoofysRailwayExpress/GoofysRailwayExpress.SlaveGoofysRailwayExpress.SlaveGoofysRailwayExpress.SlaveGoofysRailwayExpress.Slave;0;0;0;0
0;Gordian Tomb (Coverdisk);Adventure / Action;Games:G/GordianTomb/GordianTomb.slaveGordianTomb.slaveGordianTomb.slaveGordianTomb.slave;0;0;0;0
0;Gotcha;Platform / Action;Games:G/GotchaPrestige/GotchaPrestige.SlaveGotchaPrestige.SlaveGotchaPrestige.SlaveGotchaPrestige.Slave;0;0;0;0
0;Graeme Souness Soccer Manager;Management / Sport;Games:G/GraemeSounessSoccerManagr/GraemeSounessSoccerManagr.SlaveGraemeSounessSoccerManagr.SlaveGraemeSounessSoccerManagr.SlaveGraemeSounessSoccerManagr.Slave;0;0;0;0
0;Graeme Souness Vector Soccer;Sport / Football / Soccer;Games:G/GraemeSounessVectorSoccer/GraemeSounessVectorSoccer.SlaveGraemeSounessVectorSoccer.SlaveGraemeSounessVectorSoccer.SlaveGraemeSounessVectorSoccer.Slave;0;0;0;0
0;Graham Gooch's Second Innings;Sport / Cricket;Games:G/GrahamGoochSecondInnings/GrahamGoochSecondInnings.SlaveGrahamGoochSecondInnings.SlaveGrahamGoochSecondInnings.SlaveGrahamGoochSecondInnings.Slave;0;0;0;0
0;Graham Gooch's World Class Cricket;Sport / Cricket;Games:G/GrahamGoochWCCricket/GrahamGoochWCCricket.SlaveGrahamGoochWCCricket.SlaveGrahamGoochWCCricket.SlaveGrahamGoochWCCricket.Slave;0;0;0;0
0;Graham Gooch's World Class Cricket (Special Edition);Sport / Cricket;Games:G/GrahamGoochWCCricketSE/GrahamGoochWCCricketSE.SlaveGrahamGoochWCCricketSE.SlaveGrahamGoochWCCricketSE.SlaveGrahamGoochWCCricketSE.Slave;0;0;0;0
0;Graham Taylor's Soccer Challenge;Management / Sport;Games:G/GTSoccerChallenge/GTSoccerChallenge.SlaveGTSoccerChallenge.SlaveGTSoccerChallenge.SlaveGTSoccerChallenge.Slave;0;0;0;0
0;Grand Monster Slam (One Disk);Sport / Futuristic;Games:G/GrandMonsterSlam1Disk/GrandMonsterSlam1Disk.slaveGrandMonsterSlam1Disk.slaveGrandMonsterSlam1Disk.slaveGrandMonsterSlam1Disk.slave;0;0;0;0
0;Grand Monster Slam (Two Disk);Sport / Futuristic;Games:G/GrandMonsterSlam2Disk/GrandMonsterSlam2Disk.slaveGrandMonsterSlam2Disk.slaveGrandMonsterSlam2Disk.slaveGrandMonsterSlam2Disk.slave;0;0;0;0
0;Grand Prix 500 II (French);Racing / Bike / Chase View;Games:G/GrandPrix5002Fr/GrandPrix5002Fr.slaveGrandPrix5002Fr.slaveGrandPrix5002Fr.slaveGrandPrix5002Fr.slave;0;0;0;0
0;Grand Prix Circuit;Racing / Car / Driver View;Games:G/GrandPrixCircuit/GrandPrixCircuit.SlaveGrandPrixCircuit.SlaveGrandPrixCircuit.SlaveGrandPrixCircuit.Slave;0;0;0;0
0;Grand Prix Master;Racing / Bike / Top Down;Games:G/GrandPrixMaster/GrandPrixMaster.SlaveGrandPrixMaster.SlaveGrandPrixMaster.SlaveGrandPrixMaster.Slave;0;0;0;0
0;Granny's Garden;Adventure / Graphic;Games:G/GrannysGarden/GrannysGarden.SlaveGrannysGarden.SlaveGrannysGarden.SlaveGrannysGarden.Slave;0;0;0;0
0;Gravity;Strategy / Battle / 3D;Games:G/Gravity/Gravity.SlaveGravity.SlaveGravity.SlaveGravity.Slave;0;0;0;0
0;Gravity Force;Reaction / Gravity;Games:G/GravityForce/GravityForce.SlaveGravityForce.SlaveGravityForce.SlaveGravityForce.Slave;0;0;0;0
0;Great Courts;Sport / Tennis;Games:G/GreatCourts/GreatCourts.slaveGreatCourts.slaveGreatCourts.slaveGreatCourts.slave;0;0;0;0
0;Great Courts 2;Sport / Tennis;Games:G/GreatCourts2/GreatCourts2.slaveGreatCourts2.slaveGreatCourts2.slaveGreatCourts2.slave;0;0;0;0
0;Great Courts 2 (512KB);Sport / Tennis;Games:G/GreatCourts2512KB/GreatCourts2512KB.slaveGreatCourts2512KB.slaveGreatCourts2512KB.slaveGreatCourts2512KB.slave;0;0;0;0
0;Great Giana Sisters;Platform / Action;Games:G/GreatGianaSisters/GreatGianaSisters.slaveGreatGianaSisters.slaveGreatGianaSisters.slaveGreatGianaSisters.slave;0;0;0;0
0;Greg Norman's Shark Attack! - The Ultimate Golf Simulator;Sport / Golf;Games:U/UltimateGolf/UltimateGolf.slaveUltimateGolf.slaveUltimateGolf.slaveUltimateGolf.slave;0;0;0;0
0;Gremlins 2 - The New Batch;Platform / Action;Games:G/Gremlins2/Gremlins2.SlaveGremlins2.SlaveGremlins2.SlaveGremlins2.Slave;0;0;0;0
0;Grid Start;Racing / Car / Chase View;Games:G/GridStart/GridStart.SlaveGridStart.SlaveGridStart.SlaveGridStart.Slave;0;0;0;0
0;Gridiron!;Sport / American Football;Games:G/Gridiron/Gridiron.SlaveGridiron.SlaveGridiron.SlaveGridiron.Slave;0;0;0;0
0;Guardian (AGA);Action / Shooter / 3D;Games:G/GuardianAGA/GuardianAGA.SlaveGuardianAGA.SlaveGuardianAGA.SlaveGuardianAGA.Slave;0;0;0;0
0;Guardian (CD32);Action / Shooter / 3D;Games:G/GuardianCD32/GuardianCD32.slaveGuardianCD32.slaveGuardianCD32.slaveGuardianCD32.slave;0;0;0;0
0;Guardian Angel;Action / Fighter 2D;Games:G/GuardianAngel/GuardianAngel.SlaveGuardianAngel.SlaveGuardianAngel.SlaveGuardianAngel.Slave;0;0;0;0
0;Guild Of Thieves, The (Magnetic Scrolls Vol. I);Adventure / Text;Games:G/GuildOfThieves/GuildOfThieves.SlaveGuildOfThieves.SlaveGuildOfThieves.SlaveGuildOfThieves.Slave;0;0;0;0
0;Guldkorn Expressen (1MB) (Danish);Platform / Vehicle;Games:G/GuldkornExpressenDk1MB/GuldkornExpressenDk1MB.slaveGuldkornExpressenDk1MB.slaveGuldkornExpressenDk1MB.slaveGuldkornExpressenDk1MB.slave;0;0;0;0
0;Guldkorn Expressen (512KB) (Danish);Platform / Vehicle;Games:G/GuldkornExpressenDk512KB/GuldkornExpressenDk512KB.slaveGuldkornExpressenDk512KB.slaveGuldkornExpressenDk512KB.slaveGuldkornExpressenDk512KB.slave;0;0;0;0
0;Gulp;Platform / Puzzle;Games:G/Gulp/Gulp.slaveGulp.slaveGulp.slaveGulp.slave;0;0;0;0
0;Gulp (CD32);Platform / Puzzle;Games:G/GulpCD32/GulpCD32.slaveGulpCD32.slaveGulpCD32.slaveGulpCD32.slave;0;0;0;0
0;GunBee F-99 (The Kidnapping of Lady Akiko) (AGA);Action / Shooter / Vertical;Games:G/GunbeeF99AGA/GunbeeF99AGA.SlaveGunbeeF99AGA.SlaveGunbeeF99AGA.SlaveGunbeeF99AGA.Slave;0;0;0;0
0;Gunboat;Simulator / Helicopter;Games:G/Gunboat/Gunboat.SlaveGunboat.SlaveGunboat.SlaveGunboat.Slave;0;0;0;0
0;Gunship - 21st Century Warrior Apache;Simulator / Helicopter;Games:G/Gunship/Gunship.slaveGunship.slaveGunship.slaveGunship.slave;0;0;0;0
0;Gunship - The Helicopter Simulator (NTSC);Simulator / Helicopter;Games:G/GunshipNTSC/GunshipNTSC.slaveGunshipNTSC.slaveGunshipNTSC.slaveGunshipNTSC.slave;0;0;0;0
0;Gunship 2000;Simulator / Helicopter;Games:G/Gunship2000/Gunship2000.slaveGunship2000.slaveGunship2000.slaveGunship2000.slave;0;0;0;0
0;Gunship 2000 (AGA);Simulator / Helicopter;Games:G/Gunship2000AGA/Gunship2000AGA.slaveGunship2000AGA.slaveGunship2000AGA.slaveGunship2000AGA.slave;0;0;0;0
0;Gunship 2000 (CD32);Simulator / Helicopter;Games:G/Gunship2000CD32/Gunship2000CD32.slaveGunship2000CD32.slaveGunship2000CD32.slaveGunship2000CD32.slave;0;0;0;0
0;Gunshoot;Action / Shooter / Crosshair;Games:G/Gunshoot/Gunshoot.SlaveGunshoot.SlaveGunshoot.SlaveGunshoot.Slave;0;0;0;0
0;Guy Spy;Adventure / Action;Games:G/GuySpy/GuySpy.SlaveGuySpy.SlaveGuySpy.SlaveGuySpy.Slave;0;0;0;0
0;Guy Spy (CDTV);Adventure / Action;Games:G/GuySpyCDTV/GuySpyCDTV.SlaveGuySpyCDTV.SlaveGuySpyCDTV.SlaveGuySpyCDTV.Slave;0;0;0;0
0;H?gar The Horrible;Platform / Action;Games:H/HagarTheHorrible/HagarTheHorrible.SlaveHagarTheHorrible.SlaveHagarTheHorrible.SlaveHagarTheHorrible.Slave;0;0;0;0
0;H?gar The Horrible (German);Platform / Action;Games:H/HagarTheHorribleDe/HagarTheHorribleDe.SlaveHagarTheHorribleDe.SlaveHagarTheHorribleDe.SlaveHagarTheHorribleDe.Slave;0;0;0;0
0;H.A.T.E. Hostile All Terrain Encounter;Action / Shooter / Isometric;Games:H/HATE/HATE.slaveHATE.slaveHATE.slaveHATE.slave;0;0;0;0
0;Hacker (NTSC);Adventure / Graphic;Games:H/HackerNTSC/HackerNTSC.SlaveHackerNTSC.SlaveHackerNTSC.SlaveHackerNTSC.Slave;0;0;0;0
0;Hacker 2 - The Doomsday Papers;Adventure / Graphic;Games:H/Hacker2/Hacker2.SlaveHacker2.SlaveHacker2.SlaveHacker2.Slave;0;0;0;0
0;Halley Project, The - A Mission In Our Solar System;Educational;Games:H/HalleyProject/HalleyProject.SlaveHalleyProject.SlaveHalleyProject.SlaveHalleyProject.Slave;0;0;0;0
0;Hammer Boy;Platform / Action;Games:H/HammerBoy/HammerBoy.slaveHammerBoy.slaveHammerBoy.slaveHammerBoy.slave;0;0;0;0
0;Hammerfist;Action / Fighter 2D;Games:H/Hammerfist/Hammerfist.SlaveHammerfist.SlaveHammerfist.SlaveHammerfist.Slave;0;0;0;0
0;Hanse (German);Strategy / Trading;Games:H/HanseDe/HanseDe.SlaveHanseDe.SlaveHanseDe.SlaveHanseDe.Slave;0;0;0;0
0;Harald Haardtand - Kampen Om De Rene Taender (Danish);Platform / Action;Games:H/HaraldHaardtandDk/HaraldHaardtandDk.slaveHaraldHaardtandDk.slaveHaraldHaardtandDk.slaveHaraldHaardtandDk.slave;0;0;0;0
0;Hard 'n' Heavy;Platform / Action;Games:H/HardNHeavy/HardNHeavy.slaveHardNHeavy.slaveHardNHeavy.slaveHardNHeavy.slave;0;0;0;0
0;Hard Drivin';Racing / Car / Driver View;Games:H/HardDrivin/HardDrivin.SlaveHardDrivin.SlaveHardDrivin.SlaveHardDrivin.Slave;0;0;0;0
0;Hard Drivin' 2 - Drive Harder;Racing / Car / Driver View;Games:H/HardDrivin2/HardDrivin2.SlaveHardDrivin2.SlaveHardDrivin2.SlaveHardDrivin2.Slave;0;0;0;0
0;HardBall 2 (NTSC);Sport / Baseball;Games:H/HardBall2NTSC/HardBall2NTSC.SlaveHardBall2NTSC.SlaveHardBall2NTSC.SlaveHardBall2NTSC.Slave;0;0;0;0
0;HardBall!;Sport / Baseball;Games:H/HardBall/HardBall.SlaveHardBall.SlaveHardBall.SlaveHardBall.Slave;0;0;0;0
0;Hare Raising Havoc (NTSC);Platform / Action;Games:H/HareRaisingHavocNTSC/HareRaisingHavocNTSC.slaveHareRaisingHavocNTSC.slaveHareRaisingHavocNTSC.slaveHareRaisingHavocNTSC.slave;0;0;0;0
0;Harlequin (1MB);Platform / Action;Games:H/Harlequin1MB/Harlequin1MB.SlaveHarlequin1MB.SlaveHarlequin1MB.SlaveHarlequin1MB.Slave;0;0;0;0
0;Harlequin (512KB);Platform / Action;Games:H/Harlequin512KB/Harlequin512KB.SlaveHarlequin512KB.SlaveHarlequin512KB.SlaveHarlequin512KB.Slave;0;0;0;0
0;Harley Davidson - The Road To Sturgis;Racing / Bike / Chase View;Games:H/HarleyDavidson/HarleyDavidson.slaveHarleyDavidson.slaveHarleyDavidson.slaveHarleyDavidson.slave;0;0;0;0
0;Harpoon & Battleset 1;Strategy / Battle / 2D;Games:H/Harpoon&Battleset1/Harpoon&Battleset1.SlaveHarpoon&Battleset1.SlaveHarpoon&Battleset1.SlaveHarpoon&Battleset1.Slave;0;0;0;0
0;Harpoon & Battleset 2;Strategy / Battle / 2D;Games:H/Harpoon&Battleset2/Harpoon&Battleset2.slaveHarpoon&Battleset2.slaveHarpoon&Battleset2.slaveHarpoon&Battleset2.slave;0;0;0;0
0;Harpoon & Battleset 3;Strategy / Battle / 2D;Games:H/Harpoon&Battleset3/Harpoon&Battleset3.slaveHarpoon&Battleset3.slaveHarpoon&Battleset3.slaveHarpoon&Battleset3.slave;0;0;0;0
0;Harpoon & Battleset 4;Strategy / Battle / 2D;Games:H/Harpoon&Battleset4/Harpoon&Battleset4.slaveHarpoon&Battleset4.slaveHarpoon&Battleset4.slaveHarpoon&Battleset4.slave;0;0;0;0
0;Harrier Combat Simulator (NTSC);Simulator / Plane / Combat;Games:H/HarrierCombatSimNTSC/HarrierCombatSimNTSC.slaveHarrierCombatSimNTSC.slaveHarrierCombatSimNTSC.slaveHarrierCombatSimNTSC.slave;0;0;0;0
0;Hawkeye;Action / Fighter 2D;Games:H/Hawkeye/Hawkeye.slaveHawkeye.slaveHawkeye.slaveHawkeye.slave;0;0;0;0
0;Head Over Heels;Adventure / Isometric;Games:H/HeadOverHeels/HeadOverHeels.slaveHeadOverHeels.slaveHeadOverHeels.slaveHeadOverHeels.slave;0;0;0;0
0;Heart Of China;Adventure / Point & Click;Games:H/HeartOfChina/HeartOfChina.slaveHeartOfChina.slaveHeartOfChina.slaveHeartOfChina.slave;0;0;0;0
0;Heart Of China (German);Adventure / Point & Click;Games:H/HeartOfChinaDe/HeartOfChinaDe.slaveHeartOfChinaDe.slaveHeartOfChinaDe.slaveHeartOfChinaDe.slave;0;0;0;0
0;Heart Of The Dragon (Four Disk);Adventure / Action;Games:H/HeartOfTheDragon4Disk/HeartOfTheDragon4Disk.slaveHeartOfTheDragon4Disk.slaveHeartOfTheDragon4Disk.slaveHeartOfTheDragon4Disk.slave;0;0;0;0
0;Heart Of The Dragon (Three Disk);Adventure / Action;Games:H/HeartOfTheDragon3Disk/HeartOfTheDragon3Disk.SlaveHeartOfTheDragon3Disk.SlaveHeartOfTheDragon3Disk.SlaveHeartOfTheDragon3Disk.Slave;0;0;0;0
0;Heavy Metal;Simulator / Tank;Games:H/HeavyMetal/HeavyMetal.slaveHeavyMetal.slaveHeavyMetal.slaveHeavyMetal.slave;0;0;0;0
0;Heavy Metal Heroes;Action / Shooter / 2D;Games:H/HeavyMetalHeroes/HeavyMetalHeroes.SlaveHeavyMetalHeroes.SlaveHeavyMetalHeroes.SlaveHeavyMetalHeroes.Slave;0;0;0;0
0;Heimdall;RPG / Isometric;Games:H/Heimdall/Heimdall.slaveHeimdall.slaveHeimdall.slaveHeimdall.slave;0;0;0;0
0;Heimdall (French);RPG / Isometric;Games:H/HeimdallFr/HeimdallFr.slaveHeimdallFr.slaveHeimdallFr.slaveHeimdallFr.slave;0;0;0;0
0;Heimdall (German);RPG / Isometric;Games:H/HeimdallDe/HeimdallDe.slaveHeimdallDe.slaveHeimdallDe.slaveHeimdallDe.slave;0;0;0;0
0;Heimdall (Spanish);RPG / Isometric;Games:H/HeimdallEs/HeimdallEs.slaveHeimdallEs.slaveHeimdallEs.slaveHeimdallEs.slave;0;0;0;0
0;Heimdall 2 - Into the Hall of Worlds;RPG / Isometric;Games:H/Heimdall2/Heimdall2.SlaveHeimdall2.SlaveHeimdall2.SlaveHeimdall2.Slave;0;0;0;0
0;Heimdall 2 - Into the Hall of Worlds (AGA);RPG / Isometric;Games:H/Heimdall2AGA/Heimdall2AGA.SlaveHeimdall2AGA.SlaveHeimdall2AGA.SlaveHeimdall2AGA.Slave;0;0;0;0
0;Heimdall 2 - Into the Hall of Worlds (CD32);RPG / Isometric;Games:H/Heimdall2CD32/Heimdall2CD32.SlaveHeimdall2CD32.SlaveHeimdall2CD32.SlaveHeimdall2CD32.Slave;0;0;0;0
0;Hell Bent;Action / Shooter / Vertical;Games:H/Hellbent/Hellbent.SlaveHellbent.SlaveHellbent.SlaveHellbent.Slave;0;0;0;0
0;Hell Raiser;Action / Multi Level;Games:H/HellRaisers/HellRaisers.SlaveHellRaisers.SlaveHellRaisers.SlaveHellRaisers.Slave;0;0;0;0
0;Hellfire Attack;Action / Shooter / 3D;Games:H/HellfireAttack/HellfireAttack.SlaveHellfireAttack.SlaveHellfireAttack.SlaveHellfireAttack.Slave;0;0;0;0
0;Hellowoon - Das Geheimnis des Zauberstabs (German);Adventure / Text;Games:H/HellowoonDe/HellowoonDe.SlaveHellowoonDe.SlaveHellowoonDe.SlaveHellowoonDe.Slave;0;0;0;0
0;Hellraider;Action / Shooter / Multi Way;Games:H/Hellraider/Hellraider.slaveHellraider.slaveHellraider.slaveHellraider.slave;0;0;0;0
0;Hellrun Machine, The (Coverdisk);Reaction / 2D;Games:H/HellrunMachine/HellrunMachine.SlaveHellrunMachine.SlaveHellrunMachine.SlaveHellrunMachine.Slave;0;0;0;0
0;Helter Skelter;Puzzle / 2D;Games:H/HelterSkelter/HelterSkelter.SlaveHelterSkelter.SlaveHelterSkelter.SlaveHelterSkelter.Slave;0;0;0;0
0;Hero's Quest - So You Want To Be A Hero;Adventure / Point & Click;Games:H/HerosQuest/HerosQuest.slaveHerosQuest.slaveHerosQuest.slaveHerosQuest.slave;0;0;0;0
0;Heroes of the Lance;Adventure / Action;Games:H/HeroesOfTheLance/HeroesOfTheLance.slaveHeroesOfTheLance.slaveHeroesOfTheLance.slaveHeroesOfTheLance.slave;0;0;0;0
0;HeroQuest;RPG / Isometric;Games:H/HeroQuest/HeroQuest.slaveHeroQuest.slaveHeroQuest.slaveHeroQuest.slave;0;0;0;0
0;HeroQuest - Return of the Witchlord;RPG / Isometric;Games:H/HeroQuest&ReturnWitchLord/HeroQuest&ReturnWitchLord.slaveHeroQuest&ReturnWitchLord.slaveHeroQuest&ReturnWitchLord.slaveHeroQuest&ReturnWitchLord.slave;0;0;0;0
0;HeroQuest 2 - Legacy Of Sorasil;RPG / Isometric;Games:H/HeroQuest2/HeroQuest2.SlaveHeroQuest2.SlaveHeroQuest2.SlaveHeroQuest2.Slave;0;0;0;0
0;Hexuma - Das Auge des Kal (German);Adventure / Text;Games:H/HexumaDe/HexumaDe.SlaveHexumaDe.SlaveHexumaDe.SlaveHexumaDe.Slave;0;0;0;0
0;High Seas Trader (AGA);Strategy / Trading;Games:H/HighSeasTraderAGA/HighSeasTraderAGA.SlaveHighSeasTraderAGA.SlaveHighSeasTraderAGA.SlaveHighSeasTraderAGA.Slave;0;0;0;0
0;High Steel;Puzzle / 2D;Games:H/HighSteel/HighSteel.SlaveHighSteel.SlaveHighSteel.SlaveHighSteel.Slave;0;0;0;0
0;Highway Hawks;Racing / Car / Chase View;Games:H/HighwayHawks/HighwayHawks.slaveHighwayHawks.slaveHighwayHawks.slaveHighwayHawks.slave;0;0;0;0
0;Highway Patrol II;Racing / Car / Driver View;Games:H/HighwayPatrol2/HighwayPatrol2.SlaveHighwayPatrol2.SlaveHighwayPatrol2.SlaveHighwayPatrol2.Slave;0;0;0;0
0;Highway Patrol II (Fast Mem);Racing / Car / Driver View;Games:H/HighwayPatrol2Fast/HighwayPatrol2Fast.SlaveHighwayPatrol2Fast.SlaveHighwayPatrol2Fast.SlaveHighwayPatrol2Fast.Slave;0;0;0;0
0;Hill Street Blues;Management / Police;Games:H/HillStreetBlues/HillStreetBlues.SlaveHillStreetBlues.SlaveHillStreetBlues.SlaveHillStreetBlues.Slave;0;0;0;0
0;Hillsfar;RPG / Open World;Games:H/Hillsfar/Hillsfar.SlaveHillsfar.SlaveHillsfar.SlaveHillsfar.Slave;0;0;0;0
0;Hillsfar (German);RPG / Open World;Games:H/HillsfarDe/HillsfarDe.SlaveHillsfarDe.SlaveHillsfarDe.SlaveHillsfarDe.Slave;0;0;0;0
0;Hilt - Against The Hoardes;Strategy / Battle / 2D;Games:H/Hilt/Hilt.SlaveHilt.SlaveHilt.SlaveHilt.Slave;0;0;0;0
0;Hilt II;Strategy / Battle / 2D;Games:H/Hilt2/Hilt2.SlaveHilt2.SlaveHilt2.SlaveHilt2.Slave;0;0;0;0
0;Hilt II (German);Strategy / Battle / 2D;Games:H/Hilt2De/Hilt2De.SlaveHilt2De.SlaveHilt2De.SlaveHilt2De.Slave;0;0;0;0
0;Hired Guns 1 MB;Unknown;Games:H/HiredGuns1MB/HiredGuns1MB.SlaveHiredGuns1MB.SlaveHiredGuns1MB.SlaveHiredGuns1MB.Slave;0;0;0;0
0;Hired Guns 512 KB;Unknown;Games:H/HiredGuns512KB/HiredGuns512KB.SlaveHiredGuns512KB.SlaveHiredGuns512KB.SlaveHiredGuns512KB.Slave;0;0;0;0
0;Hired Guns Demo 1 MB;Unknown;Games:H/HiredGunsDemo1MB/HiredGunsDemo1MB.SlaveHiredGunsDemo1MB.SlaveHiredGunsDemo1MB.SlaveHiredGunsDemo1MB.Slave;0;0;0;0
0;Hired Guns Demo 512 KB;Unknown;Games:H/HiredGunsDemo512KB/HiredGunsDemo512KB.SlaveHiredGunsDemo512KB.SlaveHiredGunsDemo512KB.SlaveHiredGunsDemo512KB.Slave;0;0;0;0
0;History Line 1914-1918;Strategy / Historical;Games:H/Historyline/HistoryLine.SlaveHistoryLine.SlaveHistoryLine.SlaveHistoryLine.Slave;0;0;0;0
0;History Line 1914-1918 (French);Strategy / Historical;Games:H/HistorylineFr/HistoryLineFr.SlaveHistoryLineFr.SlaveHistoryLineFr.SlaveHistoryLineFr.Slave;0;0;0;0
0;History Line 1914-1918 (German);Strategy / Historical;Games:H/HistorylineDe/HistoryLineDe.SlaveHistoryLineDe.SlaveHistoryLineDe.SlaveHistoryLineDe.Slave;0;0;0;0
0;Hitchhiker's Guide To The Galaxy, The;Adventure / Text;Games:H/HitchhikersGuideTTG/HitchhikersGuideTTG.SlaveHitchhikersGuideTTG.SlaveHitchhikersGuideTTG.SlaveHitchhikersGuideTTG.Slave;0;0;0;0
0;Hole In One;Sport / Miniature Golf;Games:H/HoleInOne/HoleInOne.slaveHoleInOne.slaveHoleInOne.slaveHoleInOne.slave;0;0;0;0
0;Hole In One & Data Disks;Sport / Miniature Golf;Games:H/HoleInOne&DataDisks/HoleInOne&DataDisks.SlaveHoleInOne&DataDisks.SlaveHoleInOne&DataDisks.SlaveHoleInOne&DataDisks.Slave;0;0;0;0
0;Holiday Maker (CDTV) (German);Adventure / Adult;Games:H/HolidayMakerCDTVDe/HolidayMakerCDTVDe.SlaveHolidayMakerCDTVDe.SlaveHolidayMakerCDTVDe.SlaveHolidayMakerCDTVDe.Slave;0;0;0;0
0;Holiday Maker (German);Adventure / Adult;Games:H/HolidayMakerDe/HolidayMakerDe.SlaveHolidayMakerDe.SlaveHolidayMakerDe.SlaveHolidayMakerDe.Slave;0;0;0;0
0;Hollywood Poker;Tabletop / Cards / Adult;Games:H/HollywoodPoker/HollywoodPoker.SlaveHollywoodPoker.SlaveHollywoodPoker.SlaveHollywoodPoker.Slave;0;0;0;0
0;Hollywood Poker Pro;Tabletop / Cards / Adult;Games:H/HollywoodPokerPro/HollywoodPokerPro.slaveHollywoodPokerPro.slaveHollywoodPokerPro.slaveHollywoodPokerPro.slave;0;0;0;0
0;Home Alone;Platform / Action;Games:H/HomeAlone/HomeAlone.SlaveHomeAlone.SlaveHomeAlone.SlaveHomeAlone.Slave;0;0;0;0
0;Hong Kong Phooey - No1 Super Guy;Platform / Action;Games:H/HongKongPhooey/HongKongPhooey.SlaveHongKongPhooey.SlaveHongKongPhooey.SlaveHongKongPhooey.Slave;0;0;0;0
0;Hook;Adventure / Point & Click;Games:H/Hook/Hook.slaveHook.slaveHook.slaveHook.slave;0;0;0;0
0;Horror Zombies From the Crypt;Adventure / Action;Games:H/HorrorZombiesFromTheCrypt/HorrorZombiesFromTheCrypt.SlaveHorrorZombiesFromTheCrypt.SlaveHorrorZombiesFromTheCrypt.SlaveHorrorZombiesFromTheCrypt.Slave;0;0;0;0
0;Hostage - Rescue Mission (NTSC);Action / Multi Level;Games:H/HostageNTSC/HostageNTSC.SlaveHostageNTSC.SlaveHostageNTSC.SlaveHostageNTSC.Slave;0;0;0;0
0;Hostages;Action / Multi Level;Games:H/Hostages/Hostages.SlaveHostages.SlaveHostages.SlaveHostages.Slave;0;0;0;0
0;Hostile Breed;Strategy / Action;Games:H/HostileBreed/HostileBreed.SlaveHostileBreed.SlaveHostileBreed.SlaveHostileBreed.Slave;0;0;0;0
0;Hot Rod;Racing / Car / Top Down;Games:H/HotRod/HotRod.SlaveHotRod.SlaveHotRod.SlaveHotRod.Slave;0;0;0;0
0;Hot Rubber;Racing / Bike / Chase View;Games:H/HotRubber/HotRubber.SlaveHotRubber.SlaveHotRubber.SlaveHotRubber.Slave;0;0;0;0
0;Hotshot;Puzzle / 2D;Games:H/Hotshot/Hotshot.SlaveHotshot.SlaveHotshot.SlaveHotshot.Slave;0;0;0;0
0;Hound Of Shadow, The;Adventure / Text;Games:H/HoundOfShadow/HoundOfShadow.SlaveHoundOfShadow.SlaveHoundOfShadow.SlaveHoundOfShadow.Slave;0;0;0;0
0;Hoyle Book Of Games Vol 3 - Great Board Games;Tabletop / Board Game;Games:H/HoyleVolume3/HoyleVolume3.slaveHoyleVolume3.slaveHoyleVolume3.slaveHoyleVolume3.slave;0;0;0;0
0;Huckleberry Hound In Hollywood Capers;Platform / Action;Games:H/HuckleberryHound/HuckleberryHound.SlaveHuckleberryHound.SlaveHuckleberryHound.SlaveHuckleberryHound.Slave;0;0;0;0
0;Hudson Hawk;Platform / Action;Games:H/HudsonHawk/HudsonHawk.SlaveHudsonHawk.SlaveHudsonHawk.SlaveHudsonHawk.Slave;0;0;0;0
0;Hugo - Pa Nye Eventyr (Danish);Action / Multi Level;Games:H/Hugo1Dk/Hugo1Dk.SlaveHugo1Dk.SlaveHugo1Dk.SlaveHugo1Dk.Slave;0;0;0;0
0;Hugo - Pa Nye Eventyr (Finnish);Action / Multi Level;Games:H/Hugo1Fi/Hugo1Fi.SlaveHugo1Fi.SlaveHugo1Fi.SlaveHugo1Fi.Slave;0;0;0;0
0;Hugo - Pa Nye Eventyr Del 2 (Danish);Action / Multi Level;Games:H/Hugo2Dk/Hugo2Dk.SlaveHugo2Dk.SlaveHugo2Dk.SlaveHugo2Dk.Slave;0;0;0;0
0;Hugo - Pa Nye Eventyr Del 2 (Finnish);Action / Multi Level;Games:H/Hugo2Fi/Hugo2Fi.SlaveHugo2Fi.SlaveHugo2Fi.SlaveHugo2Fi.Slave;0;0;0;0
0;Hugo (German);Action / Multi Level;Games:H/HugoDe/HugoDe.SlaveHugoDe.SlaveHugoDe.SlaveHugoDe.Slave;0;0;0;0
0;Hugo (Swedish);Action / Multi Level;Games:H/HugoSe/HugoSe.SlaveHugoSe.SlaveHugoSe.SlaveHugoSe.Slave;0;0;0;0
0;Human Killing Machine;Beat 'Em Up;Games:H/HumanKillingMachine/HumanKillingMachine.slaveHumanKillingMachine.slaveHumanKillingMachine.slaveHumanKillingMachine.slave;0;0;0;0
0;Humans 2, The - The Jurassic Levels;Platform / Puzzle;Games:H/Humans2/Humans2.slaveHumans2.slaveHumans2.slaveHumans2.slave;0;0;0;0
0;Humans 2, The - The Jurassic Levels (German);Platform / Puzzle;Games:H/Humans2De/Humans2De.slaveHumans2De.slaveHumans2De.slaveHumans2De.slave;0;0;0;0
0;Humans 3 Evolution, The - Lost in time... (AGA);Platform / Puzzle;Games:H/Humans3AGA/Humans3AGA.SlaveHumans3AGA.SlaveHumans3AGA.SlaveHumans3AGA.Slave;0;0;0;0
0;Humans, The;Platform / Puzzle;Games:H/Humans/Humans.slaveHumans.slaveHumans.slaveHumans.slave;0;0;0;0
0;Humans, The (CD32);Platform / Puzzle;Games:H/HumansCD32/HumansCD32.slaveHumansCD32.slaveHumansCD32.slaveHumansCD32.slave;0;0;0;0
0;Humans, The (French);Platform / Puzzle;Games:H/HumansFr/HumansFr.slaveHumansFr.slaveHumansFr.slaveHumansFr.slave;0;0;0;0
0;Humans, The (German);Platform / Puzzle;Games:H/HumansDe/HumansDe.slaveHumansDe.slaveHumansDe.slaveHumansDe.slave;0;0;0;0
0;Hunt For Red October, The;Simulator / Submarine;Games:H/HuntForRedOctober/HuntForRedOctober.SlaveHuntForRedOctober.SlaveHuntForRedOctober.SlaveHuntForRedOctober.Slave;0;0;0;0
0;Hunt For Red October, The - The Movie;Action / Shooter / Horizontal;Games:H/HuntForRedOctoberTheMovie/HuntForRedOctoberTheMovie.SlaveHuntForRedOctoberTheMovie.SlaveHuntForRedOctoberTheMovie.SlaveHuntForRedOctoberTheMovie.Slave;0;0;0;0
0;Hunter;Adventure / 3D;Games:H/Hunter/Hunter.SlaveHunter.SlaveHunter.SlaveHunter.Slave;0;0;0;0
0;Hunter (French);Adventure / 3D;Games:H/HunterFr/HunterFr.slaveHunterFr.slaveHunterFr.slaveHunterFr.slave;0;0;0;0
0;Hunter (German);Adventure / 3D;Games:H/HunterDe/HunterDe.slaveHunterDe.slaveHunterDe.slaveHunterDe.slave;0;0;0;0
0;Hybris (NTSC);Action / Shooter / Vertical;Games:H/HybrisNTSC/HybrisNTSC.SlaveHybrisNTSC.SlaveHybrisNTSC.SlaveHybrisNTSC.Slave;0;0;0;0
0;Hydra;Action / Shooter / Vehicle;Games:H/Hydra/Hydra.SlaveHydra.SlaveHydra.SlaveHydra.Slave;0;0;0;0
0;Hyperdome;Action / Shooter / Horizontal;Games:H/Hyperdome/Hyperdome.SlaveHyperdome.SlaveHyperdome.SlaveHyperdome.Slave;0;0;0;0
0;Hyperion;Action / Shooter / 3D;Games:H/Hyperion/Hyperion.SlaveHyperion.SlaveHyperion.SlaveHyperion.Slave;0;0;0;0
0;I Ludicrus;Beat 'Em Up / Weapon;Games:I/ILudicrus/ILudicrus.SlaveILudicrus.SlaveILudicrus.SlaveILudicrus.Slave;0;0;0;0
0;I Play 3-D Soccer;Sport / Football / Soccer;Games:I/IPlay3DSoccer/IPlay3DSoccer.slaveIPlay3DSoccer.slaveIPlay3DSoccer.slaveIPlay3DSoccer.slave;0;0;0;0
0;Ian Botham's Cricket;Sport / Cricket;Games:I/IanBothamsCricket/IanBothamsCricket.SlaveIanBothamsCricket.SlaveIanBothamsCricket.SlaveIanBothamsCricket.Slave;0;0;0;0
0;Ice Runner;Platform / Action;Games:I/IceRunner/IceRunner.SlaveIceRunner.SlaveIceRunner.SlaveIceRunner.Slave;0;0;0;0
0;IK+;Beat 'Em Up;Games:I/IK+/IK+.slaveIK+.slaveIK+.slaveIK+.slave;0;0;0;0
0;IK+ (CD32);Beat 'Em Up;Games:I/IK+CD32/IK+CD32.slaveIK+CD32.slaveIK+CD32.slaveIK+CD32.slave;0;0;0;0
0;Ikari Warriors;Action / Shooter / Vertical;Games:I/IkariWarriors/IkariWarriors.SlaveIkariWarriors.SlaveIkariWarriors.SlaveIkariWarriors.Slave;0;0;0;0
0;Ilyad;Action / Shooter / Horizontal;Games:I/Ilyad/Ilyad.slaveIlyad.slaveIlyad.slaveIlyad.slave;0;0;0;0
0;Immortal, The;RPG / Isometric;Games:I/Immortal/Immortal.slaveImmortal.slaveImmortal.slaveImmortal.slave;0;0;0;0
0;Impact!;Bat & Ball / 2D;Games:I/Impact/Impact.SlaveImpact.SlaveImpact.SlaveImpact.Slave;0;0;0;0
0;Impact! '95;Bat & Ball / 2D;Games:I/Impact95/Impact95.SlaveImpact95.SlaveImpact95.SlaveImpact95.Slave;0;0;0;0
0;Imperium;Strategy / Political;Games:I/Imperium/Imperium.SlaveImperium.SlaveImperium.SlaveImperium.Slave;0;0;0;0
0;Impossamole;Platform / Action;Games:I/Impossamole/Impossamole.slaveImpossamole.slaveImpossamole.slaveImpossamole.slave;0;0;0;0
0;Impossible Mission 2;Platform / Action;Games:I/ImpossibleMission2/ImpossibleMission2.SlaveImpossibleMission2.SlaveImpossibleMission2.SlaveImpossibleMission2.Slave;0;0;0;0
0;Impossible Mission 2025;Action / Shooter / 2D;Games:I/ImpossibleMission2025/ImpossibleMission2025.slaveImpossibleMission2025.slaveImpossibleMission2025.slaveImpossibleMission2025.slave;0;0;0;0
0;Impossible Mission 2025 (AGA);Action / Shooter / 2D;Games:I/ImpossibleMission2025AGA/ImpossibleMission2025AGA.slaveImpossibleMission2025AGA.slaveImpossibleMission2025AGA.slaveImpossibleMission2025AGA.slave;0;0;0;0
0;Incredible Crash Dummies;Platform / Action;Games:I/IncredibleCrashDummies/IncredibleCrashDummies.slaveIncredibleCrashDummies.slaveIncredibleCrashDummies.slaveIncredibleCrashDummies.slave;0;0;0;0
0;Incredible Shrinking Sphere (ISS);Action / Shooter / Isometric;Games:I/ISS/ISS.SlaveISS.SlaveISS.SlaveISS.Slave;0;0;0;0
0;Indiana Jones & The Fate Of Atlantis;Adventure / Point & Click;Games:I/IndianaJonesAtlantisAdv/IndianaJonesAtlantisAdv.slaveIndianaJonesAtlantisAdv.slaveIndianaJonesAtlantisAdv.slaveIndianaJonesAtlantisAdv.slave;0;0;0;0
0;Indiana Jones & The Fate Of Atlantis (Action Game);Adventure / Isometric;Games:I/IndianaJonesAtlantisAct/IndianaJonesAtlantisAct.slaveIndianaJonesAtlantisAct.slaveIndianaJonesAtlantisAct.slaveIndianaJonesAtlantisAct.slave;0;0;0;0
0;Indiana Jones & The Fate Of Atlantis (French);Adventure / Point & Click;Games:I/IndianaJonesAtlantisAdvFr/IndianaJonesAtlantisAdvFr.slaveIndianaJonesAtlantisAdvFr.slaveIndianaJonesAtlantisAdvFr.slaveIndianaJonesAtlantisAdvFr.slave;0;0;0;0
0;Indiana Jones & The Fate Of Atlantis (German);Adventure / Point & Click;Games:I/IndianaJonesAtlantisAdvDe/IndianaJonesAtlantisAdvDe.slaveIndianaJonesAtlantisAdvDe.slaveIndianaJonesAtlantisAdvDe.slaveIndianaJonesAtlantisAdvDe.slave;0;0;0;0
0;Indiana Jones & The Fate Of Atlantis (Italian);Adventure / Point & Click;Games:I/IndianaJonesAtlantisAdvIt/IndianaJonesAtlantisAdvIt.slaveIndianaJonesAtlantisAdvIt.slaveIndianaJonesAtlantisAdvIt.slaveIndianaJonesAtlantisAdvIt.slave;0;0;0;0
0;Indiana Jones & The Fate Of Atlantis (Spanish);Adventure / Point & Click;Games:I/IndianaJonesAtlantisAdvEs/IndianaJonesAtlantisAdvEs.slaveIndianaJonesAtlantisAdvEs.slaveIndianaJonesAtlantisAdvEs.slaveIndianaJonesAtlantisAdvEs.slave;0;0;0;0
0;Indiana Jones & The Last Crusade (Action Game);Adventure / Action;Games:I/IndianaJonesLastCrusAct/IndianaJonesLastCrusAct.SlaveIndianaJonesLastCrusAct.SlaveIndianaJonesLastCrusAct.SlaveIndianaJonesLastCrusAct.Slave;0;0;0;0
0;Indiana Jones & The Last Crusade (Adventure) (CDTV) (Germ;Adventure / Point & Click;Games:I/IndyLastCrusAdvDeCDTV/IndyLastCrusAdvDeCDTV.slaveIndyLastCrusAdvDeCDTV.slaveIndyLastCrusAdvDeCDTV.slaveIndyLastCrusAdvDeCDTV.slave;0;0;0;0
0;Indiana Jones & The Last Crusade (Adventure) (French);Adventure / Point & Click;Games:I/IndianaJonesLastCrusAdvFr/IndyLastCrusAdvFr.slaveIndyLastCrusAdvFr.slaveIndyLastCrusAdvFr.slaveIndyLastCrusAdvFr.slave;0;0;0;0
0;Indiana Jones & The Last Crusade (Adventure) (German);Adventure / Point & Click;Games:I/IndianaJonesLastCrusAdvDe/IndyLastCrusAdvDe.slaveIndyLastCrusAdvDe.slaveIndyLastCrusAdvDe.slaveIndyLastCrusAdvDe.slave;0;0;0;0
0;Indiana Jones & The Last Crusade (Adventure) (Italian);Adventure / Point & Click;Games:I/IndianaJonesLastCrusAdvIt/IndyLastCrusAdvIt.slaveIndyLastCrusAdvIt.slaveIndyLastCrusAdvIt.slaveIndyLastCrusAdvIt.slave;0;0;0;0
0;Indiana Jones & The Last Crusade (Adventure) (NTSC);Adventure / Point & Click;Games:I/IndyJonesLastCrusAdvNTSC/IndyLastCrusAdvNTSC.slaveIndyLastCrusAdvNTSC.slaveIndyLastCrusAdvNTSC.slaveIndyLastCrusAdvNTSC.slave;0;0;0;0
0;Indiana Jones & The Last Crusade (Adventure) (Spanish);Adventure / Point & Click;Games:I/IndianaJonesLastCrusAdvEs/IndyLastCrusAdvEs.slaveIndyLastCrusAdvEs.slaveIndyLastCrusAdvEs.slaveIndyLastCrusAdvEs.slave;0;0;0;0
0;Indiana Jones & The Temple Of Doom;Adventure / Action;Games:I/IndianaJonesTempleOfDoom/IndianaJonesTempleOfDoom.slaveIndianaJonesTempleOfDoom.slaveIndianaJonesTempleOfDoom.slaveIndianaJonesTempleOfDoom.slave;0;0;0;0
0;Indianapolis 500;Racing / Car / Driver View;Games:I/Indianapolis500/Indianapolis500.slaveIndianapolis500.slaveIndianapolis500.slaveIndianapolis500.slave;0;0;0;0
0;Indigo (Unreleased) (Files);Platform / Action;Games:I/IndigoFiles/IndigoFiles.SlaveIndigoFiles.SlaveIndigoFiles.SlaveIndigoFiles.Slave;0;0;0;0
0;Indigo (Unreleased) (Image);Platform / Action;Games:I/IndigoImage/IndigoImage.SlaveIndigoImage.SlaveIndigoImage.SlaveIndigoImage.Slave;0;0;0;0
0;Indoor Sports - Volume 1;Sport / Bar / Saloon / Pub;Games:I/IndoorSports/IndoorSports.SlaveIndoorSports.SlaveIndoorSports.SlaveIndoorSports.Slave;0;0;0;0
0;Indy Heat;Racing / Car / Isometric;Games:I/IndyHeat/IndyHeat.slaveIndyHeat.slaveIndyHeat.slaveIndyHeat.slave;0;0;0;0
0;Inertia Drive;Action / Shooter / Multi Way;Games:I/InertiaDrive/InertiaDrive.SlaveInertiaDrive.SlaveInertiaDrive.SlaveInertiaDrive.Slave;0;0;0;0
0;Infection;Puzzle / 2D;Games:I/Infection/Infection.SlaveInfection.SlaveInfection.SlaveInfection.Slave;0;0;0;0
0;Infestation;Action / Shooter / 3D;Games:I/Infestation/Infestation.slaveInfestation.slaveInfestation.slaveInfestation.slave;0;0;0;0
0;Ingrid's Back!;Adventure / Text;Games:I/IngridsBack/IngridsBack.SlaveIngridsBack.SlaveIngridsBack.SlaveIngridsBack.Slave;0;0;0;0
0;Innocent Until Caught;Adventure / Point & Click;Games:I/InnocentUntilCaught/InnocentUntilCaught.slaveInnocentUntilCaught.slaveInnocentUntilCaught.slaveInnocentUntilCaught.slave;0;0;0;0
0;Innocent Until Caught (French);Adventure / Point & Click;Games:I/InnocentUntilCaughtFr/InnocentUntilCaughtFr.slaveInnocentUntilCaughtFr.slaveInnocentUntilCaughtFr.slaveInnocentUntilCaughtFr.slave;0;0;0;0
0;Innocent Until Caught (German);Adventure / Point & Click;Games:I/InnocentUntilCaughtDe/InnocentUntilCaughtDe.slaveInnocentUntilCaughtDe.slaveInnocentUntilCaughtDe.slaveInnocentUntilCaughtDe.slave;0;0;0;0
0;Innocent Until Caught (Italian);Adventure / Point & Click;Games:I/InnocentUntilCaughtIt/InnocentUntilCaughtIt.SlaveInnocentUntilCaughtIt.SlaveInnocentUntilCaughtIt.SlaveInnocentUntilCaughtIt.Slave;0;0;0;0
0;Insanity Fight;Action / Shooter / Vertical;Games:I/InsanityFight/InsanityFight.SlaveInsanityFight.SlaveInsanityFight.SlaveInsanityFight.Slave;0;0;0;0
0;Insector Hecti in the Interchange;Puzzle / 2D;Games:I/InsectorHectiInterChange/InsectorHectiInterChange.SlaveInsectorHectiInterChange.SlaveInsectorHectiInterChange.SlaveInsectorHectiInterChange.Slave;0;0;0;0
0;Insects In Space;Action / Shooter / Horizontal;Games:I/InsectsInSpace/InsectsInSpace.slaveInsectsInSpace.slaveInsectsInSpace.slaveInsectsInSpace.slave;0;0;0;0
0;Intact (1.5MB);Action / Shooter / Vertical;Games:I/Intact15MB/Intact15MB.SlaveIntact15MB.SlaveIntact15MB.SlaveIntact15MB.Slave;0;0;0;0
0;Intact (1MB);Action / Shooter / Vertical;Games:I/Intact1MB/Intact1MB.SlaveIntact1MB.SlaveIntact1MB.SlaveIntact1MB.Slave;0;0;0;0
0;Intact (512KB);Action / Shooter / Vertical;Games:I/Intact512k/Intact512k.SlaveIntact512k.SlaveIntact512k.SlaveIntact512k.Slave;0;0;0;0
0;International 3D Tennis;Sport / Tennis;Games:I/International3DTennis/International3DTennis.slaveInternational3DTennis.slaveInternational3DTennis.slaveInternational3DTennis.slave;0;0;0;0
0;International Ice Hockey;Sport / Ice Hockey;Games:I/InternationalIceHockey/InternationalIceHockey.SlaveInternationalIceHockey.SlaveInternationalIceHockey.SlaveInternationalIceHockey.Slave;0;0;0;0
0;International Ninja Rabbits;Action / Fighter 2D;Games:I/InternationalNinjaRabbits/InternationalNinjaRabbits.SlaveInternationalNinjaRabbits.SlaveInternationalNinjaRabbits.SlaveInternationalNinjaRabbits.Slave;0;0;0;0
0;International Soccer;Sport / Football / Soccer;Games:I/InternationalSoccer/InternationalSoccer.SlaveInternationalSoccer.SlaveInternationalSoccer.SlaveInternationalSoccer.Slave;0;0;0;0
0;International Sports Challenge;Sport / Multi;Games:I/IntSportsChallenge/IntSportsChallenge.slaveIntSportsChallenge.slaveIntSportsChallenge.slaveIntSportsChallenge.slave;0;0;0;0
0;International Tennis;Sport / Tennis;Games:I/InternationalTennis/InternationalTennis.slaveInternationalTennis.slaveInternationalTennis.slaveInternationalTennis.slave;0;0;0;0
0;International Truck Racing;Racing / Car / Top Down;Games:I/InternationalTruckRacing/InternationalTruckRacing.slaveInternationalTruckRacing.slaveInternationalTruckRacing.slaveInternationalTruckRacing.slave;0;0;0;0
0;Interphase;Action / Shooter / 3D;Games:I/Interphase/Interphase.slaveInterphase.slaveInterphase.slaveInterphase.slave;0;0;0;0
0;Interphase (Coverdisk);Action / Shooter / 3D;Games:I/InterphaseAmigaFormat/InterphaseAmigaFormat.slaveInterphaseAmigaFormat.slaveInterphaseAmigaFormat.slaveInterphaseAmigaFormat.slave;0;0;0;0
0;Into the Eagle's Nest;Action / Shooter / Multi Way;Games:I/IntoTheEaglesNest/IntoTheEaglesNest.slaveIntoTheEaglesNest.slaveIntoTheEaglesNest.slaveIntoTheEaglesNest.slave;0;0;0;0
0;Invasion;Action / Shooter / Crosshair;Games:I/Invasion/Invasion.SlaveInvasion.SlaveInvasion.SlaveInvasion.Slave;0;0;0;0
0;Invest (One Disk) (German);Management / Business;Games:I/InvestDe1Disk/InvestDe1Disk.slaveInvestDe1Disk.slaveInvestDe1Disk.slaveInvestDe1Disk.slave;0;0;0;0
0;Invest (Two Disk) (German);Management / Business;Games:I/InvestDe2Disk/InvestDe2Disk.slaveInvestDe2Disk.slaveInvestDe2Disk.slaveInvestDe2Disk.slave;0;0;0;0
0;Inviyya (Game Demo);Action / Shooter / Horizontal;Games:I/InviyyaDemo/InviyyaDemo.SlaveInviyyaDemo.SlaveInviyyaDemo.SlaveInviyyaDemo.Slave;0;0;0;0
0;Iron Lord;Strategy / Action;Games:I/IronLord/IronLord.SlaveIronLord.SlaveIronLord.SlaveIronLord.Slave;0;0;0;0
0;Iron Lord (French);Strategy / Action;Games:I/IronLordFr/IronLordFr.SlaveIronLordFr.SlaveIronLordFr.SlaveIronLordFr.Slave;0;0;0;0
0;Iron Lord (German);Strategy / Action;Games:I/IronLordDe/IronLordDe.SlaveIronLordDe.SlaveIronLordDe.SlaveIronLordDe.Slave;0;0;0;0
0;Iron Trackers;Racing / Bike / Chase View;Games:I/IronTrackers/IronTrackers.SlaveIronTrackers.SlaveIronTrackers.SlaveIronTrackers.Slave;0;0;0;0
0;Iron Trackers (French);Racing / Bike / Chase View;Games:I/IronTrackersFr/IronTrackersFr.SlaveIronTrackersFr.SlaveIronTrackersFr.SlaveIronTrackersFr.Slave;0;0;0;0
0;Ishar - Legend Of The Fortress;RPG / Dungeon Crawler;Games:I/Ishar/Ishar.SlaveIshar.SlaveIshar.SlaveIshar.Slave;0;0;0;0
0;Ishar - Legend Of The Fortress (AGA);RPG / Dungeon Crawler;Games:I/IsharAGA/IsharAGA.SlaveIsharAGA.SlaveIsharAGA.SlaveIsharAGA.Slave;0;0;0;0
0;Ishar - Legend Of The Fortress (Spanish);RPG / Dungeon Crawler;Games:I/IsharEs/IsharEs.SlaveIsharEs.SlaveIsharEs.SlaveIsharEs.Slave;0;0;0;0
0;Ishar 2 - Messengers Of Doom;RPG / Dungeon Crawler;Games:I/Ishar2/Ishar2.SlaveIshar2.SlaveIshar2.SlaveIshar2.Slave;0;0;0;0
0;Ishar 2 - Messengers Of Doom (AGA);RPG / Dungeon Crawler;Games:I/Ishar2AGA/Ishar2AGA.SlaveIshar2AGA.SlaveIshar2AGA.SlaveIshar2AGA.Slave;0;0;0;0
0;Ishar 2 - Messengers Of Doom (Spanish);RPG / Dungeon Crawler;Games:I/Ishar2Es/Ishar2Es.SlaveIshar2Es.SlaveIshar2Es.SlaveIshar2Es.Slave;0;0;0;0
0;Ishar 3 - The Seven Gates of Infinity;RPG / Dungeon Crawler;Games:I/Ishar3/Ishar3.SlaveIshar3.SlaveIshar3.SlaveIshar3.Slave;0;0;0;0
0;Ishar 3 - The Seven Gates of Infinity (AGA);RPG / Dungeon Crawler;Games:I/Ishar3AGA/Ishar3AGA.SlaveIshar3AGA.SlaveIshar3AGA.SlaveIshar3AGA.Slave;0;0;0;0
0;Ishar 3 - The Seven Gates of Infinity (French);RPG / Dungeon Crawler;Games:I/Ishar3Fr/Ishar3Fr.SlaveIshar3Fr.SlaveIshar3Fr.SlaveIshar3Fr.Slave;0;0;0;0
0;Ishar 3 - The Seven Gates of Infinity (German);RPG / Dungeon Crawler;Games:I/Ishar3De/Ishar3De.SlaveIshar3De.SlaveIshar3De.SlaveIshar3De.Slave;0;0;0;0
0;Ishido - The Way of Stones;Puzzle / 2D;Games:I/Ishido/Ishido.SlaveIshido.SlaveIshido.SlaveIshido.Slave;0;0;0;0
0;Island Of Hope Lost, The;Adventure / Text;Games:I/IslandOfLostHope/IslandOfLostHope.SlaveIslandOfLostHope.SlaveIslandOfLostHope.SlaveIslandOfLostHope.Slave;0;0;0;0
0;It Came From The Desert!;Adventure / Action;Games:I/ItCameFromTheDesert/ItCameFromTheDesert.SlaveItCameFromTheDesert.SlaveItCameFromTheDesert.SlaveItCameFromTheDesert.Slave;0;0;0;0
0;It Came From The Desert! (Greek);Adventure / Action;Games:I/ItCameFromTheDesertGr/ItCameFromTheDesertGr.SlaveItCameFromTheDesertGr.SlaveItCameFromTheDesertGr.SlaveItCameFromTheDesertGr.Slave;0;0;0;0
0;Italia 1990;Sport / Football / Soccer;Games:I/Italia1990/Italia1990.slaveItalia1990.slaveItalia1990.slaveItalia1990.slave;0;0;0;0
0;Italy 1990;Sport / Football / Soccer;Games:I/Italy1990/Italy1990.slaveItaly1990.slaveItaly1990.slaveItaly1990.slave;0;0;0;0
0;Italy 1990 - Winners Edition;Sport / Football / Soccer;Games:I/Italy1990WinnersEdition/Italy1990WinnersEdition.slaveItaly1990WinnersEdition.slaveItaly1990WinnersEdition.slaveItaly1990WinnersEdition.slave;0;0;0;0
0;Ivan 'Ironman' Stewart's Super Off Road;Racing / Car / Isometric;Games:S/SuperOffRoad/SuperOffRoad.SlaveSuperOffRoad.SlaveSuperOffRoad.SlaveSuperOffRoad.Slave;0;0;0;0
0;Ivan 'Ironman' Stewart's Super Off Road (NTSC);Racing / Car / Isometric;Games:S/SuperOffRoadNTSC/SuperOffRoadNTSC.SlaveSuperOffRoadNTSC.SlaveSuperOffRoadNTSC.SlaveSuperOffRoadNTSC.Slave;0;0;0;0
0;Ivanhoe;Action / Fighter 2D;Games:I/Ivanhoe/Ivanhoe.slaveIvanhoe.slaveIvanhoe.slaveIvanhoe.slave;0;0;0;0
0;Jabato (Spanish);Adventure / Text;Games:J/JabatoEs/JabatoEs.slaveJabatoEs.slaveJabatoEs.slaveJabatoEs.slave;0;0;0;0
0;Jaguar XJ220 (Files);Racing / Car / Chase View;Games:J/JaguarXJ220Files/JaguarXJ220Files.SlaveJaguarXJ220Files.SlaveJaguarXJ220Files.SlaveJaguarXJ220Files.Slave;0;0;0;0
0;Jaguar XJ220 (Files) (Chip Mem);Racing / Car / Chase View;Games:J/JaguarXJ220FilesChip/JaguarXJ220FilesChip.SlaveJaguarXJ220FilesChip.SlaveJaguarXJ220FilesChip.SlaveJaguarXJ220FilesChip.Slave;0;0;0;0
0;Jaguar XJ220 (Image);Racing / Car / Chase View;Games:J/JaguarXJ220Image/JaguarXJ220Image.SlaveJaguarXJ220Image.SlaveJaguarXJ220Image.SlaveJaguarXJ220Image.Slave;0;0;0;0
0;Jaguar XJ220 (Image) (Chip Mem);Racing / Car / Chase View;Games:J/JaguarXJ220ImageChip/JaguarXJ220ImageChip.SlaveJaguarXJ220ImageChip.SlaveJaguarXJ220ImageChip.SlaveJaguarXJ220ImageChip.Slave;0;0;0;0
0;Jahangir Khan's World Championship Squash;Sport / Squash;Games:J/JahangirKhansWChampSquash/JahangirKhansWChampSquash.SlaveJahangirKhansWChampSquash.SlaveJahangirKhansWChampSquash.SlaveJahangirKhansWChampSquash.Slave;0;0;0;0
0;James Bond - The Stealth Affair (NTSC);Adventure / Point & Click;Games:J/JamesBondStlthAffairNTSC/JamesBondStlthAffairNTSC.slaveJamesBondStlthAffairNTSC.slaveJamesBondStlthAffairNTSC.slaveJamesBondStlthAffairNTSC.slave;0;0;0;0
0;James Pond - Underwater Agent;Platform / Action;Games:J/JamesPond/JamesPond.slaveJamesPond.slaveJamesPond.slaveJamesPond.slave;0;0;0;0
0;James Pond 2 - Codename RoboCod;Platform / Action;Games:J/JamesPond2/JamesPond2.SlaveJamesPond2.SlaveJamesPond2.SlaveJamesPond2.Slave;0;0;0;0
0;James Pond 2 - Codename RoboCod (AGA);Platform / Action;Games:J/JamesPond2AGA/JamesPond2AGA.SlaveJamesPond2AGA.SlaveJamesPond2AGA.SlaveJamesPond2AGA.Slave;0;0;0;0
0;James Pond 2 - Codename RoboCod (CD32);Platform / Action;Games:J/JamesPond2CD32/JamesPond2CD32.slaveJamesPond2CD32.slaveJamesPond2CD32.slaveJamesPond2CD32.slave;0;0;0;0
0;James Pond 3 - Operation Starfi5h (AGA);Platform / Action;Games:J/JamesPond3AGA/JamesPond3AGA.slaveJamesPond3AGA.slaveJamesPond3AGA.slaveJamesPond3AGA.slave;0;0;0;0
0;James Pond 3 - Operation Starfi5h (CD32);Platform / Action;Games:J/JamesPond3CD32/JamesPond3CD32.slaveJamesPond3CD32.slaveJamesPond3CD32.slaveJamesPond3CD32.slave;0;0;0;0
0;James Pond 3 - Operation Starfi5h (CD32) (French);Platform / Action;Games:J/JamesPond3CD32Fr/JamesPond3CD32Fr.slaveJamesPond3CD32Fr.slaveJamesPond3CD32Fr.slaveJamesPond3CD32Fr.slave;0;0;0;0
0;Jaws;Action / Shooter / 2D;Games:J/Jaws/Jaws.SlaveJaws.SlaveJaws.SlaveJaws.Slave;0;0;0;0
0;Jet;Simulator / Plane / Combat;Games:J/Jet/Jet.SlaveJet.SlaveJet.SlaveJet.Slave;0;0;0;0
0;Jet & Hawaiian Scenery Disk;Simulator / Plane / Combat;Games:J/Jet&HawaiianScenery/Jet&HawaiianScenery.SlaveJet&HawaiianScenery.SlaveJet&HawaiianScenery.SlaveJet&HawaiianScenery.Slave;0;0;0;0
0;Jet & Scenery Disk 07;Simulator / Plane / Combat;Games:J/Jet&SceneryDisk07/Jet&SceneryDisk07.SlaveJet&SceneryDisk07.SlaveJet&SceneryDisk07.SlaveJet&SceneryDisk07.Slave;0;0;0;0
0;Jet & Scenery Disk 09;Simulator / Plane / Combat;Games:J/Jet&SceneryDisk09/Jet&SceneryDisk09.SlaveJet&SceneryDisk09.SlaveJet&SceneryDisk09.SlaveJet&SceneryDisk09.Slave;0;0;0;0
0;Jet & Scenery Disk 11;Simulator / Plane / Combat;Games:J/Jet&SceneryDisk11/Jet&SceneryDisk11.SlaveJet&SceneryDisk11.SlaveJet&SceneryDisk11.SlaveJet&SceneryDisk11.Slave;0;0;0;0
0;Jet & Scenery Disk 12;Simulator / Plane / Combat;Games:J/Jet&SceneryDisk12/Jet&SceneryDisk12.SlaveJet&SceneryDisk12.SlaveJet&SceneryDisk12.SlaveJet&SceneryDisk12.Slave;0;0;0;0
0;Jet & Scenery Disk 13;Simulator / Plane / Combat;Games:J/Jet&SceneryDisk13/Jet&SceneryDisk13.SlaveJet&SceneryDisk13.SlaveJet&SceneryDisk13.SlaveJet&SceneryDisk13.Slave;0;0;0;0
0;Jet & Scenery Disk 14;Simulator / Plane / Combat;Games:J/Jet&SceneryDisk14/Jet&SceneryDisk14.SlaveJet&SceneryDisk14.SlaveJet&SceneryDisk14.SlaveJet&SceneryDisk14.Slave;0;0;0;0
0;Jet Set Willy II - The Final Frontier;Platform / Action;Games:J/JetSetWilly2/JetSetWilly2.slaveJetSetWilly2.slaveJetSetWilly2.slaveJetSetWilly2.slave;0;0;0;0
0;Jetsons, The - The Computer Game;Adventure / Action;Games:J/JetsonsTheComputerGame/JetsonsTheComputerGame.SlaveJetsonsTheComputerGame.SlaveJetsonsTheComputerGame.SlaveJetsonsTheComputerGame.Slave;0;0;0;0
0;Jetstrike (Intro);Misc / Intro Disk;Games:J/Jetstrike/Jetstrike.SlaveJetstrike.SlaveJetstrike.SlaveJetstrike.Slave;0;0;0;0
0;Jetstrike (Intro);Misc / Intro Disk;Games:J/Jetstrike/JetstrikeIntro.SlaveJetstrikeIntro.SlaveJetstrikeIntro.SlaveJetstrikeIntro.Slave;0;0;0;0
0;Jetstrike (Intro) (AGA);Misc / Intro Disk;Games:J/JetstrikeAGA/JetstrikeAGA.SlaveJetstrikeAGA.SlaveJetstrikeAGA.SlaveJetstrikeAGA.Slave;0;0;0;0
0;Jetstrike (Intro) (AGA);Misc / Intro Disk;Games:J/JetstrikeAGA/JetstrikeAGAIntro.SlaveJetstrikeAGAIntro.SlaveJetstrikeAGAIntro.SlaveJetstrikeAGAIntro.Slave;0;0;0;0
0;Jewels Of Darkness;Adventure / Text;Games:J/JewelsOfDarkness/JewelsOfDarkness.SlaveJewelsOfDarkness.SlaveJewelsOfDarkness.SlaveJewelsOfDarkness.Slave;0;0;0;0
0;Jim Power In 'Mutant Planet';Action / Fighter 2D;Games:J/JimPower/JimPower.slaveJimPower.slaveJimPower.slaveJimPower.slave;0;0;0;0
0;Jimmy White's Whirlwind Snooker;Sport / Snooker;Games:J/JimmyWhitesSnooker/JimmyWhitesSnooker.slaveJimmyWhitesSnooker.slaveJimmyWhitesSnooker.slaveJimmyWhitesSnooker.slave;0;0;0;0
0;Jimmy Willburne - A La Recherche Du Peigne Perdu (Intro);Misc / Intro Disk;Games:J/JimmyWillburneFr/IntroFr.SlaveIntroFr.SlaveIntroFr.SlaveIntroFr.Slave;0;0;0;0
0;Jimmy Willburne - A La Recherche Du Peigne Perdu (Intro);Misc / Intro Disk;Games:J/JimmyWillburneFr/JimmyWillburneFr.SlaveJimmyWillburneFr.SlaveJimmyWillburneFr.SlaveJimmyWillburneFr.Slave;0;0;0;0
0;Jimmy's Fantastic Journey;Platform / Action;Games:J/JimmysFantasticJourney/JimmysFantasticJourney.slaveJimmysFantasticJourney.slaveJimmysFantasticJourney.slaveJimmysFantasticJourney.slave;0;0;0;0
0;Jinks;Bat & Ball / 2D;Games:J/Jinks/Jinks.SlaveJinks.SlaveJinks.SlaveJinks.Slave;0;0;0;0
0;Jinxter;Adventure / Text;Games:J/Jinxter/Jinxter.SlaveJinxter.SlaveJinxter.SlaveJinxter.Slave;0;0;0;0
0;Jocky Wilson's Darts Challenge;Sport / Darts;Games:J/JockyWilsonsDartChallenge/JockyWilsonsDartChallenge.slaveJockyWilsonsDartChallenge.slaveJockyWilsonsDartChallenge.slaveJockyWilsonsDartChallenge.slave;0;0;0;0
0;Joe & Mac (Caveman Ninja);Platform / Action;Games:J/Joe&MacCavemanNinja/Joe&MacCavemanNinja.slaveJoe&MacCavemanNinja.slaveJoe&MacCavemanNinja.slaveJoe&MacCavemanNinja.slave;0;0;0;0
0;Joe & Mac (Caveman Ninja) (Fast Mem);Platform / Action;Games:J/Joe&MacCavemanNinjaFast/Joe&MacCavemanNinjaFast.slaveJoe&MacCavemanNinjaFast.slaveJoe&MacCavemanNinjaFast.slaveJoe&MacCavemanNinjaFast.slave;0;0;0;0
0;Joe Blade;Platform / Action;Games:J/JoeBlade/JoeBlade.SlaveJoeBlade.SlaveJoeBlade.SlaveJoeBlade.Slave;0;0;0;0
0;Joe Blade 2;Platform / Action;Games:J/JoeBlade2/JoeBlade2.SlaveJoeBlade2.SlaveJoeBlade2.SlaveJoeBlade2.Slave;0;0;0;0
0;John Barnes European Football;Sport / Football / Soccer;Games:J/JohnBarnesEuroFootball/JohnBarnesEuroFootball.SlaveJohnBarnesEuroFootball.SlaveJohnBarnesEuroFootball.SlaveJohnBarnesEuroFootball.Slave;0;0;0;0
0;John Lowe's Ultimate Darts;Sport / Darts;Games:J/JohnLowesUltimateDarts/JohnLowesUltimateDarts.SlaveJohnLowesUltimateDarts.SlaveJohnLowesUltimateDarts.SlaveJohnLowesUltimateDarts.Slave;0;0;0;0
0;John Madden Football;Sport / American Football;Games:J/JohnMaddenFootball/JohnMaddenFootball.slaveJohnMaddenFootball.slaveJohnMaddenFootball.slaveJohnMaddenFootball.slave;0;0;0;0
0;Jonathan - The Next Artventure (German);Adventure / Adult;Games:J/JonathanDe/JonathanDe.SlaveJonathanDe.SlaveJonathanDe.SlaveJonathanDe.Slave;0;0;0;0
0;Journey - The Quest Begins;Adventure / Text;Games:J/Journey/Journey.SlaveJourney.SlaveJourney.SlaveJourney.Slave;0;0;0;0
0;Jouster 3 (PD);Platform / Action;Games:J/Jouster3/Jouster3.slaveJouster3.slaveJouster3.slaveJouster3.slave;0;0;0;0
0;Judge Dredd;Platform / Action;Games:J/JudgeDredd/JudgeDredd.slaveJudgeDredd.slaveJudgeDredd.slaveJudgeDredd.slave;0;0;0;0
0;Jug;Action / Shooter / Multi Way;Games:J/Jug/Jug.SlaveJug.SlaveJug.SlaveJug.Slave;0;0;0;0
0;Jump 'n' Roll (Coverdisk);Reaction / 3D;Games:J/JumpNRoll/JumpNRoll.SlaveJumpNRoll.SlaveJumpNRoll.SlaveJumpNRoll.Slave;0;0;0;0
0;Jumping Jack'Son;Puzzle / 2D;Games:J/JumpingJackSon/JumpingJackSon.SlaveJumpingJackSon.SlaveJumpingJackSon.SlaveJumpingJackSon.Slave;0;0;0;0
0;Jungle Book, The;Adventure / Action;Games:J/JungleBook/JungleBook.SlaveJungleBook.SlaveJungleBook.SlaveJungleBook.Slave;0;0;0;0
0;Jungle Strike;Action / Shooter / Isometric;Games:J/JungleStrike/JungleStrike.SlaveJungleStrike.SlaveJungleStrike.SlaveJungleStrike.Slave;0;0;0;0
0;Jungle Strike (AGA);Action / Shooter / Isometric;Games:J/JungleStrikeAGA/JungleStrikeAGA.SlaveJungleStrikeAGA.SlaveJungleStrikeAGA.SlaveJungleStrikeAGA.Slave;0;0;0;0
0;Jungle Strike (CD32);Action / Shooter / Isometric;Games:J/JungleStrikeCD32/JungleStrikeCD32.SlaveJungleStrikeCD32.SlaveJungleStrikeCD32.SlaveJungleStrikeCD32.Slave;0;0;0;0
0;Junior Typist;Educational;Games:J/JuniorTypist/JuniorTypist.SlaveJuniorTypist.SlaveJuniorTypist.SlaveJuniorTypist.Slave;0;0;0;0
0;Jupiter Probe;Action / Shooter / Vertical;Games:J/JupiterProbe/JupiterProbe.SlaveJupiterProbe.SlaveJupiterProbe.SlaveJupiterProbe.Slave;0;0;0;0
0;Jupiter's Masterdrive;Racing / Car / Top Down;Games:J/JupitersMasterdrive/JupitersMasterdrive.SlaveJupitersMasterdrive.SlaveJupitersMasterdrive.SlaveJupitersMasterdrive.Slave;0;0;0;0
0;Jurassic Park;Adventure / Isometric;Games:J/JurassicPark/JurassicPark.slaveJurassicPark.slaveJurassicPark.slaveJurassicPark.slave;0;0;0;0
0;Jurassic Park (AGA);Adventure / Isometric;Games:J/JurassicParkAGA/JurassicParkAGA.slaveJurassicParkAGA.slaveJurassicParkAGA.slaveJurassicParkAGA.slave;0;0;0;0
0;K240 (1MB);Management / Space;Games:K/K2401MB/K2401MB.SlaveK2401MB.SlaveK2401MB.SlaveK2401MB.Slave;0;0;0;0
0;K240 (512KB);Management / Space;Games:K/K240512KB/K240512KB.slaveK240512KB.slaveK240512KB.slaveK240512KB.slave;0;0;0;0
0;Kaiser (German);Strategy / Historical;Games:K/KaiserDe/KaiserDe.SlaveKaiserDe.SlaveKaiserDe.SlaveKaiserDe.Slave;0;0;0;0
0;Kajko I Kokosz;Adventure / Point & Click;Games:K/KajkoIKokosz/KajkoIKokosz.slaveKajkoIKokosz.slaveKajkoIKokosz.slaveKajkoIKokosz.slave;0;0;0;0
0;Kajko I Kokosz (Polish);Adventure / Point & Click;Games:K/KajkoIKokoszPl/KajkoIKokoszPl.SlaveKajkoIKokoszPl.SlaveKajkoIKokoszPl.SlaveKajkoIKokoszPl.Slave;0;0;0;0
0;Kalas Puffs Expressen (1MB) (Swedish);Platform / Vehicle;Games:K/KalasPuffExpressenSe1MB/KalasPuffExpressenSe1MB.slaveKalasPuffExpressenSe1MB.slaveKalasPuffExpressenSe1MB.slaveKalasPuffExpressenSe1MB.slave;0;0;0;0
0;Kalas Puffs Expressen (512KB) (Swedish);Platform / Vehicle;Games:K/KalasPuffExpressenSe512KB/KalasPuffExpressenSe512KB.slaveKalasPuffExpressenSe512KB.slaveKalasPuffExpressenSe512KB.slaveKalasPuffExpressenSe512KB.slave;0;0;0;0
0;Kamikaze;Action / Shooter / Vertical;Games:K/Kamikaze/Kamikaze.SlaveKamikaze.SlaveKamikaze.SlaveKamikaze.Slave;0;0;0;0
0;Karate Kid, The - Part 2;Beat 'Em Up;Games:K/KarateKid2/KarateKid2.slaveKarateKid2.slaveKarateKid2.slaveKarateKid2.slave;0;0;0;0
0;Karate King & City Defence;Compilation;Games:K/KarateKing&CityDefence/KarateKing&CityDefence.SlaveKarateKing&CityDefence.SlaveKarateKing&CityDefence.SlaveKarateKing&CityDefence.Slave;0;0;0;0
0;Karting Grand Prix;Racing / Car / Top Down;Games:K/KartingGrandPrix/KartingGrandPrix.SlaveKartingGrandPrix.SlaveKartingGrandPrix.SlaveKartingGrandPrix.Slave;0;0;0;0
0;Katakis (One Disk);Action / Shooter / Horizontal;Games:K/Katakis1Disk/Katakis1Disk.SlaveKatakis1Disk.SlaveKatakis1Disk.SlaveKatakis1Disk.Slave;0;0;0;0
0;Katakis (Two Disk);Action / Shooter / Horizontal;Games:K/Katakis2Disk/Katakis2Disk.SlaveKatakis2Disk.SlaveKatakis2Disk.SlaveKatakis2Disk.Slave;0;0;0;0
0;Kathedrale, Die (German);Adventure / Graphic;Games:K/KathedraleDe/KathedraleDe.slaveKathedraleDe.slaveKathedraleDe.slaveKathedraleDe.slave;0;0;0;0
0;Keef The Thief - A Boy and His Lockpick (NTSC);Adventure / Graphic;Games:K/KeefTheThiefNTSC/KeefTheThiefNTSC.SlaveKeefTheThiefNTSC.SlaveKeefTheThiefNTSC.SlaveKeefTheThiefNTSC.Slave;0;0;0;0
0;Kelly X;Action / Shooter / 3D;Games:K/KellyX/KellyX.slaveKellyX.slaveKellyX.slaveKellyX.slave;0;0;0;0
0;Kennedy Approach;Management / Transport;Games:K/KennedyApproach/KennedyApproach.slaveKennedyApproach.slaveKennedyApproach.slaveKennedyApproach.slave;0;0;0;0
0;Keys To Maramon, The;RPG / Open World;Games:K/KeysToMaramon/KeysToMaramon.SlaveKeysToMaramon.SlaveKeysToMaramon.SlaveKeysToMaramon.Slave;0;0;0;0
0;KGB;Adventure / Graphic;Games:K/KGB/KGB.SlaveKGB.SlaveKGB.SlaveKGB.Slave;0;0;0;0
0;KGB (French);Adventure / Graphic;Games:K/KGBFr/KGBFr.SlaveKGBFr.SlaveKGBFr.SlaveKGBFr.Slave;0;0;0;0
0;KGB (German);Adventure / Graphic;Games:K/KGBDe/KGBDe.SlaveKGBDe.SlaveKGBDe.SlaveKGBDe.Slave;0;0;0;0
0;Khalaan;Strategy / Historical;Games:K/Khalaan/Khalaan.SlaveKhalaan.SlaveKhalaan.SlaveKhalaan.Slave;0;0;0;0
0;Khalaan (French);Strategy / Historical;Games:K/KhalaanFr/KhalaanFr.SlaveKhalaanFr.SlaveKhalaanFr.SlaveKhalaanFr.Slave;0;0;0;0
0;Khalaan (German);Strategy / Historical;Games:K/KhalaanDe/KhalaanDe.SlaveKhalaanDe.SlaveKhalaanDe.SlaveKhalaanDe.Slave;0;0;0;0
0;Khalaan (NTSC);Strategy / Historical;Games:K/KhalaanNTSC/KhalaanNTSC.SlaveKhalaanNTSC.SlaveKhalaanNTSC.SlaveKhalaanNTSC.Slave;0;0;0;0
0;Kick Off;Sport / Football / Soccer;Games:K/KickOff/KickOff.SlaveKickOff.SlaveKickOff.SlaveKickOff.Slave;0;0;0;0
0;Kick Off - Extra Time (One Disk);Sport / Football / Soccer;Games:K/KickOff&ExtraTime1Disk/KickOff&ExtraTime1Disk.SlaveKickOff&ExtraTime1Disk.SlaveKickOff&ExtraTime1Disk.SlaveKickOff&ExtraTime1Disk.Slave;0;0;0;0
0;Kick Off - Extra Time (Two Disk);Sport / Football / Soccer;Games:K/KickOff&ExtraTime2Disk/KickOff&ExtraTime2Disk.SlaveKickOff&ExtraTime2Disk.SlaveKickOff&ExtraTime2Disk.SlaveKickOff&ExtraTime2Disk.Slave;0;0;0;0
0;Kick Off '96;Sport / Football / Soccer;Games:K/KickOff96/KickOff96.slaveKickOff96.slaveKickOff96.slaveKickOff96.slave;0;0;0;0
0;Kick Off 2;Sport / Football / Soccer;Games:K/KickOff2/KickOff2.SlaveKickOff2.SlaveKickOff2.SlaveKickOff2.Slave;0;0;0;0
0;Kick Off 2 - Competition Version;Sport / Football / Soccer;Games:K/KickOff2CV/KickOff2CV.slaveKickOff2CV.slaveKickOff2CV.slaveKickOff2CV.slave;0;0;0;0
0;Kick Off 2 - Return To Europe;Sport / Football / Soccer;Games:K/KickOff2ReturnToEurope/KickOff2ReturnToEurope.slaveKickOff2ReturnToEurope.slaveKickOff2ReturnToEurope.slaveKickOff2ReturnToEurope.slave;0;0;0;0
0;Kick Off 2 - The Final Whistle;Sport / Football / Soccer;Games:K/KickOff2FinalWhistle/KickOff2FinalWhistle.slaveKickOff2FinalWhistle.slaveKickOff2FinalWhistle.slaveKickOff2FinalWhistle.slave;0;0;0;0
0;Kick Off 2 - The Final Whistle (Competition Version);Sport / Football / Soccer;Games:K/KickOff2FinalWhistleCV/KickOff2FinalWhistleCV.slaveKickOff2FinalWhistleCV.slaveKickOff2FinalWhistleCV.slaveKickOff2FinalWhistleCV.slave;0;0;0;0
0;Kick Off 2 - The Final Whistle (German);Sport / Football / Soccer;Games:K/KickOff2FinalWhistleDe/KickOff2FWDe.SlaveKickOff2FWDe.SlaveKickOff2FWDe.SlaveKickOff2FWDe.Slave;0;0;0;0
0;Kick Off 2 (French);Sport / Football / Soccer;Games:K/KickOff2Fr/KickOff2Fr.slaveKickOff2Fr.slaveKickOff2Fr.slaveKickOff2Fr.slave;0;0;0;0
0;Kick Off 2 (German);Sport / Football / Soccer;Games:K/KickOff2De/KickOff2De.slaveKickOff2De.slaveKickOff2De.slaveKickOff2De.slave;0;0;0;0
0;Kick Off 2 (Italian);Sport / Football / Soccer;Games:K/KickOff2It/KickOff2It.slaveKickOff2It.slaveKickOff2It.slaveKickOff2It.slave;0;0;0;0
0;Kick Off 2 (Spanish);Sport / Football / Soccer;Games:K/KickOff2Es/KickOff2Es.slaveKickOff2Es.slaveKickOff2Es.slaveKickOff2Es.slave;0;0;0;0
0;Kick Off 2 & World Cup 90;Sport / Football / Soccer;Games:K/KickOff2PlusWC90/KickOff2PlusWC90.slaveKickOff2PlusWC90.slaveKickOff2PlusWC90.slaveKickOff2PlusWC90.slave;0;0;0;0
0;Kick Off 2 & World Cup 90 (French);Sport / Football / Soccer;Games:K/KickOff2PlusWC90Fr/KickOff2PlusWC90Fr.slaveKickOff2PlusWC90Fr.slaveKickOff2PlusWC90Fr.slaveKickOff2PlusWC90Fr.slave;0;0;0;0
0;Kick Off 2 & World Cup 90 (German);Sport / Football / Soccer;Games:K/KickOff2PlusWC90De/KickOff2PlusWC90De.slaveKickOff2PlusWC90De.slaveKickOff2PlusWC90De.slaveKickOff2PlusWC90De.slave;0;0;0;0
0;Kick Off 2 & World Cup 90 (Italian);Sport / Football / Soccer;Games:K/KickOff2PlusWC90It/KickOff2PlusWC90It.slaveKickOff2PlusWC90It.slaveKickOff2PlusWC90It.slaveKickOff2PlusWC90It.slave;0;0;0;0
0;Kick Off 3;Sport / Football / Soccer;Games:K/KickOff3/KickOff3.SlaveKickOff3.SlaveKickOff3.SlaveKickOff3.Slave;0;0;0;0
0;Kick Off 3 - European Challenge;Sport / Football / Soccer;Games:K/KickOff3EuroChallenge/KickOff3EuroChallenge.SlaveKickOff3EuroChallenge.SlaveKickOff3EuroChallenge.SlaveKickOff3EuroChallenge.Slave;0;0;0;0
0;Kick Off 3 - European Challenge (AGA);Sport / Football / Soccer;Games:K/KickOff3EuroChallengeAGA/KickOff3EuroChallengeAGA.SlaveKickOff3EuroChallengeAGA.SlaveKickOff3EuroChallengeAGA.SlaveKickOff3EuroChallengeAGA.Slave;0;0;0;0
0;Kick Off 3 (AGA);Sport / Football / Soccer;Games:K/KickOff3AGA/KickOff3AGA.SlaveKickOff3AGA.SlaveKickOff3AGA.SlaveKickOff3AGA.Slave;0;0;0;0
0;Kid Chaos;Platform / Action;Games:K/KidChaos/KidChaos.slaveKidChaos.slaveKidChaos.slaveKidChaos.slave;0;0;0;0
0;Kid Chaos (CD32);Platform / Action;Games:K/KidChaosCD32/KidChaosCD32.slaveKidChaosCD32.slaveKidChaosCD32.slaveKidChaosCD32.slave;0;0;0;0
0;Kid Gloves;Platform / Action;Games:K/KidGloves/KidGloves.SlaveKidGloves.SlaveKidGloves.SlaveKidGloves.Slave;0;0;0;0
0;Kid Gloves 2 - The Journey Back;Platform / Action;Games:K/KidGloves2/KidGloves2.SlaveKidGloves2.SlaveKidGloves2.SlaveKidGloves2.Slave;0;0;0;0
0;Kikstart 2;Racing / Bike / Side View;Games:K/Kikstart2/Kikstart2.SlaveKikstart2.SlaveKikstart2.SlaveKikstart2.Slave;0;0;0;0
0;Kikugi;Puzzle / 2D;Games:K/Kikugi/Kikugi.SlaveKikugi.SlaveKikugi.SlaveKikugi.Slave;0;0;0;0
0;Killerball;Sport / Futuristic;Games:K/Killerball/Killerball.SlaveKillerball.SlaveKillerball.SlaveKillerball.Slave;0;0;0;0
0;Killing Cloud, The;Adventure / 3D;Games:K/KillingCloud/KillingCloud.SlaveKillingCloud.SlaveKillingCloud.SlaveKillingCloud.Slave;0;0;0;0
0;Killing Cloud, The (NTSC);Adventure / 3D;Games:K/KillingCloudNTSC/KillingCloudNTSC.SlaveKillingCloudNTSC.SlaveKillingCloudNTSC.SlaveKillingCloudNTSC.Slave;0;0;0;0
0;Killing Game Show, The;Action / Shooter / 2D;Games:K/KillingGameShow/KillingGameShow.SlaveKillingGameShow.SlaveKillingGameShow.SlaveKillingGameShow.Slave;0;0;0;0
0;Killing Machine;Action / Shooter / Vertical;Games:K/KillingMachine/KillingMachine.SlaveKillingMachine.SlaveKillingMachine.SlaveKillingMachine.Slave;0;0;0;0
0;Kinderama - Five Early Learning Games;Educational;Games:K/Kinderama/Kinderama.SlaveKinderama.SlaveKinderama.SlaveKinderama.Slave;0;0;0;0
0;King Of Chicago, The;Adventure / Action;Games:K/KingOfChicago/KingOfChicago.SlaveKingOfChicago.SlaveKingOfChicago.SlaveKingOfChicago.Slave;0;0;0;0
0;King Pin - Arcade Sports Series Bowling;Sport / Bowling;Games:K/Kingpin/Kingpin.SlaveKingpin.SlaveKingpin.SlaveKingpin.Slave;0;0;0;0
0;King Pin - Arcade Sports Series Bowling (1MB);Sport / Bowling;Games:K/Kingpin1Mb/Kingpin1Mb.SlaveKingpin1Mb.SlaveKingpin1Mb.SlaveKingpin1Mb.Slave;0;0;0;0
0;King Pin - Arcade Sports Series Bowling (CD32);Sport / Bowling;Games:K/KingpinCD32/KingpinCD32.SlaveKingpinCD32.SlaveKingpinCD32.SlaveKingpinCD32.Slave;0;0;0;0
0;King Pin - Arcade Sports Series Bowling (Game Demo);Sport / Bowling;Games:K/KingpinDemo/KingpinDemo.SlaveKingpinDemo.SlaveKingpinDemo.SlaveKingpinDemo.Slave;0;0;0;0
0;King's Bounty;Strategy / Historical;Games:K/KingsBounty/KingsBounty.slaveKingsBounty.slaveKingsBounty.slaveKingsBounty.slave;0;0;0;0
0;King's Bounty (NTSC);Strategy / Historical;Games:K/KingsBountyNTSC/KingsBountyNTSC.SlaveKingsBountyNTSC.SlaveKingsBountyNTSC.SlaveKingsBountyNTSC.Slave;0;0;0;0
0;King's Quest 1 - Quest For The Crown;Adventure / Point & Click;Games:K/KingsQuest/KingsQuest.SlaveKingsQuest.SlaveKingsQuest.SlaveKingsQuest.Slave;0;0;0;0
0;King's Quest 1 - Quest For The Crown (Enhanced);Adventure / Graphic;Games:K/KingsQuestEnhanced/KingsQuestEnhanced.slaveKingsQuestEnhanced.slaveKingsQuestEnhanced.slaveKingsQuestEnhanced.slave;0;0;0;0
0;King's Quest 2 - Romancing the Throne;Adventure / Point & Click;Games:K/KingsQuest2/KingsQuest2.SlaveKingsQuest2.SlaveKingsQuest2.SlaveKingsQuest2.Slave;0;0;0;0
0;King's Quest 3 - To Heir is Human;Adventure / Point & Click;Games:K/KingsQuest3/KingsQuest3.SlaveKingsQuest3.SlaveKingsQuest3.SlaveKingsQuest3.Slave;0;0;0;0
0;King's Quest 4 - The Perils of Rosella;Adventure / Point & Click;Games:K/KingsQuest4/KingsQuest4.SlaveKingsQuest4.SlaveKingsQuest4.SlaveKingsQuest4.Slave;0;0;0;0
0;King's Quest 5 - Absence Makes the Heart Go Yonder!;Adventure / Point & Click;Games:K/KingsQuest5/KingsQuest5.slaveKingsQuest5.slaveKingsQuest5.slaveKingsQuest5.slave;0;0;0;0
0;King's Quest 5 - Absence Makes the Heart Go Yonder! (Germ;Adventure / Point & Click;Games:K/KingsQuest5De/KingsQuest5De.slaveKingsQuest5De.slaveKingsQuest5De.slaveKingsQuest5De.slave;0;0;0;0
0;King's Quest 5 - Absence Makes the Heart Go Yonder! (Ital;Adventure / Point & Click;Games:K/KingsQuest5It/KingsQuest5It.slaveKingsQuest5It.slaveKingsQuest5It.slaveKingsQuest5It.slave;0;0;0;0
0;King's Quest 5 - Absence Makes the Heart Go Yonder! (MT32;Adventure / Point & Click;Games:K/KingsQuest5DeMT32/KingsQuest5DeMT32.slaveKingsQuest5DeMT32.slaveKingsQuest5DeMT32.slaveKingsQuest5DeMT32.slave;0;0;0;0
0;King's Quest 5 - Absence Makes the Heart Go Yonder! (MT32;Adventure / Point & Click;Games:K/KingsQuest5ItMT32/KingsQuest5ItMT32.slaveKingsQuest5ItMT32.slaveKingsQuest5ItMT32.slaveKingsQuest5ItMT32.slave;0;0;0;0
0;King's Quest 5 - Absence Makes the Heart Go Yonder! (MT32;Adventure / Point & Click;Games:K/KingsQuest5MT32/KingsQuest5MT32.slaveKingsQuest5MT32.slaveKingsQuest5MT32.slaveKingsQuest5MT32.slave;0;0;0;0
0;King's Quest 6 - Heir Today, Gone Tomorrow;Adventure / Point & Click;Games:K/KingsQuest6/KingsQuest6.slaveKingsQuest6.slaveKingsQuest6.slaveKingsQuest6.slave;0;0;0;0
0;King's Quest 6 - Heir Today, Gone Tomorrow (French);Adventure / Point & Click;Games:K/KingsQuest6Fr/KingsQuest6Fr.slaveKingsQuest6Fr.slaveKingsQuest6Fr.slaveKingsQuest6Fr.slave;0;0;0;0
0;King's Quest 6 - Heir Today, Gone Tomorrow (German);Adventure / Point & Click;Games:K/KingsQuest6De/KingsQuest6De.slaveKingsQuest6De.slaveKingsQuest6De.slaveKingsQuest6De.slave;0;0;0;0
0;Kingmaker - The Quest For The Crown;Strategy / Historical;Games:K/Kingmaker/KingMaker.slaveKingMaker.slaveKingMaker.slaveKingMaker.slave;0;0;0;0
0;Kiro's Quest;Puzzle / Isometric;Games:K/KirosQuest/KirosQuest.slaveKirosQuest.slaveKirosQuest.slaveKirosQuest.slave;0;0;0;0
0;Klax;Puzzle / 3D;Games:K/Klax/Klax.SlaveKlax.SlaveKlax.SlaveKlax.Slave;0;0;0;0
0;Knight Force;Action / Fighter 2D;Games:K/KnightForce/KnightForce.slaveKnightForce.slaveKnightForce.slaveKnightForce.slave;0;0;0;0
0;Knight Orc;Adventure / Text;Games:K/KnightOrc/KnightOrc.SlaveKnightOrc.SlaveKnightOrc.SlaveKnightOrc.Slave;0;0;0;0
0;Knightmare;Unknown;Games:K/Knightmare/Knightmare.slaveKnightmare.slaveKnightmare.slaveKnightmare.slave;0;0;0;0
0;Knights of the Crystallion;Adventure / Action;Games:K/KnightsOfTheCrystallion/KnightsOfTheCrystallion.slaveKnightsOfTheCrystallion.slaveKnightsOfTheCrystallion.slaveKnightsOfTheCrystallion.slave;0;0;0;0
0;Knights of the Crystallion (German);Adventure / Action;Games:K/KnightsOfTheCrystallionDe/KnightsOfCrystallionDe.SlaveKnightsOfCrystallionDe.SlaveKnightsOfCrystallionDe.SlaveKnightsOfCrystallionDe.Slave;0;0;0;0
0;Knights Of The Sky;Simulator / Plane / WW1;Games:K/KnightsOfTheSky/KnightsOfTheSky.SlaveKnightsOfTheSky.SlaveKnightsOfTheSky.SlaveKnightsOfTheSky.Slave;0;0;0;0
0;Kristal, The;Adventure / Point & Click;Games:K/Kristal/Kristal.slaveKristal.slaveKristal.slaveKristal.slave;0;0;0;0
0;Kristal, The (German);Adventure / Point & Click;Games:K/KristalDe/KristalDe.slaveKristalDe.slaveKristalDe.slaveKristalDe.slave;0;0;0;0
0;Kristal, The (NTSC);Adventure / Point & Click;Games:K/KristalNTSC/KristalNTSC.slaveKristalNTSC.slaveKristalNTSC.slaveKristalNTSC.slave;0;0;0;0
0;Krusty's Super Fun House;Platform / Action;Games:K/KrustysSuperFunHouse/KrustysSuperFunHouse.SlaveKrustysSuperFunHouse.SlaveKrustysSuperFunHouse.SlaveKrustysSuperFunHouse.Slave;0;0;0;0
0;Krypton Egg;Bat & Ball / 2D;Games:K/KryptonEgg/KryptonEgg.SlaveKryptonEgg.SlaveKryptonEgg.SlaveKryptonEgg.Slave;0;0;0;0
0;Kult - The Temple Of Flying Saucers;Adventure / Point & Click;Games:K/Kult/Kult.slaveKult.slaveKult.slaveKult.slave;0;0;0;0
0;Kwasimodo;Platform / Action;Games:K/Kwasimodo/Kwasimodo.SlaveKwasimodo.SlaveKwasimodo.SlaveKwasimodo.Slave;0;0;0;0
0;Kwik Snax;Platform / Puzzle;Games:K/KwikSnax/KwikSnax.slaveKwikSnax.slaveKwikSnax.slaveKwikSnax.slave;0;0;0;0
0;L'Amazone Queen (French);Adventure / Point & Click;Games:L/LAmazoneQueenFr/LAmazoneQueenFr.SlaveLAmazoneQueenFr.SlaveLAmazoneQueenFr.SlaveLAmazoneQueenFr.Slave;0;0;0;0
0;Labyrinth - Det Nye COMputer (Danish);Maze / 2D;Games:L/LabyrinthDetNyeCOMputerDk/LabyrinthDetNyeCOMputerDk.slaveLabyrinthDetNyeCOMputerDk.slaveLabyrinthDetNyeCOMputerDk.slaveLabyrinthDetNyeCOMputerDk.slave;0;0;0;0
0;Labyrinthe aux Mille Calculs, Le (French);Educational;Games:L/LabyrintheMilleCalculsFr/LabyrintheMilleCalculsFr.SlaveLabyrintheMilleCalculsFr.SlaveLabyrintheMilleCalculsFr.SlaveLabyrintheMilleCalculsFr.Slave;0;0;0;0
0;Labyrinthe d'Anglomania 1, Le (French);Educational;Games:L/LabyrintheDAnglomania1Fr/LabyrintheDAnglomania1Fr.SlaveLabyrintheDAnglomania1Fr.SlaveLabyrintheDAnglomania1Fr.SlaveLabyrintheDAnglomania1Fr.Slave;0;0;0;0
0;Labyrinthe d'Anglomania 2, Le (French);Educational;Games:L/LabyrintheDAnglomania2Fr/LabyrintheDAnglomania2Fr.SlaveLabyrintheDAnglomania2Fr.SlaveLabyrintheDAnglomania2Fr.SlaveLabyrintheDAnglomania2Fr.Slave;0;0;0;0
0;Labyrinthe d'Errare, Le (French);Educational;Games:L/LabyrintheDErrareFr/LabyrintheDErrareFr.SlaveLabyrintheDErrareFr.SlaveLabyrintheDErrareFr.SlaveLabyrintheDErrareFr.Slave;0;0;0;0
0;Labyrinthe d'Orthophus, Le (French);Educational;Games:L/LabyrintheDOrthophusFr/LabyrintheDOrthophusFr.SlaveLabyrintheDOrthophusFr.SlaveLabyrintheDOrthophusFr.SlaveLabyrintheDOrthophusFr.Slave;0;0;0;0
0;Labyrinthe de la Reine des Ombres, Le (French);Educational;Games:L/LabyrintheReineOmbresFr/LabyrintheReineOmbresFr.SlaveLabyrintheReineOmbresFr.SlaveLabyrintheReineOmbresFr.SlaveLabyrintheReineOmbresFr.Slave;0;0;0;0
0;Labyrinthe de Lexicos, Le (French);Educational;Games:L/LabyrintheDeLexicosFr/LabyrintheDeLexicosFr.SlaveLabyrintheDeLexicosFr.SlaveLabyrintheDeLexicosFr.SlaveLabyrintheDeLexicosFr.Slave;0;0;0;0
0;Lamborghini American Challenge;Racing / Car / Chase View;Games:L/LamborghiniAmericanChllng/LamborghiniAmericanChllng.slaveLamborghiniAmericanChllng.slaveLamborghiniAmericanChllng.slaveLamborghiniAmericanChllng.slave;0;0;0;0
0;Lancelot;Adventure / Text;Games:L/Lancelot/Lancelot.SlaveLancelot.SlaveLancelot.SlaveLancelot.Slave;0;0;0;0
0;Landsitz von Mortville, Der (German);Adventure / Point & Click;Games:L/LandsitzVonMortvilleDe/LandsitzVonMortVilleDe.SlaveLandsitzVonMortVilleDe.SlaveLandsitzVonMortVilleDe.SlaveLandsitzVonMortVilleDe.Slave;0;0;0;0
0;Laser Squad;Strategy / Battle / 2D;Games:L/LaserSquad/LaserSquad.slaveLaserSquad.slaveLaserSquad.slaveLaserSquad.slave;0;0;0;0
0;Laser Squad (Italian);Strategy / Battle / 2D;Games:L/LaserSquadIt/LaserSquadIt.slaveLaserSquadIt.slaveLaserSquadIt.slaveLaserSquadIt.slave;0;0;0;0
0;Laser Squad (NTSC);Strategy / Battle / 2D;Games:L/LaserSquadNTSC/LaserSquadNTSC.slaveLaserSquadNTSC.slaveLaserSquadNTSC.slaveLaserSquadNTSC.slave;0;0;0;0
0;Last Action Hero;Action / Fighter 2.5D;Games:L/LastActionHero/LastActionHero.SlaveLastActionHero.SlaveLastActionHero.SlaveLastActionHero.Slave;0;0;0;0
0;Last Battle;Action / Fighter 2D;Games:L/LastBattle/LastBattle.SlaveLastBattle.SlaveLastBattle.SlaveLastBattle.Slave;0;0;0;0
0;Last Duel - Inter Planet War 2012;Action / Shooter / Vertical;Games:L/LastDuel/LastDuel.slaveLastDuel.slaveLastDuel.slaveLastDuel.slave;0;0;0;0
0;Last Ninja 2 - Back With A Vengeance;Adventure / Isometric;Games:L/LastNinja2/LastNinja2.slaveLastNinja2.slaveLastNinja2.slaveLastNinja2.slave;0;0;0;0
0;Last Ninja 3;Adventure / Isometric;Games:L/LastNinja3/LastNinja3.SlaveLastNinja3.SlaveLastNinja3.SlaveLastNinja3.Slave;0;0;0;0
0;Last Ninja 3 (CD32);Adventure / Isometric;Games:L/LastNinja3CD32/LastNinja3CD32.SlaveLastNinja3CD32.SlaveLastNinja3CD32.SlaveLastNinja3CD32.Slave;0;0;0;0
0;Last Soldier (Polish);Platform / Action;Games:L/LastSoldierPl/LastSoldierPl.slaveLastSoldierPl.slaveLastSoldierPl.slaveLastSoldierPl.slave;0;0;0;0
0;Leader Board - Pro Golf Simulator;Sport / Golf;Games:L/LeaderBoard/Leaderboard.slaveLeaderboard.slaveLeaderboard.slaveLeaderboard.slave;0;0;0;0
0;Leader Board - Pro Golf Simulator Tournament Disk;Sport / Golf;Games:L/LeaderBoardTD1/LeaderboardTD1.slaveLeaderboardTD1.slaveLeaderboardTD1.slaveLeaderboardTD1.slave;0;0;0;0
0;Leader Board Golf (Arcadia);Sport / Golf;Games:L/LeaderBoardArcadia/LeaderBoardArcadia.SlaveLeaderBoardArcadia.SlaveLeaderBoardArcadia.SlaveLeaderBoardArcadia.Slave;0;0;0;0
0;Leading Lap - Moving Point Of View;Racing / Car / Driver View;Games:L/LeadingLapMPV/LeadingLapMPV.SlaveLeadingLapMPV.SlaveLeadingLapMPV.SlaveLeadingLapMPV.Slave;0;0;0;0
0;Leading Lap - Moving Point Of View (AGA);Racing / Car / Driver View;Games:L/LeadingLapMPVAGA/LeadingLapMPVAGA.slaveLeadingLapMPVAGA.slaveLeadingLapMPVAGA.slaveLeadingLapMPVAGA.slave;0;0;0;0
0;Leading Lap SE (CU Amiga) (Coverdisk);Racing / Car / Driver View;Games:L/LeadingLapMPVCUAmiga/LeadingLapMPVCUAmiga.SlaveLeadingLapMPVCUAmiga.SlaveLeadingLapMPVCUAmiga.SlaveLeadingLapMPVCUAmiga.Slave;0;0;0;0
0;Leading Lap SE (CU Amiga) (Coverdisk) (AGA);Racing / Car / Driver View;Games:L/LeadingLapMPVAGACUAmiga/LeadingLapMPVAGACUAmiga.slaveLeadingLapMPVAGACUAmiga.slaveLeadingLapMPVAGACUAmiga.slaveLeadingLapMPVAGACUAmiga.slave;0;0;0;0
0;Leander;Platform / Action;Games:L/Leander/Leander.slaveLeander.slaveLeander.slaveLeander.slave;0;0;0;0
0;Leander (NTSC);Platform / Action;Games:L/LeanderNTSC/LeanderNTSC.slaveLeanderNTSC.slaveLeanderNTSC.slaveLeanderNTSC.slave;0;0;0;0
0;Leatherneck;Action / Shooter / Vertical;Games:L/Leatherneck/Leatherneck.SlaveLeatherneck.SlaveLeatherneck.SlaveLeatherneck.Slave;0;0;0;0
0;Leavin' Teramis;Action / Shooter / Multi Way;Games:L/LeavinTeramis/LeavinTeramis.SlaveLeavinTeramis.SlaveLeavinTeramis.SlaveLeavinTeramis.Slave;0;0;0;0
0;LED Storm - Laser Enhanced Destruction;Action / Shooter / Vehicle;Games:L/LEDStorm/LEDStorm.slaveLEDStorm.slaveLEDStorm.slaveLEDStorm.slave;0;0;0;0
0;Legacy;Platform / Action;Games:L/Legacy/Legacy.SlaveLegacy.SlaveLegacy.SlaveLegacy.Slave;0;0;0;0
0;Legacy (No Intro);Platform / Action;Games:L/LegacyNoIntro/LegacyNoIntro.slaveLegacyNoIntro.slaveLegacyNoIntro.slaveLegacyNoIntro.slave;0;0;0;0
0;Legend (Mindscape);RPG / Open World;Games:L/LegendMindscape/LegendMindscape.SlaveLegendMindscape.SlaveLegendMindscape.SlaveLegendMindscape.Slave;0;0;0;0
0;Legend (Mindscape);RPG / Open World;Games:L/LegendMindscape/getlegendsavedisk.slavegetlegendsavedisk.slavegetlegendsavedisk.slavegetlegendsavedisk.slave;0;0;0;0
0;Legend Of Djel;Adventure / Graphic;Games:L/LegendOfDjel/LegendOfDjel.SlaveLegendOfDjel.SlaveLegendOfDjel.SlaveLegendOfDjel.Slave;0;0;0;0
0;Legend Of Djel (German);Adventure / Graphic;Games:L/LegendOfDjelDe/LegendOfDjelDe.SlaveLegendOfDjelDe.SlaveLegendOfDjelDe.SlaveLegendOfDjelDe.Slave;0;0;0;0
0;Legend Of Faerghail;RPG / Dungeon Crawler;Games:L/LegendOfFaerghail/LegendOfFaerghail.slaveLegendOfFaerghail.slaveLegendOfFaerghail.slaveLegendOfFaerghail.slave;0;0;0;0
0;Legend Of Faerghail (German);RPG / Dungeon Crawler;Games:L/LegendOfFaerghailDe/LegendOfFaerghailDe.slaveLegendOfFaerghailDe.slaveLegendOfFaerghailDe.slaveLegendOfFaerghailDe.slave;0;0;0;0
0;Legend Of Faerghail (NTSC);RPG / Dungeon Crawler;Games:L/LegendOfFaerghailNTSC/LegendOfFaerghailNTSC.slaveLegendOfFaerghailNTSC.slaveLegendOfFaerghailNTSC.slaveLegendOfFaerghailNTSC.slave;0;0;0;0
0;Legend Of Kyrandia, The;Adventure / Point & Click;Games:L/LegendOfKyrandia/LegendOfKyrandia.SlaveLegendOfKyrandia.SlaveLegendOfKyrandia.SlaveLegendOfKyrandia.Slave;0;0;0;0
0;Legend Of Kyrandia, The (French);Adventure / Point & Click;Games:L/LegendOfKyrandiaFr/LegendOfKyrandiaFr.SlaveLegendOfKyrandiaFr.SlaveLegendOfKyrandiaFr.SlaveLegendOfKyrandiaFr.Slave;0;0;0;0
0;Legend Of Kyrandia, The (German);Adventure / Point & Click;Games:L/LegendOfKyrandiaDe/LegendOfKyrandiaDe.SlaveLegendOfKyrandiaDe.SlaveLegendOfKyrandiaDe.SlaveLegendOfKyrandiaDe.Slave;0;0;0;0
0;Legend Of Kyrandia, The (Italian);Adventure / Point & Click;Games:L/LegendOfKyrandiaIt/LegendOfKyrandiaIt.SlaveLegendOfKyrandiaIt.SlaveLegendOfKyrandiaIt.SlaveLegendOfKyrandiaIt.Slave;0;0;0;0
0;Legend Of Ragnarok, The;Tabletop / Board Game;Games:L/LegendOfRagnarok/LegendOfRagnarok.slaveLegendOfRagnarok.slaveLegendOfRagnarok.slaveLegendOfRagnarok.slave;0;0;0;0
0;Legend Of The Lost;Action / Multi Level;Games:L/LegendOfTheLost/LegendOfTheLost.slaveLegendOfTheLost.slaveLegendOfTheLost.slaveLegendOfTheLost.slave;0;0;0;0
0;Legend Of The Sword;Adventure / Text;Games:L/LegendOfTheSword/LegendOfTheSword.slaveLegendOfTheSword.slaveLegendOfTheSword.slaveLegendOfTheSword.slave;0;0;0;0
0;Legends (AGA);RPG / Open World;Games:L/LegendsAGA/LegendsAGA.SlaveLegendsAGA.SlaveLegendsAGA.SlaveLegendsAGA.Slave;0;0;0;0
0;Legends (CD32);RPG / Open World;Games:L/LegendsCD32/LegendsCD32.SlaveLegendsCD32.SlaveLegendsCD32.SlaveLegendsCD32.Slave;0;0;0;0
0;Legends Of Valour - Volume 1 (The Dawning);RPG / Dungeon Crawler;Games:L/LegendsOfValour/LegendsOfValour.SlaveLegendsOfValour.SlaveLegendsOfValour.SlaveLegendsOfValour.Slave;0;0;0;0
0;Legends Of Valour - Volume 1 (The Dawning) (French);RPG / Dungeon Crawler;Games:L/LegendsOfValourFr/LegendsOfValourFr.SlaveLegendsOfValourFr.SlaveLegendsOfValourFr.SlaveLegendsOfValourFr.Slave;0;0;0;0
0;Legends Of Valour - Volume 1 (The Dawning) (German);RPG / Dungeon Crawler;Games:L/LegendsOfValourDe/LegendsOfValourDe.SlaveLegendsOfValourDe.SlaveLegendsOfValourDe.SlaveLegendsOfValourDe.Slave;0;0;0;0
0;Legion (Polish);RPG / Open World;Games:L/LegionPl/LegionPl.SlaveLegionPl.SlaveLegionPl.SlaveLegionPl.Slave;0;0;0;0
0;Leisure Suit Larry 1 - In The Land Of The Lounge Lizards;Adventure / Point & Click;Games:L/LeisureSuitLarry/LeisureSuitLarry.slaveLeisureSuitLarry.slaveLeisureSuitLarry.slaveLeisureSuitLarry.slave;0;0;0;0
0;Leisure Suit Larry 1 - In The Land Of The Lounge Lizards;Adventure / Point & Click;Games:L/LeisureSuitLarryEnhndMT32/LeisureSuitLarryEnhndMT32.slaveLeisureSuitLarryEnhndMT32.slaveLeisureSuitLarryEnhndMT32.slaveLeisureSuitLarryEnhndMT32.slave;0;0;0;0
0;Leisure Suit Larry 1 - In The Land Of The Lounge Lizards;Adventure / Point & Click;Games:L/LeisureSuitLarryEnhanced/LeisureSuitLarryEnhanced.slaveLeisureSuitLarryEnhanced.slaveLeisureSuitLarryEnhanced.slaveLeisureSuitLarryEnhanced.slave;0;0;0;0
0;Leisure Suit Larry 2 - Goes Looking For Love (In Several;Adventure / Point & Click;Games:L/LeisureSuitLarry2/LeisureSuitLarry2.SlaveLeisureSuitLarry2.SlaveLeisureSuitLarry2.SlaveLeisureSuitLarry2.Slave;0;0;0;0
0;Leisure Suit Larry 3 - Passionate Patti In Pursuit Of The;Adventure / Point & Click;Games:L/LeisureSuitLarry3/LeisureSuitLarry3.SlaveLeisureSuitLarry3.SlaveLeisureSuitLarry3.SlaveLeisureSuitLarry3.Slave;0;0;0;0
0;Leisure Suit Larry 3 - Passionate Patti In Pursuit Of The;Adventure / Point & Click;Games:L/LeisureSuitLarry3De/LeisureSuitLarry3De.SlaveLeisureSuitLarry3De.SlaveLeisureSuitLarry3De.SlaveLeisureSuitLarry3De.Slave;0;0;0;0
0;Leisure Suit Larry 5 - Passionate Patti Does A Little Und;Adventure / Point & Click;Games:L/LeisureSuitLarry5/LeisureSuitLarry5.SlaveLeisureSuitLarry5.SlaveLeisureSuitLarry5.SlaveLeisureSuitLarry5.Slave;0;0;0;0
0;Leisure Suit Larry 5 - Passionate Patti Does A Little Und;Adventure / Point & Click;Games:L/LeisureSuitLarry5DeMT32/LeisureSuitLarry5DeMT32.SlaveLeisureSuitLarry5DeMT32.SlaveLeisureSuitLarry5DeMT32.SlaveLeisureSuitLarry5DeMT32.Slave;0;0;0;0
0;Leisure Suit Larry 5 - Passionate Patti Does A Little Und;Adventure / Point & Click;Games:L/LeisureSuitLarry5MT32/LeisureSuitLarry5MT32.SlaveLeisureSuitLarry5MT32.SlaveLeisureSuitLarry5MT32.SlaveLeisureSuitLarry5MT32.Slave;0;0;0;0
0;Leisure Suit Larry 5 - Passionate Patti Does A Little Und;Adventure / Point & Click;Games:L/LeisureSuitLarry5De/LeisureSuitLarry5De.SlaveLeisureSuitLarry5De.SlaveLeisureSuitLarry5De.SlaveLeisureSuitLarry5De.Slave;0;0;0;0
0;Lemmings (Alt) (Files);Platform / Puzzle;Games:L/LemmingsAltFiles/LemmingsAltFiles.SlaveLemmingsAltFiles.SlaveLemmingsAltFiles.SlaveLemmingsAltFiles.Slave;0;0;0;0
0;Lemmings (Alt) (Image);Platform / Puzzle;Games:L/LemmingsAltImage/LemmingsAltImage.SlaveLemmingsAltImage.SlaveLemmingsAltImage.SlaveLemmingsAltImage.Slave;0;0;0;0
0;Lemmings (CDTV);Platform / Puzzle;Games:L/LemmingsCDTV/LemmingsCDTV.SlaveLemmingsCDTV.SlaveLemmingsCDTV.SlaveLemmingsCDTV.Slave;0;0;0;0
0;Lemmings (Files);Platform / Puzzle;Games:L/LemmingsFiles/LemmingsFiles.SlaveLemmingsFiles.SlaveLemmingsFiles.SlaveLemmingsFiles.Slave;0;0;0;0
0;Lemmings (Files) (NTSC);Platform / Puzzle;Games:L/LemmingsFilesNTSC/LemmingsFilesNTSC.SlaveLemmingsFilesNTSC.SlaveLemmingsFilesNTSC.SlaveLemmingsFilesNTSC.Slave;0;0;0;0
0;Lemmings (Game Demo);Platform / Puzzle;Games:L/LemmingsDemo/LemmingsDemo.SlaveLemmingsDemo.SlaveLemmingsDemo.SlaveLemmingsDemo.Slave;0;0;0;0
0;Lemmings (Holiday 1993);Platform / Puzzle;Games:L/LemmingsHoliday1993/LemmingsHoliday1993.SlaveLemmingsHoliday1993.SlaveLemmingsHoliday1993.SlaveLemmingsHoliday1993.Slave;0;0;0;0
0;Lemmings (Holiday 1994);Platform / Puzzle;Games:L/LemmingsHoliday1994/LemmingsHoliday1994.SlaveLemmingsHoliday1994.SlaveLemmingsHoliday1994.SlaveLemmingsHoliday1994.Slave;0;0;0;0
0;Lemmings (Holiday 1994) (Game Demo);Platform / Puzzle;Games:L/LemmingsHolidayDemo/LemmingsHolidayDemo.SlaveLemmingsHolidayDemo.SlaveLemmingsHolidayDemo.SlaveLemmingsHolidayDemo.Slave;0;0;0;0
0;Lemmings (Image);Platform / Puzzle;Games:L/LemmingsImage/LemmingsImage.SlaveLemmingsImage.SlaveLemmingsImage.SlaveLemmingsImage.Slave;0;0;0;0
0;Lemmings (Image) (NTSC);Platform / Puzzle;Games:L/LemmingsImageNTSC/LemmingsImageNTSC.SlaveLemmingsImageNTSC.SlaveLemmingsImageNTSC.SlaveLemmingsImageNTSC.Slave;0;0;0;0
0;Lemmings 2 - The Tribes (1MB);Platform / Puzzle;Games:L/Lemmings21MB/Lemmings21MB.slaveLemmings21MB.slaveLemmings21MB.slaveLemmings21MB.slave;0;0;0;0
0;Lemmings 2 - The Tribes (512KB);Platform / Puzzle;Games:L/Lemmings2512KB/Lemmings2512KB.slaveLemmings2512KB.slaveLemmings2512KB.slaveLemmings2512KB.slave;0;0;0;0
0;Lemmings 2 - The Tribes (Game Demo);Platform / Puzzle;Games:L/Lemmings2Demo/Lemmings2Demo.SlaveLemmings2Demo.SlaveLemmings2Demo.SlaveLemmings2Demo.Slave;0;0;0;0
0;Lemmings 2 - The Tribes (NTSC) (1MB);Platform / Puzzle;Games:L/Lemmings21MBNTSC/Lemmings21MBNTSC.slaveLemmings21MBNTSC.slaveLemmings21MBNTSC.slaveLemmings21MBNTSC.slave;0;0;0;0
0;Lemmings 2 - The Tribes (NTSC) (512KB);Platform / Puzzle;Games:L/Lemmings2512KBNTSC/Lemmings2512KBNTSC.slaveLemmings2512KBNTSC.slaveLemmings2512KBNTSC.slaveLemmings2512KBNTSC.slave;0;0;0;0
0;Leonardo (Amiga DOS);Maze / 2D;Games:L/LeonardoDOS/LeonardoDOS.SlaveLeonardoDOS.SlaveLeonardoDOS.SlaveLeonardoDOS.Slave;0;0;0;0
0;Leonardo (High Density);Maze / 2D;Games:L/LeonardoHighDensity/LeonardoHighDensity.SlaveLeonardoHighDensity.SlaveLeonardoHighDensity.SlaveLeonardoHighDensity.Slave;0;0;0;0
0;Les Manley in Search for the King;Adventure / Graphic;Games:L/LesManleySearchForTheKing/LesManleySearchForTheKing.slaveLesManleySearchForTheKing.slaveLesManleySearchForTheKing.slaveLesManleySearchForTheKing.slave;0;0;0;0
0;Lethal Weapon;Platform / Action;Games:L/LethalWeapon/LethalWeapon.SlaveLethalWeapon.SlaveLethalWeapon.SlaveLethalWeapon.Slave;0;0;0;0
0;Lethal Xcess - Wings Of Death II;Action / Shooter / Vertical;Games:L/LethalXcess/LethalXcess.slaveLethalXcess.slaveLethalXcess.slaveLethalXcess.slave;0;0;0;0
0;Lethal Zone (Coverdisk);Action / Shooter / Horizontal;Games:L/LethalZone/LethalZone.slaveLethalZone.slaveLethalZone.slaveLethalZone.slave;0;0;0;0
0;Lettrix (German);Reaction / Tetris;Games:L/LettrixDe/LettrixDe.SlaveLettrixDe.SlaveLettrixDe.SlaveLettrixDe.Slave;0;0;0;0
0;Leviathan;Action / Shooter / Isometric;Games:L/Leviathan/Leviathan.SlaveLeviathan.SlaveLeviathan.SlaveLeviathan.Slave;0;0;0;0
0;Licence To Kill;Action / Shooter / Vertical;Games:L/LicenceToKill/LicenceToKill.SlaveLicenceToKill.SlaveLicenceToKill.SlaveLicenceToKill.Slave;0;0;0;0
0;Life & Death;Management / Medical;Games:L/Life&Death/Life&Death.slaveLife&Death.slaveLife&Death.slaveLife&Death.slave;0;0;0;0
0;Light Corridor, The;Bat & Ball / 3D;Games:L/LightCorridor/LightCorridor.SlaveLightCorridor.SlaveLightCorridor.SlaveLightCorridor.Slave;0;0;0;0
0;Light Racer (PD) (German);Reaction / Light Cycle;Games:L/LightRacerDe/LightRacerDe.SlaveLightRacerDe.SlaveLightRacerDe.SlaveLightRacerDe.Slave;0;0;0;0
0;Limes & Napoleon;Action / Duel / Versus;Games:L/Limes&Napoleon/Limes&Napoleon.SlaveLimes&Napoleon.SlaveLimes&Napoleon.SlaveLimes&Napoleon.Slave;0;0;0;0
0;Line of Fire;Action / Shooter / Crosshair;Games:L/LineOfFire/LineOfFire.slaveLineOfFire.slaveLineOfFire.slaveLineOfFire.slave;0;0;0;0
0;Links - The Challenge of Golf;Sport / Golf;Games:L/Links/Links.slaveLinks.slaveLinks.slaveLinks.slave;0;0;0;0
0;Links - The Challenge of Golf (NTSC);Sport / Golf;Games:L/LinksNTSC/LinksNTSC.slaveLinksNTSC.slaveLinksNTSC.slaveLinksNTSC.slave;0;0;0;0
0;Links - The Challenge of Golf & Data Disk;Sport / Golf;Games:L/Links&DataDisks/Links&DataDisks.SlaveLinks&DataDisks.SlaveLinks&DataDisks.SlaveLinks&DataDisks.Slave;0;0;0;0
0;Links - The Challenge of Golf & Data Disk (NTSC);Sport / Golf;Games:L/Links&DataDisksNTSC/Links&DataDisksNTSC.SlaveLinks&DataDisksNTSC.SlaveLinks&DataDisksNTSC.SlaveLinks&DataDisksNTSC.Slave;0;0;0;0
0;Lion King, The (AGA);Platform / Action;Games:L/LionKingAGA/LionKingAGA.SlaveLionKingAGA.SlaveLionKingAGA.SlaveLionKingAGA.Slave;0;0;0;0
0;Lionheart;Platform / Action;Games:L/Lionheart/Lionheart.slaveLionheart.slaveLionheart.slaveLionheart.slave;0;0;0;0
0;Lionheart (Game Demo);Platform / Action;Games:L/LionheartDemo/LionheartDemo.SlaveLionheartDemo.SlaveLionheartDemo.SlaveLionheartDemo.Slave;0;0;0;0
0;Lionheart (Game Demo) (1MB);Platform / Action;Games:L/LionheartDemo1MB/LionheartDemo1MB.slaveLionheartDemo1MB.slaveLionheartDemo1MB.slaveLionheartDemo1MB.slave;0;0;0;0
0;Liquid Kids (Files);Platform / Action;Games:L/LiquidKidsFiles/LiquidKidsFiles.SlaveLiquidKidsFiles.SlaveLiquidKidsFiles.SlaveLiquidKidsFiles.Slave;0;0;0;0
0;Liquid Kids (Image);Platform / Action;Games:L/LiquidKidsImage/LiquidKidsImage.SlaveLiquidKidsImage.SlaveLiquidKidsImage.SlaveLiquidKidsImage.Slave;0;0;0;0
0;Little Computer People - House-On-A-Disk;Simulator / Life;Games:L/LittleComputerPeople/LittleComputerPeople.SlaveLittleComputerPeople.SlaveLittleComputerPeople.SlaveLittleComputerPeople.Slave;0;0;0;0
0;Little Computer People - House-On-A-Disk (NTSC);Simulator / Life;Games:L/LittleComputerPeopleNTSC/LittleComputerPeopleNTSC.SlaveLittleComputerPeopleNTSC.SlaveLittleComputerPeopleNTSC.SlaveLittleComputerPeopleNTSC.Slave;0;0;0;0
0;Little Puff In Dragonland;Platform / Action;Games:L/LittlePuffInDragonland/LittlePuffInDragonland.slaveLittlePuffInDragonland.slaveLittlePuffInDragonland.slaveLittlePuffInDragonland.slave;0;0;0;0
0;Live and Let Die;Action / Multi Level;Games:L/LiveAndLetDie/LiveAndLetDie.SlaveLiveAndLetDie.SlaveLiveAndLetDie.SlaveLiveAndLetDie.Slave;0;0;0;0
0;Liverpool - The Computer Game;Sport / Football / Soccer;Games:L/Liverpool/Liverpool.SlaveLiverpool.SlaveLiverpool.SlaveLiverpool.Slave;0;0;0;0
0;Livingstone 2;Platform / Action;Games:L/Livingstone2/Livingstone2.SlaveLivingstone2.SlaveLivingstone2.SlaveLivingstone2.Slave;0;0;0;0
0;Llamatron 2112 (1MB);Action / Shooter / 2D;Games:L/Llamatron1MB/Llamatron1MB.SlaveLlamatron1MB.SlaveLlamatron1MB.SlaveLlamatron1MB.Slave;0;0;0;0
0;Llamatron 2112 (512KB);Action / Shooter / 2D;Games:L/Llamatron512KB/Llamatron512KB.SlaveLlamatron512KB.SlaveLlamatron512KB.SlaveLlamatron512KB.Slave;0;0;0;0
0;Locomotion;Puzzle / 2D;Games:L/Locomotion/Locomotion.SlaveLocomotion.SlaveLocomotion.SlaveLocomotion.Slave;0;0;0;0
0;Logical;Puzzle / 2D;Games:L/Logical/Logical.slaveLogical.slaveLogical.slaveLogical.slave;0;0;0;0
0;Logical (CDTV);Puzzle / 2D;Games:L/LogicalCDTV/LogicalCDTV.slaveLogicalCDTV.slaveLogicalCDTV.slaveLogicalCDTV.slave;0;0;0;0
0;Logo;Puzzle / 2D;Games:L/Logo/Logo.SlaveLogo.SlaveLogo.SlaveLogo.Slave;0;0;0;0
0;Lollypop;Platform / Action;Games:L/Lollypop/Lollypop.SlaveLollypop.SlaveLollypop.SlaveLollypop.Slave;0;0;0;0
0;Lombard RAC Rally (One Disk);Racing / Car / Driver View;Games:L/LombardRACRally1Disk/LombardRACRally1Disk.SlaveLombardRACRally1Disk.SlaveLombardRACRally1Disk.SlaveLombardRACRally1Disk.Slave;0;0;0;0
0;Lombard RAC Rally (Two Disk);Racing / Car / Driver View;Games:L/LombardRACRally2Disk/LombardRACRally2Disk.SlaveLombardRACRally2Disk.SlaveLombardRACRally2Disk.SlaveLombardRACRally2Disk.Slave;0;0;0;0
0;Loom;Adventure / Point & Click;Games:L/Loom/Loom.slaveLoom.slaveLoom.slaveLoom.slave;0;0;0;0
0;Loom (CDTV) (German);Adventure / Point & Click;Games:L/LoomDeCDTV/LoomDeCDTV.slaveLoomDeCDTV.slaveLoomDeCDTV.slaveLoomDeCDTV.slave;0;0;0;0
0;Loom (French);Adventure / Point & Click;Games:L/LoomFr/LoomFr.slaveLoomFr.slaveLoomFr.slaveLoomFr.slave;0;0;0;0
0;Loom (German);Adventure / Point & Click;Games:L/LoomDe/LoomDe.slaveLoomDe.slaveLoomDe.slaveLoomDe.slave;0;0;0;0
0;Loom (Italian);Adventure / Graphic;Games:L/LoomIt/LoomIt.slaveLoomIt.slaveLoomIt.slaveLoomIt.slave;0;0;0;0
0;Loom (Spanish);Adventure / Point & Click;Games:L/LoomEs/LoomEs.slaveLoomEs.slaveLoomEs.slaveLoomEs.slave;0;0;0;0
0;Loopz;Puzzle / 2D;Games:L/Loopz/Loopz.SlaveLoopz.SlaveLoopz.SlaveLoopz.Slave;0;0;0;0
0;Lords Of Chaos & Data Disk;Strategy / Battle / 2D;Games:L/LordsOfChaos&DataDisk/LordsOfChaos&DataDisk.SlaveLordsOfChaos&DataDisk.SlaveLordsOfChaos&DataDisk.SlaveLordsOfChaos&DataDisk.Slave;0;0;0;0
0;Lords of Doom;RPG / Dungeon Crawler;Games:L/LordsOfDoom/LordsOfDoom.SlaveLordsOfDoom.SlaveLordsOfDoom.SlaveLordsOfDoom.Slave;0;0;0;0
0;Lords of Doom (German);RPG / Dungeon Crawler;Games:L/LordsOfDoomDe/LordsOfDoomDe.SlaveLordsOfDoomDe.SlaveLordsOfDoomDe.SlaveLordsOfDoomDe.Slave;0;0;0;0
0;Lords Of The Realm;Strategy / Historical;Games:L/LordsOfTheRealm/LordsOfTheRealm.SlaveLordsOfTheRealm.SlaveLordsOfTheRealm.SlaveLordsOfTheRealm.Slave;0;0;0;0
0;Lords Of The Realm (AGA);Strategy / Historical;Games:L/LordsOfTheRealmAGA/LordsOfTheRealmAGA.SlaveLordsOfTheRealmAGA.SlaveLordsOfTheRealmAGA.SlaveLordsOfTheRealmAGA.Slave;0;0;0;0
0;Lords Of The Realm (AGA) (Fast Mem);Strategy / Historical;Games:L/LordsOfTheRealmAGAFast/LordsOfTheRealmAGAFast.slaveLordsOfTheRealmAGAFast.slaveLordsOfTheRealmAGAFast.slaveLordsOfTheRealmAGAFast.slave;0;0;0;0
0;Lords Of The Realm (AGA) (Fast Mem) (French);Strategy / Historical;Games:L/LordsOfTheRealmAGAFrFast/LordsOfTheRealmAGAFrFast.slaveLordsOfTheRealmAGAFrFast.slaveLordsOfTheRealmAGAFrFast.slaveLordsOfTheRealmAGAFrFast.slave;0;0;0;0
0;Lords Of The Realm (AGA) (Fast Mem) (German);Strategy / Historical;Games:L/LordsOfTheRealmAGADeFast/LordsOfTheRealmAGADeFast.SlaveLordsOfTheRealmAGADeFast.SlaveLordsOfTheRealmAGADeFast.SlaveLordsOfTheRealmAGADeFast.Slave;0;0;0;0
0;Lords Of The Realm (AGA) (French);Strategy / Historical;Games:L/LordsOfTheRealmAGAFr/LordsOfTheRealmAGAFr.SlaveLordsOfTheRealmAGAFr.SlaveLordsOfTheRealmAGAFr.SlaveLordsOfTheRealmAGAFr.Slave;0;0;0;0
0;Lords Of The Realm (AGA) (German);Strategy / Historical;Games:L/LordsOfTheRealmAGADe/LordsOfTheRealmAGADe.SlaveLordsOfTheRealmAGADe.SlaveLordsOfTheRealmAGADe.SlaveLordsOfTheRealmAGADe.Slave;0;0;0;0
0;Lords Of The Rising Sun;Strategy / Action;Games:L/LordsOfTheRisingSun/LordsOfTheRisingSun.slaveLordsOfTheRisingSun.slaveLordsOfTheRisingSun.slaveLordsOfTheRisingSun.slave;0;0;0;0
0;Lords Of The Rising Sun (NTSC);Strategy / Action;Games:L/LordsOfTheRisingSunNTSC/LordsOfTheRisingSunNTSC.slaveLordsOfTheRisingSunNTSC.slaveLordsOfTheRisingSunNTSC.slaveLordsOfTheRisingSunNTSC.slave;0;0;0;0
0;Lords Of Time;RPG / Open World;Games:L/LordsOfTime/LordsOfTime.SlaveLordsOfTime.SlaveLordsOfTime.SlaveLordsOfTime.Slave;0;0;0;0
0;Lords Of War;Bat & Ball / 2D;Games:L/LordsOfWar/lordsOfwar.slavelordsOfwar.slavelordsOfwar.slavelordsOfwar.slave;0;0;0;0
0;Lorna;Action / Fighter 2D;Games:L/Lorna/Lorna.slaveLorna.slaveLorna.slaveLorna.slave;0;0;0;0
0;Lost DutchMan Mine;Adventure / Graphic;Games:L/LostDutchmanMine/LostDutchmanMine.SlaveLostDutchmanMine.SlaveLostDutchmanMine.SlaveLostDutchmanMine.Slave;0;0;0;0
0;Lost In Mine (Polish);Platform / Action;Games:L/LostInMinePl/LostInMinePl.slaveLostInMinePl.slaveLostInMinePl.slaveLostInMinePl.slave;0;0;0;0
0;Lost Patrol;Strategy / Battle / 2D;Games:L/LostPatrol/LostPatrol.SlaveLostPatrol.SlaveLostPatrol.SlaveLostPatrol.Slave;0;0;0;0
0;Lost Patrol (NTSC);Strategy / Battle / 2D;Games:L/LostPatrolNTSC/LostPatrolNTSC.SlaveLostPatrolNTSC.SlaveLostPatrolNTSC.SlaveLostPatrolNTSC.Slave;0;0;0;0
0;Lost Vikings, The;Platform / Puzzle;Games:L/LostVikings/LostVikings.SlaveLostVikings.SlaveLostVikings.SlaveLostVikings.Slave;0;0;0;0
0;Lost Vikings, The (CD32);Platform / Puzzle;Games:L/LostVikingsCD32/LostVikingsCD32.slaveLostVikingsCD32.slaveLostVikingsCD32.slaveLostVikingsCD32.slave;0;0;0;0
0;Lost Vikings, The (French);Platform / Puzzle;Games:L/LostVikingsFr/LostVikingsFr.SlaveLostVikingsFr.SlaveLostVikingsFr.SlaveLostVikingsFr.Slave;0;0;0;0
0;Lost Vikings, The (Game Demo);Platform / Puzzle;Games:L/LostVikingsDemo/LostVikingsDemo.SlaveLostVikingsDemo.SlaveLostVikingsDemo.SlaveLostVikingsDemo.Slave;0;0;0;0
0;Lost Vikings, The (Game Demo) (French);Platform / Puzzle;Games:L/LostVikingsDemoFr/LostVikingsDemoFr.SlaveLostVikingsDemoFr.SlaveLostVikingsDemoFr.SlaveLostVikingsDemoFr.Slave;0;0;0;0
0;Lost Vikings, The (German);Platform / Puzzle;Games:L/LostVikingsDe/LostVikingsDe.SlaveLostVikingsDe.SlaveLostVikingsDe.SlaveLostVikingsDe.Slave;0;0;0;0
0;Lothar Matthaus - Der Interaktive Fussballsimulation;Sport / Football / Soccer;Games:L/LotharMatthausFussball/LotharMatthausFussball.slaveLotharMatthausFussball.slaveLotharMatthausFussball.slaveLotharMatthausFussball.slave;0;0;0;0
0;Lothar Matthaus - Super Soccer (German);Sport / Football / Soccer;Games:L/LotharMSuperSoccerDe/LotharMSuperSoccerDe.SlaveLotharMSuperSoccerDe.SlaveLotharMSuperSoccerDe.SlaveLotharMSuperSoccerDe.Slave;0;0;0;0
0;Lotus 3 - The Ultimate Challenge;Racing / Car / Chase View;Games:L/Lotus3/Lotus3.slaveLotus3.slaveLotus3.slaveLotus3.slave;0;0;0;0
0;Lotus Esprit Turbo Challenge;Racing / Car / Chase View;Games:L/Lotus/Lotus.SlaveLotus.SlaveLotus.SlaveLotus.Slave;0;0;0;0
0;Lotus Esprit Turbo Challenge (CD32);Racing / Car / Chase View;Games:L/LotusCD32/LotusCD32.SlaveLotusCD32.SlaveLotusCD32.SlaveLotusCD32.Slave;0;0;0;0
0;Lotus Turbo Challenge 2;Racing / Car / Chase View;Games:L/Lotus2/Lotus2.SlaveLotus2.SlaveLotus2.SlaveLotus2.Slave;0;0;0;0
0;Lunar-C (CD32);Action / Shooter / Horizontal;Games:L/LunarCCD32/LunarCCD32.slaveLunarCCD32.slaveLunarCCD32.slaveLunarCCD32.slave;0;0;0;0
0;Lupo Alberto;Platform / Action;Games:L/LupoAlberto/LupoAlberto.SlaveLupoAlberto.SlaveLupoAlberto.SlaveLupoAlberto.Slave;0;0;0;0
0;Lure Of The Temptress;Adventure / Point & Click;Games:L/LureOfTheTemptress/LureOfTheTemptress.SlaveLureOfTheTemptress.SlaveLureOfTheTemptress.SlaveLureOfTheTemptress.Slave;0;0;0;0
0;Lure Of The Temptress (French);Adventure / Point & Click;Games:L/LureOfTheTemptressFr/LureOfTheTemptressFr.slaveLureOfTheTemptressFr.slaveLureOfTheTemptressFr.slaveLureOfTheTemptressFr.slave;0;0;0;0
0;Lure Of The Temptress (German);Adventure / Point & Click;Games:L/LureOfTheTemptressDe/LureOfTheTemptressDe.slaveLureOfTheTemptressDe.slaveLureOfTheTemptressDe.slaveLureOfTheTemptressDe.slave;0;0;0;0
0;Lure Of The Temptress (Italian);Adventure / Point & Click;Games:L/LureOfTheTemptressIt/LureOfTheTemptressIt.slaveLureOfTheTemptressIt.slaveLureOfTheTemptressIt.slaveLureOfTheTemptressIt.slave;0;0;0;0
0;Luxor;Action / Fighter 2D;Games:L/Luxor/Luxor.SlaveLuxor.SlaveLuxor.SlaveLuxor.Slave;0;0;0;0
0;M.U.D.S. - Mean Ugly Dirty Sport;Sport / Futuristic;Games:M/MUDS/MUDS.slaveMUDS.slaveMUDS.slaveMUDS.slave;0;0;0;0
0;M1 Tank Platoon;Simulator / Tank;Games:M/M1TankPlatoon/M1TankPlatoon.SlaveM1TankPlatoon.SlaveM1TankPlatoon.SlaveM1TankPlatoon.Slave;0;0;0;0
0;Mach 3;Action / Shooter / 3D;Games:M/Mach3/Mach3.SlaveMach3.SlaveMach3.SlaveMach3.Slave;0;0;0;0
0;Mad Professor Mariarti;Platform / Action;Games:M/MadProfessorMariarti/MadProfessorMariarti.slaveMadProfessorMariarti.slaveMadProfessorMariarti.slaveMadProfessorMariarti.slave;0;0;0;0
0;Mad Show;Action / Multi Level;Games:M/MadShow/MadShow.SlaveMadShow.SlaveMadShow.SlaveMadShow.Slave;0;0;0;0
0;Mad Show (French);Action / Multi Level;Games:M/MadShowFr/MadShowFr.SlaveMadShowFr.SlaveMadShowFr.SlaveMadShowFr.Slave;0;0;0;0
0;Mad TV;Management / Business;Games:M/MadTV/MadTV.SlaveMadTV.SlaveMadTV.SlaveMadTV.Slave;0;0;0;0
0;Mad TV (French);Management / Business;Games:M/MadTVFr/MadTVFr.SlaveMadTVFr.SlaveMadTVFr.SlaveMadTVFr.Slave;0;0;0;0
0;Mad TV (German);Management / Business;Games:M/MadTVDe/MadTVDe.SlaveMadTVDe.SlaveMadTVDe.SlaveMadTVDe.Slave;0;0;0;0
0;Mafdet And The Book Of The Dead;Action / Fighter 2D;Games:M/MafdetAndTheBookOfTheDead/MafdetAndTheBookOfTheDead.slaveMafdetAndTheBookOfTheDead.slaveMafdetAndTheBookOfTheDead.slaveMafdetAndTheBookOfTheDead.slave;0;0;0;0
0;Magic Boy;Platform / Action;Games:M/MagicBoy/MagicBoy.slaveMagicBoy.slaveMagicBoy.slaveMagicBoy.slave;0;0;0;0
0;Magic Fly (1MB);Action / Shooter / 3D;Games:M/MagicFly1MB/MagicFly1MB.SlaveMagicFly1MB.SlaveMagicFly1MB.SlaveMagicFly1MB.Slave;0;0;0;0
0;Magic Fly (512KB);Action / Shooter / 3D;Games:M/MagicFly512KB/MagicFly512KB.SlaveMagicFly512KB.SlaveMagicFly512KB.SlaveMagicFly512KB.Slave;0;0;0;0
0;Magic Johnson's Basketball;Sport / Basketball;Games:M/MagicJohnsonsBasketball/MagicJohnsonsBasketball.SlaveMagicJohnsonsBasketball.SlaveMagicJohnsonsBasketball.SlaveMagicJohnsonsBasketball.Slave;0;0;0;0
0;Magic Johnson's Fast Break (Arcadia);Sport / Basketball;Games:M/MagicJohnsonFstBrkArcadia/MagicJohnsonFstBrkArcadia.SlaveMagicJohnsonFstBrkArcadia.SlaveMagicJohnsonFstBrkArcadia.SlaveMagicJohnsonFstBrkArcadia.Slave;0;0;0;0
0;Magic Lines;Puzzle / 2D;Games:M/MagicLines/MagicLines.SlaveMagicLines.SlaveMagicLines.SlaveMagicLines.Slave;0;0;0;0
0;Magic Marble;Puzzle / Isometric;Games:M/MagicMarble/MagicMarble.SlaveMagicMarble.SlaveMagicMarble.SlaveMagicMarble.Slave;0;0;0;0
0;Magic Pockets;Platform / Action;Games:M/MagicPockets/MagicPockets.slaveMagicPockets.slaveMagicPockets.slaveMagicPockets.slave;0;0;0;0
0;Magic Pockets (Game Demo);Platform / Action;Games:M/MagicPocketsDemo/MagicPocketsDemo.SlaveMagicPocketsDemo.SlaveMagicPocketsDemo.SlaveMagicPocketsDemo.Slave;0;0;0;0
0;Magic Pockets (NTSC);Platform / Action;Games:M/MagicPocketsNTSC/MagicPocketsNTSC.slaveMagicPocketsNTSC.slaveMagicPocketsNTSC.slaveMagicPocketsNTSC.slave;0;0;0;0
0;Magician, The;Platform / Action;Games:M/Magician/Magician.SlaveMagician.SlaveMagician.SlaveMagician.Slave;0;0;0;0
0;Magicland Dizzy;Platform / Puzzle;Games:M/MagiclandDizzy/MagiclandDizzy.SlaveMagiclandDizzy.SlaveMagiclandDizzy.SlaveMagiclandDizzy.Slave;0;0;0;0
0;Magnatron;Puzzle / 2D;Games:M/Magnatron/Magnatron.SlaveMagnatron.SlaveMagnatron.SlaveMagnatron.Slave;0;0;0;0
0;Major Motion;Action / Shooter / Vehicle;Games:M/MajorMotion/MajorMotion.SlaveMajorMotion.SlaveMajorMotion.SlaveMajorMotion.Slave;0;0;0;0
0;Man From The Council, The;Action / Shooter / Multi Way;Games:M/ManFromTheCouncil/ManFromTheCouncil.SlaveManFromTheCouncil.SlaveManFromTheCouncil.SlaveManFromTheCouncil.Slave;0;0;0;0
0;Manchester United;Sport / Football / Soccer;Games:M/ManchesterUnited/ManchesterUnited.SlaveManchesterUnited.SlaveManchesterUnited.SlaveManchesterUnited.Slave;0;0;0;0
0;Manchester United - Premier League Champions;Sport / Football / Soccer;Games:M/ManchesterUnitedPLC/ManchesterUnitedPLC.slaveManchesterUnitedPLC.slaveManchesterUnitedPLC.slaveManchesterUnitedPLC.slave;0;0;0;0
0;Manchester United - Premier League Champions & Data Disk;Sport / Football / Soccer;Games:M/ManchesterUtdPLC&Data/ManchesterUtdPLC&Data.slaveManchesterUtdPLC&Data.slaveManchesterUtdPLC&Data.slaveManchesterUtdPLC&Data.slave;0;0;0;0
0;Manchester United - The Double;Sport / Football / Soccer;Games:M/ManchesterUnitedTheDouble/ManchesterUnitedTheDouble.slaveManchesterUnitedTheDouble.slaveManchesterUnitedTheDouble.slaveManchesterUnitedTheDouble.slave;0;0;0;0
0;Manchester United Europe (v2.0);Sport / Football / Soccer;Games:M/ManchesterUnitedEurope20/ManchesterUnitedEurope20.SlaveManchesterUnitedEurope20.SlaveManchesterUnitedEurope20.SlaveManchesterUnitedEurope20.Slave;0;0;0;0
0;Manchester United Europe (v2.1);Sport / Football / Soccer;Games:M/ManchesterUnitedEurope21/ManchesterUnitedEurope21.SlaveManchesterUnitedEurope21.SlaveManchesterUnitedEurope21.SlaveManchesterUnitedEurope21.Slave;0;0;0;0
0;Manchester United Europe (v2.3);Sport / Football / Soccer;Games:M/ManchesterUnitedEurope23/ManchesterUnitedEurope23.SlaveManchesterUnitedEurope23.SlaveManchesterUnitedEurope23.SlaveManchesterUnitedEurope23.Slave;0;0;0;0
0;Manhattan Dealers;Action / Fighter 2.5D;Games:M/ManhattanDealers/ManhattanDealers.SlaveManhattanDealers.SlaveManhattanDealers.SlaveManhattanDealers.Slave;0;0;0;0
0;Manhattan Dealers (French);Action / Fighter 2.5D;Games:M/ManhattanDealersFr/ManhattanDealersFr.SlaveManhattanDealersFr.SlaveManhattanDealersFr.SlaveManhattanDealersFr.Slave;0;0;0;0
0;Manhunter 1 - New York;Adventure / Point & Click;Games:M/Manhunter/Manhunter.slaveManhunter.slaveManhunter.slaveManhunter.slave;0;0;0;0
0;Manhunter 2 - San Francisco (NTSC);Adventure / Point & Click;Games:M/Manhunter2NTSC/Manhunter2NTSC.slaveManhunter2NTSC.slaveManhunter2NTSC.slaveManhunter2NTSC.slave;0;0;0;0
0;Maniac Mansion;Adventure / Point & Click;Games:M/ManiacMansion/ManiacMansion.slaveManiacMansion.slaveManiacMansion.slaveManiacMansion.slave;0;0;0;0
0;Maniac Mansion (French);Adventure / Point & Click;Games:M/ManiacMansionFr/ManiacMansionFr.slaveManiacMansionFr.slaveManiacMansionFr.slaveManiacMansionFr.slave;0;0;0;0
0;Maniac Mansion (German);Adventure / Point & Click;Games:M/ManiacMansionDe/ManiacMansionDe.slaveManiacMansionDe.slaveManiacMansionDe.slaveManiacMansionDe.slave;0;0;0;0
0;Maniac Mansion (Italian);Adventure / Point & Click;Games:M/ManiacMansionIt/ManiacMansionIt.slaveManiacMansionIt.slaveManiacMansionIt.slaveManiacMansionIt.slave;0;0;0;0
0;Maniac Mansion (Spanish);Adventure / Point & Click;Games:M/ManiacMansionEs/ManiacMansionEs.slaveManiacMansionEs.slaveManiacMansionEs.slaveManiacMansionEs.slave;0;0;0;0
0;Maniax;Reaction / 2D;Games:M/Maniax/maniax.slavemaniax.slavemaniax.slavemaniax.slave;0;0;0;0
0;Manic Miner;Platform / Action;Games:M/ManicMiner/ManicMiner.slaveManicMiner.slaveManicMiner.slaveManicMiner.slave;0;0;0;0
0;Manix;Puzzle / Isometric;Games:M/Manix/Manix.SlaveManix.SlaveManix.SlaveManix.Slave;0;0;0;0
0;Manoir de MortVielle (French);Adventure / Point & Click;Games:M/ManoirDeMortvielleFr/ManoirDeMortvielleFr.SlaveManoirDeMortvielleFr.SlaveManoirDeMortvielleFr.SlaveManoirDeMortvielleFr.Slave;0;0;0;0
0;Marble Madness;Puzzle / Isometric;Games:M/MarbleMadness/MarbleMadness.slaveMarbleMadness.slaveMarbleMadness.slaveMarbleMadness.slave;0;0;0;0
0;Marblelous;Platform / Puzzle;Games:M/Marblelous/Marblelous.SlaveMarblelous.SlaveMarblelous.SlaveMarblelous.Slave;0;0;0;0
0;Maria's Xmas Box;Tabletop / Cards / Adult;Games:M/MariasXmasBox/MariasXmasBox.SlaveMariasXmasBox.SlaveMariasXmasBox.SlaveMariasXmasBox.Slave;0;0;0;0
0;Marvin's Marvellous Adventure (AGA);Platform / Action;Games:M/MarvinsMarvellousAdvAGA/MarvinsMarvellousAdvAGA.SlaveMarvinsMarvellousAdvAGA.SlaveMarvinsMarvellousAdvAGA.SlaveMarvinsMarvellousAdvAGA.Slave;0;0;0;0
0;Marvin's Marvellous Adventure (CD32);Platform / Action;Games:M/MarvinsMarvellousAdvCD32/MarvinsMarvellousAdvCD32.SlaveMarvinsMarvellousAdvCD32.SlaveMarvinsMarvellousAdvCD32.SlaveMarvinsMarvellousAdvCD32.Slave;0;0;0;0
0;Master Axe - The Genesis Of MysterX;Beat 'Em Up;Games:M/MasterAxe/MasterAxe.slaveMasterAxe.slaveMasterAxe.slaveMasterAxe.slave;0;0;0;0
0;Master Blaster;Maze / Bomb;Games:M/MasterBlaster/MasterBlaster.SlaveMasterBlaster.SlaveMasterBlaster.SlaveMasterBlaster.Slave;0;0;0;0
0;Masterblazer;Action / Duel / Versus;Games:M/Masterblazer/Masterblazer.SlaveMasterblazer.SlaveMasterblazer.SlaveMasterblazer.Slave;0;0;0;0
0;Match of the Day;Management / Sport;Games:M/MatchOfTheDay/MatchOfTheDay.SlaveMatchOfTheDay.SlaveMatchOfTheDay.SlaveMatchOfTheDay.Slave;0;0;0;0
0;Math Wizard;Educational;Games:M/MathWizard/MathWizard.SlaveMathWizard.SlaveMathWizard.SlaveMathWizard.Slave;0;0;0;0
0;Matrix Marauders;Action / Shooter / 3D;Games:M/MatrixMarauders/MatrixMarauders.slaveMatrixMarauders.slaveMatrixMarauders.slaveMatrixMarauders.slave;0;0;0;0
0;Maupiti Island;Adventure / Graphic;Games:M/MaupitiIsland/MaupitiIsland.SlaveMaupitiIsland.SlaveMaupitiIsland.SlaveMaupitiIsland.Slave;0;0;0;0
0;Maupiti Island (French);Adventure / Graphic;Games:M/MaupitiIslandFr/MaupitiIslandFr.SlaveMaupitiIslandFr.SlaveMaupitiIslandFr.SlaveMaupitiIslandFr.Slave;0;0;0;0
0;Maupiti Island (German);Adventure / Graphic;Games:M/MaupitiIslandDe/MaupitiIslandDe.SlaveMaupitiIslandDe.SlaveMaupitiIslandDe.SlaveMaupitiIslandDe.Slave;0;0;0;0
0;Maupiti Island (Spanish);Adventure / Graphic;Games:M/MaupitiIslandEs/MaupitiIslandEs.SlaveMaupitiIslandEs.SlaveMaupitiIslandEs.SlaveMaupitiIslandEs.Slave;0;0;0;0
0;Max Rally;Racing / Car / Top Down;Games:M/MaxRally/MaxRally.slaveMaxRally.slaveMaxRally.slaveMaxRally.slave;0;0;0;0
0;Maya;Adventure / Action;Games:M/Maya/Maya.SlaveMaya.SlaveMaya.SlaveMaya.Slave;0;0;0;0
0;Maya (Fast Mem);Adventure / Action;Games:M/MayaFast/MayaFast.slaveMayaFast.slaveMayaFast.slaveMayaFast.slave;0;0;0;0
0;Maya (Fast Mem) (Spanish);Adventure / Action;Games:M/MayaFastEs/MayaFastEs.SlaveMayaFastEs.SlaveMayaFastEs.SlaveMayaFastEs.Slave;0;0;0;0
0;Maya (Spanish);Adventure / Action;Games:M/MayaEs/MayaEs.SlaveMayaEs.SlaveMayaEs.SlaveMayaEs.Slave;0;0;0;0
0;Mayday Squad Heroes;Unknown;Games:M/MaydaySquadHeroes/MaydaySquadHeroes.SlaveMaydaySquadHeroes.SlaveMaydaySquadHeroes.SlaveMaydaySquadHeroes.Slave;0;0;0;0
0;McDonald Land;Platform / Action;Games:M/McDonaldLand/McDonaldLand.slaveMcDonaldLand.slaveMcDonaldLand.slaveMcDonaldLand.slave;0;0;0;0
0;McDonald Land V2;Platform / Action;Games:M/McDonaldLandV2/McDonaldLandV2.slaveMcDonaldLandV2.slaveMcDonaldLandV2.slaveMcDonaldLandV2.slave;0;0;0;0
0;Mean Arenas;Maze / 2D;Games:M/MeanArenas/MeanArenas.slaveMeanArenas.slaveMeanArenas.slaveMeanArenas.slave;0;0;0;0
0;Mean Arenas (CD32);Maze / 2D;Games:M/MeanArenasCD32/MeanArenasCD32.slaveMeanArenasCD32.slaveMeanArenasCD32.slaveMeanArenasCD32.slave;0;0;0;0
0;Mean Machine;Action / Shooter / Vehicle;Games:M/MeanMachine/MeanMachine.slaveMeanMachine.slaveMeanMachine.slaveMeanMachine.slave;0;0;0;0
0;Mean Streets;Adventure / 3D;Games:M/MeanStreets/MeanStreets.slaveMeanStreets.slaveMeanStreets.slaveMeanStreets.slave;0;0;0;0
0;Mean Streets (French);Adventure / 3D;Games:M/MeanStreetsFr/MeanStreetsFr.slaveMeanStreetsFr.slaveMeanStreetsFr.slaveMeanStreetsFr.slave;0;0;0;0
0;Mean Streets (German);Adventure / 3D;Games:M/MeanStreetsDe/MeanStreetsDe.slaveMeanStreetsDe.slaveMeanStreetsDe.slaveMeanStreetsDe.slave;0;0;0;0
0;Mega Motion;Puzzle / 2D;Games:M/MegaMotion/MegaMotion.slaveMegaMotion.slaveMegaMotion.slaveMegaMotion.slave;0;0;0;0
0;Mega Phoenix;Action / Shooter / 2D;Games:M/MegaPhoenix/MegaPhoenix.SlaveMegaPhoenix.SlaveMegaPhoenix.SlaveMegaPhoenix.Slave;0;0;0;0
0;Mega Twins;Platform / Action;Games:M/MegaTwins/MegaTwins.slaveMegaTwins.slaveMegaTwins.slaveMegaTwins.slave;0;0;0;0
0;Mega-lo-Mania;Strategy / World Sim;Games:M/MegaLoMania/MegaLoMania.SlaveMegaLoMania.SlaveMegaLoMania.SlaveMegaLoMania.Slave;0;0;0;0
0;Mega-lo-Mania (French);Strategy / World Sim;Games:M/MegaLoManiaFr/MegaLoManiaFr.SlaveMegaLoManiaFr.SlaveMegaLoManiaFr.SlaveMegaLoManiaFr.Slave;0;0;0;0
0;Mega-lo-Mania (German);Strategy / World Sim;Games:M/MegaLoManiaDe/MegaLoManiaDe.SlaveMegaLoManiaDe.SlaveMegaLoManiaDe.SlaveMegaLoManiaDe.Slave;0;0;0;0
0;Mega-Typhoon;Action / Shooter / Vertical;Games:M/MegaTyphoon/MegaTyphoon.slaveMegaTyphoon.slaveMegaTyphoon.slaveMegaTyphoon.slave;0;0;0;0
0;MegaBall 4;Bat & Ball / 2D;Games:M/MegaBall/MegaBall.slaveMegaBall.slaveMegaBall.slaveMegaBall.slave;0;0;0;0
0;MegaBall 4 (1MB);Bat & Ball / 2D;Games:M/MegaBall1MB/Megaball1MB.slaveMegaball1MB.slaveMegaball1MB.slaveMegaball1MB.slave;0;0;0;0
0;MegaBall 4 (AGA);Bat & Ball / 2D;Games:M/MegaBallAGA/MegaBallAGA.slaveMegaBallAGA.slaveMegaBallAGA.slaveMegaBallAGA.slave;0;0;0;0
0;Megablast;Maze / Bomb;Games:M/MegaBlast/MegaBlast.SlaveMegaBlast.SlaveMegaBlast.SlaveMegaBlast.Slave;0;0;0;0
0;MegaTraveller 1 - The Zhodani Conspiracy;RPG / Open World;Games:M/MegaTraveller1/MegaTraveller1.SlaveMegaTraveller1.SlaveMegaTraveller1.SlaveMegaTraveller1.Slave;0;0;0;0
0;Menace;Action / Shooter / Horizontal;Games:M/Menace/Menace.SlaveMenace.SlaveMenace.SlaveMenace.Slave;0;0;0;0
0;Mental Image (Disk 1);Action / Multi Level;Games:M/MentalImage1/MentalImage1.SlaveMentalImage1.SlaveMentalImage1.SlaveMentalImage1.Slave;0;0;0;0
0;Mental Image (Disk 2);Action / Multi Level;Games:M/MentalImage2/MentalImage2.slaveMentalImage2.slaveMentalImage2.slaveMentalImage2.slave;0;0;0;0
0;Mentor (Polish);Adventure / Point & Click;Games:M/MentorPl/MentorPl.SlaveMentorPl.SlaveMentorPl.SlaveMentorPl.Slave;0;0;0;0
0;Mercenary 1 - Compendium Edition;Adventure / 3D;Games:M/Mercenary/Mercenary.slaveMercenary.slaveMercenary.slaveMercenary.slave;0;0;0;0
0;Mercenary 3 - The Dion Crisis;Adventure / 3D;Games:M/Mercenary3/Mercenary3.SlaveMercenary3.SlaveMercenary3.SlaveMercenary3.Slave;0;0;0;0
0;MERCS;Action / Shooter / Vertical;Games:M/Mercs/Mercs.SlaveMercs.SlaveMercs.SlaveMercs.Slave;0;0;0;0
0;Merv The Merciless (Coverdisk);Reaction / 2D;Games:M/MervTheMerciless/MervTheMerciless.slaveMervTheMerciless.slaveMervTheMerciless.slaveMervTheMerciless.slave;0;0;0;0
0;Metal Law;Platform / Action;Games:M/MetalLaw/MetalLaw.slaveMetalLaw.slaveMetalLaw.slaveMetalLaw.slave;0;0;0;0
0;Metal Masters;Beat 'Em Up / Weapon;Games:M/MetalMasters/MetalMasters.SlaveMetalMasters.SlaveMetalMasters.SlaveMetalMasters.Slave;0;0;0;0
0;Metal Mutant;Adventure / Action;Games:M/MetalMutant/MetalMutant.slaveMetalMutant.slaveMetalMutant.slaveMetalMutant.slave;0;0;0;0
0;Metal Mutant (French);Adventure / Action;Games:M/MetalMutantFr/MetalMutantFr.slaveMetalMutantFr.slaveMetalMutantFr.slaveMetalMutantFr.slave;0;0;0;0
0;Metal Mutant (German);Adventure / Action;Games:M/MetalMutantDe/MetalMutantDe.slaveMetalMutantDe.slaveMetalMutantDe.slaveMetalMutantDe.slave;0;0;0;0
0;Metal Warrior (PD);Action / Fighter 2D;Games:M/MetalWarrior/MetalWarrior.SlaveMetalWarrior.SlaveMetalWarrior.SlaveMetalWarrior.Slave;0;0;0;0
0;Metro-Cross;Reaction / 2D;Games:M/MetroCross/MetroCross.SlaveMetroCross.SlaveMetroCross.SlaveMetroCross.Slave;0;0;0;0
0;MF Tanks (Coverdisk);Action / Shooter / 3D;Games:M/MFTanks/MFTanks.SlaveMFTanks.SlaveMFTanks.SlaveMFTanks.Slave;0;0;0;0
0;Miami Chase;Racing / Car / Top Down;Games:M/MiamiChase/MiamiChase.slaveMiamiChase.slaveMiamiChase.slaveMiamiChase.slave;0;0;0;0
0;Mickey Jeu de Memoire (French);Educational;Games:M/MickeyJeuDeMemoireFr/MickeyJeuDeMemoireFr.SlaveMickeyJeuDeMemoireFr.SlaveMickeyJeuDeMemoireFr.SlaveMickeyJeuDeMemoireFr.Slave;0;0;0;0
0;Mickey Mouse - The Computer Game;Educational;Games:M/MickeyMouseComputerGame/MickeyMouseComputerGame.SlaveMickeyMouseComputerGame.SlaveMickeyMouseComputerGame.SlaveMickeyMouseComputerGame.Slave;0;0;0;0
0;Mickey's 123 - L'anniversaire Surprise (French);Educational;Games:M/Mickey123Fr/Mickey123Fr.SlaveMickey123Fr.SlaveMickey123Fr.SlaveMickey123Fr.Slave;0;0;0;0
0;Mickey's ABC - Une Journ?e ? La F?te (French);Educational;Games:M/MickeyABCFr/MickeyABCFr.SlaveMickeyABCFr.SlaveMickeyABCFr.SlaveMickeyABCFr.Slave;0;0;0;0
0;Mickey's ABC's - A Day at the Fair;Educational;Games:M/MickeysABCs/MickeysABCs.SlaveMickeysABCs.SlaveMickeysABCs.SlaveMickeysABCs.Slave;0;0;0;0
0;Mickey's Jigsaw Puzzles;Educational;Games:M/MickeysJigsawPuzzles/MickeysJigsawPuzzles.SlaveMickeysJigsawPuzzles.SlaveMickeysJigsawPuzzles.SlaveMickeysJigsawPuzzles.Slave;0;0;0;0
0;Mickey's Memory Challenge;Educational;Games:M/MickeysMemoryChallenge/MickeysMemoryChallenge.SlaveMickeysMemoryChallenge.SlaveMickeysMemoryChallenge.SlaveMickeysMemoryChallenge.Slave;0;0;0;0
0;Mickey's Puzzles Animes (French);Educational;Games:M/MickeyPuzzlesAnimesFr/MickeyPuzzlesAnimesFr.SlaveMickeyPuzzlesAnimesFr.SlaveMickeyPuzzlesAnimesFr.SlaveMickeyPuzzlesAnimesFr.Slave;0;0;0;0
0;Micro Machines;Racing / Multi-Vehicle;Games:M/MicroMachines/MicroMachines.slaveMicroMachines.slaveMicroMachines.slaveMicroMachines.slave;0;0;0;0
0;Microbes (Coverdisk);Puzzle / 2D;Games:M/Microbes/Microbes.SlaveMicrobes.SlaveMicrobes.SlaveMicrobes.Slave;0;0;0;0
0;Microprose Golf;Sport / Golf;Games:M/MicroProseGolf/MicroProseGolf.slaveMicroProseGolf.slaveMicroProseGolf.slaveMicroProseGolf.slave;0;0;0;0
0;Microprose Soccer;Sport / Football / Soccer;Games:M/MicroProseSoccer/MicroProseSoccer.SlaveMicroProseSoccer.SlaveMicroProseSoccer.SlaveMicroProseSoccer.Slave;0;0;0;0
0;Midnight Resistance;Action / Shooter / 2D;Games:M/MidnightResistance/MidnightResistance.SlaveMidnightResistance.SlaveMidnightResistance.SlaveMidnightResistance.Slave;0;0;0;0
0;Midwinter;Adventure / 3D;Games:M/Midwinter/Midwinter.SlaveMidwinter.SlaveMidwinter.SlaveMidwinter.Slave;0;0;0;0
0;Midwinter (French);Adventure / 3D;Games:M/MidwinterFr/MidwinterFr.SlaveMidwinterFr.SlaveMidwinterFr.SlaveMidwinterFr.Slave;0;0;0;0
0;Midwinter (German);Adventure / 3D;Games:M/MidwinterDe/MidwinterDe.SlaveMidwinterDe.SlaveMidwinterDe.SlaveMidwinterDe.Slave;0;0;0;0
0;Midwinter 2 - Flames of Freedom;Adventure / 3D;Games:M/Midwinter2/Midwinter2.SlaveMidwinter2.SlaveMidwinter2.SlaveMidwinter2.Slave;0;0;0;0
0;Midwinter 2 - Flames of Freedom (French);Adventure / 3D;Games:M/Midwinter2Fr/Midwinter2Fr.SlaveMidwinter2Fr.SlaveMidwinter2Fr.SlaveMidwinter2Fr.Slave;0;0;0;0
0;Midwinter 2 - Flames of Freedom (German);Adventure / 3D;Games:M/Midwinter2De/Midwinter2De.SlaveMidwinter2De.SlaveMidwinter2De.SlaveMidwinter2De.Slave;0;0;0;0
0;MiG-29 Fulcrum;Simulator / Plane / Combat;Games:M/MiG29Fulcrum/MiG29Fulcrum.SlaveMiG29Fulcrum.SlaveMiG29Fulcrum.SlaveMiG29Fulcrum.Slave;0;0;0;0
0;MiG-29 Soviet Fighter;Action / Shooter / 3D;Games:M/MiG29SovietFighter/MiG29SovietFighter.SlaveMiG29SovietFighter.SlaveMiG29SovietFighter.SlaveMiG29SovietFighter.Slave;0;0;0;0
0;MiG-29M Super Fulcrum;Simulator / Plane / Combat;Games:M/MiG29MSuperFulcrum/MiG29MSuperFulcrum.SlaveMiG29MSuperFulcrum.SlaveMiG29MSuperFulcrum.SlaveMiG29MSuperFulcrum.Slave;0;0;0;0
0;Might & Magic 2 - Gates to Another World.;RPG / Dungeon Crawler;Games:M/Might&Magic2/Might&Magic2.SlaveMight&Magic2.SlaveMight&Magic2.SlaveMight&Magic2.Slave;0;0;0;0
0;Might & Magic 3 - Die Inseln Von Terra (German);RPG / Dungeon Crawler;Games:M/Might&Magic3De/Might&Magic3De.SlaveMight&Magic3De.SlaveMight&Magic3De.SlaveMight&Magic3De.Slave;0;0;0;0
0;Might & Magic 3 - Isles Of Terra;RPG / Dungeon Crawler;Games:M/Might&Magic3/Might&Magic3.SlaveMight&Magic3.SlaveMight&Magic3.SlaveMight&Magic3.Slave;0;0;0;0
0;Mighty Bombjack;Platform / Action;Games:M/MightyBombJack/MightyBombjack.SlaveMightyBombjack.SlaveMightyBombjack.SlaveMightyBombjack.Slave;0;0;0;0
0;Mike Read's Computer Pop Quiz;Quiz;Games:M/MikeReadsComputerPopQuiz/MikeReadsComputerPopQuiz.SlaveMikeReadsComputerPopQuiz.SlaveMikeReadsComputerPopQuiz.SlaveMikeReadsComputerPopQuiz.Slave;0;0;0;0
0;Mikro Mortal Tennis;Sport / Tennis;Games:M/MikroMortalTennis/MikroMortalTennis.SlaveMikroMortalTennis.SlaveMikroMortalTennis.SlaveMikroMortalTennis.Slave;0;0;0;0
0;Millennium - Return To Earth (NTSC);Management / Space;Games:M/MilleniumNTSC/MilleniumNTSC.SlaveMilleniumNTSC.SlaveMilleniumNTSC.SlaveMilleniumNTSC.Slave;0;0;0;0
0;Millennium 2.2;Management / Space;Games:M/Millennium22/Millennium22.SlaveMillennium22.SlaveMillennium22.SlaveMillennium22.Slave;0;0;0;0
0;Mind Walker (NTSC);Puzzle / 3D;Games:M/MindWalkerNTSC/MindWalkerNTSC.slaveMindWalkerNTSC.slaveMindWalkerNTSC.slaveMindWalkerNTSC.slave;0;0;0;0
0;Mindbender;Puzzle / 2D;Games:M/Mindbender/Mindbender.SlaveMindbender.SlaveMindbender.SlaveMindbender.Slave;0;0;0;0
0;Mindfighter;Adventure / Text;Games:M/Mindfighter/Mindfighter.SlaveMindfighter.SlaveMindfighter.SlaveMindfighter.Slave;0;0;0;0
0;Mindroll;Maze / 2D;Games:M/Mindroll/Mindroll.SlaveMindroll.SlaveMindroll.SlaveMindroll.Slave;0;0;0;0
0;Mindshadow;Adventure / Graphic;Games:M/Mindshadow/Mindshadow.SlaveMindshadow.SlaveMindshadow.SlaveMindshadow.Slave;0;0;0;0
0;Mini Golf;Sport / Miniature Golf;Games:M/MiniGolf/MiniGolf.SlaveMiniGolf.SlaveMiniGolf.SlaveMiniGolf.Slave;0;0;0;0
0;Mini Golf Plus;Sport / Miniature Golf;Games:M/MiniGolfPlus/MiniGolfPlus.slaveMiniGolfPlus.slaveMiniGolfPlus.slaveMiniGolfPlus.slave;0;0;0;0
0;Minos;Puzzle / 2D;Games:M/Minos/Minos.SlaveMinos.SlaveMinos.SlaveMinos.Slave;0;0;0;0
0;Minskies - The Abduction;Reaction / 2D;Games:M/Minskies/Minskies.slaveMinskies.slaveMinskies.slaveMinskies.slave;0;0;0;0
0;Minskies - The Abduction (AGA);Reaction / 2D;Games:M/MinskiesAGA/MinskiesAGA.slaveMinskiesAGA.slaveMinskiesAGA.slaveMinskiesAGA.slave;0;0;0;0
0;Misja Harolda (Polish);Adventure / Action;Games:M/MisjaHaroldaPl/MisjaHaroldaPl.slaveMisjaHaroldaPl.slaveMisjaHaroldaPl.slaveMisjaHaroldaPl.slave;0;0;0;0
0;Missiles Over Xerion;Action / Shooter / 2D;Games:M/MissilesOverXerion/MissilesOverXerion.slaveMissilesOverXerion.slaveMissilesOverXerion.slaveMissilesOverXerion.slave;0;0;0;0
0;Mission Elevator;Platform / Action;Games:M/MissionElevator/MissionElevator.slaveMissionElevator.slaveMissionElevator.slaveMissionElevator.slave;0;0;0;0
0;Mixed-Up Mother Goose (Enhanced);Educational;Games:M/MixedUpMotherGoose/MixedUpMotherGoose.SlaveMixedUpMotherGoose.SlaveMixedUpMotherGoose.SlaveMixedUpMotherGoose.Slave;0;0;0;0
0;Moebius - The Orb Of Celestial Harmony (NTSC);RPG / Open World;Games:M/MoebiusNTSC/MoebiusNTSC.SlaveMoebiusNTSC.SlaveMoebiusNTSC.SlaveMoebiusNTSC.Slave;0;0;0;0
0;Monkey Island 2 - Le Chuck's Revenge (Spanish);Adventure / Point & Click;Games:M/MonkeyIsland2Es/MonkeyIsland2Es.slaveMonkeyIsland2Es.slaveMonkeyIsland2Es.slaveMonkeyIsland2Es.slave;0;0;0;0
0;Monster Business;Platform / Action;Games:M/MonsterBusiness/MonsterBusiness.slaveMonsterBusiness.slaveMonsterBusiness.slaveMonsterBusiness.slave;0;0;0;0
0;Monty Pythons Flying Circus;Platform / Action;Games:M/MontyPythonsFlyCir/MontyPythonsFlyCir.SlaveMontyPythonsFlyCir.SlaveMontyPythonsFlyCir.SlaveMontyPythonsFlyCir.Slave;0;0;0;0
0;Monty Pythons Flying Circus (NTSC);Platform / Action;Games:M/MontyPythonsFlyCirNTSC/MontyPythonsFlyCirNTSC.SlaveMontyPythonsFlyCirNTSC.SlaveMontyPythonsFlyCirNTSC.SlaveMontyPythonsFlyCirNTSC.Slave;0;0;0;0
0;Moochies, The;Puzzle / 2D;Games:M/Moochies/Moochies.SlaveMoochies.SlaveMoochies.SlaveMoochies.Slave;0;0;0;0
0;Moon Blaster (French);Action / Shooter / 3D;Games:M/MoonBlasterFr/MoonBlasterFr.SlaveMoonBlasterFr.SlaveMoonBlasterFr.SlaveMoonBlasterFr.Slave;0;0;0;0
0;Moonfall;Strategy / Space;Games:M/Moonfall/Moonfall.slaveMoonfall.slaveMoonfall.slaveMoonfall.slave;0;0;0;0
0;Moonshine Racers;Racing / Car / Chase View;Games:M/MoonShineRacers/MoonShineRacers.SlaveMoonShineRacers.SlaveMoonShineRacers.SlaveMoonShineRacers.Slave;0;0;0;0
0;Moonstone - A Hard Days Knight;Adventure / Action;Games:M/Moonstone/Moonstone.SlaveMoonstone.SlaveMoonstone.SlaveMoonstone.Slave;0;0;0;0
0;Moonwalker;Action / Multi Level;Games:M/Moonwalker/Moonwalker.SlaveMoonwalker.SlaveMoonwalker.SlaveMoonwalker.Slave;0;0;0;0
0;Morph;Platform / Puzzle;Games:M/Morph/Morph.SlaveMorph.SlaveMorph.SlaveMorph.Slave;0;0;0;0
0;Morph (AGA);Platform / Puzzle;Games:M/MorphAGA/MorphAGA.SlaveMorphAGA.SlaveMorphAGA.SlaveMorphAGA.Slave;0;0;0;0
0;Morph (CD32);Platform / Puzzle;Games:M/MorphCD32/MorphCD32.SlaveMorphCD32.SlaveMorphCD32.SlaveMorphCD32.Slave;0;0;0;0
0;Mortal Kombat;Beat 'Em Up;Games:M/MortalKombat/MortalKombat.SlaveMortalKombat.SlaveMortalKombat.SlaveMortalKombat.Slave;0;0;0;0
0;Mortal Kombat (Censored);Beat 'Em Up;Games:M/MortalKombatCensored/MortalKombatCensored.SlaveMortalKombatCensored.SlaveMortalKombatCensored.SlaveMortalKombatCensored.Slave;0;0;0;0
0;Mortal Kombat 2 (1MB);Beat 'Em Up;Games:M/MortalKombat21MB/MortalKombat21MB.slaveMortalKombat21MB.slaveMortalKombat21MB.slaveMortalKombat21MB.slave;0;0;0;0
0;Mortal Kombat 22 MB;Unknown;Games:M/MortalKombat22MB/MortalKombat22MB.slaveMortalKombat22MB.slaveMortalKombat22MB.slaveMortalKombat22MB.slave;0;0;0;0
0;Morton Strikes Back;Platform / Action;Games:M/MortonStrikesBack/MortonStrikesBack.SlaveMortonStrikesBack.SlaveMortonStrikesBack.SlaveMortonStrikesBack.Slave;0;0;0;0
0;Morton Strikes Back (AGA);Platform / Action;Games:M/MortonStrikesBackAGA/MortonStrikesBackAGA.SlaveMortonStrikesBackAGA.SlaveMortonStrikesBackAGA.SlaveMortonStrikesBackAGA.Slave;0;0;0;0
0;Mortville Manor;Adventure / Graphic;Games:M/MortvilleManor/MortvilleManor.SlaveMortvilleManor.SlaveMortvilleManor.SlaveMortvilleManor.Slave;0;0;0;0
0;Mot;Action / Multi Level;Games:M/Mot/Mot.slaveMot.slaveMot.slaveMot.slave;0;0;0;0
0;Motor Massacre;Action / Shooter / Vehicle;Games:M/MotorMassacre/MotorMassacre.SlaveMotorMassacre.SlaveMotorMassacre.SlaveMotorMassacre.Slave;0;0;0;0
0;Motorbike Madness;Racing / Bike / Isometric;Games:M/MotorbikeMadness/MotorbikeMadness.SlaveMotorbikeMadness.SlaveMotorbikeMadness.SlaveMotorbikeMadness.Slave;0;0;0;0
0;Motorhead;Action / Fighter 2.5D;Games:M/Motorhead/Motorhead.SlaveMotorhead.SlaveMotorhead.SlaveMotorhead.Slave;0;0;0;0
0;MouseQuest (NTSC);Platform / Puzzle;Games:M/MouseQuestNTSC/MouseQuestNTSC.SlaveMouseQuestNTSC.SlaveMouseQuestNTSC.SlaveMouseQuestNTSC.Slave;0;0;0;0
0;Mousetrap;Platform / Puzzle;Games:M/Mousetrap/Mousetrap.SlaveMousetrap.SlaveMousetrap.SlaveMousetrap.Slave;0;0;0;0
0;Mr Do! Run Run (Files);Reaction / 2D;Games:M/MrDoRunRunFiles/MrDoRunRunFiles.SlaveMrDoRunRunFiles.SlaveMrDoRunRunFiles.SlaveMrDoRunRunFiles.Slave;0;0;0;0
0;Mr Do! Run Run (Image);Reaction / 2D;Games:M/MrDoRunRunImage/MrDoRunRunImage.SlaveMrDoRunRunImage.SlaveMrDoRunRunImage.SlaveMrDoRunRunImage.Slave;0;0;0;0
0;Mr. Blobby;Platform / Puzzle;Games:M/MrBlobby/MrBlobby.slaveMrBlobby.slaveMrBlobby.slaveMrBlobby.slave;0;0;0;0
0;Mr. HELI;Action / Shooter / Horizontal;Games:M/MrHeli/MrHeli.slaveMrHeli.slaveMrHeli.slaveMrHeli.slave;0;0;0;0
0;Mr. Nutz - Hoppin' Mad;Platform / Action;Games:M/MrNutz/MrNutz.SlaveMrNutz.SlaveMrNutz.SlaveMrNutz.Slave;0;0;0;0
0;Multi Player Soccer Manager;Management / Sport;Games:M/MultiPlayerSoccerManager/MultiPlayerSoccerManager.SlaveMultiPlayerSoccerManager.SlaveMultiPlayerSoccerManager.SlaveMultiPlayerSoccerManager.Slave;0;0;0;0
0;Munsters, The;Adventure / Action;Games:M/Munsters/Munsters.slaveMunsters.slaveMunsters.slaveMunsters.slave;0;0;0;0
0;Murder;Adventure / Isometric;Games:M/Murder/Murder.SlaveMurder.SlaveMurder.SlaveMurder.Slave;0;0;0;0
0;Murders In Space (Files);Adventure / Graphic;Games:M/MurdersInSpaceFiles/MurdersInSpaceFiles.slaveMurdersInSpaceFiles.slaveMurdersInSpaceFiles.slaveMurdersInSpaceFiles.slave;0;0;0;0
0;Murders In Space (Image);Adventure / Graphic;Games:M/MurdersInSpaceImage/MurdersInSpaceImage.slaveMurdersInSpaceImage.slaveMurdersInSpaceImage.slaveMurdersInSpaceImage.slave;0;0;0;0
0;Mysterious Worlds (Coverdisk);Platform / Action;Games:M/MysteriousWorlds/MysteriousWorlds.SlaveMysteriousWorlds.SlaveMysteriousWorlds.SlaveMysteriousWorlds.Slave;0;0;0;0
0;Mystery Of The Mummy;Adventure / Graphic;Games:M/MysteryOfTheMummy/MysteryOfTheMummy.SlaveMysteryOfTheMummy.SlaveMysteryOfTheMummy.SlaveMysteryOfTheMummy.Slave;0;0;0;0
0;Mystical;Action / Shooter / Multi Way;Games:M/Mystical/Mystical.SlaveMystical.SlaveMystical.SlaveMystical.Slave;0;0;0;0
0;Myth (Magnetic Scrolls);Adventure / Text;Games:M/MythMagneticScrolls/MythMagneticScrolls.SlaveMythMagneticScrolls.SlaveMythMagneticScrolls.SlaveMythMagneticScrolls.Slave;0;0;0;0
0;Myth (System 3);Action / Fighter 2D;Games:M/MythSystem3/MythSystem3.slaveMythSystem3.slaveMythSystem3.slaveMythSystem3.slave;0;0;0;0
0;Myth (System 3) (CD32);Action / Fighter 2D;Games:M/MythSystem3CD32/MythSystem3CD32.slaveMythSystem3CD32.slaveMythSystem3CD32.slaveMythSystem3CD32.slave;0;0;0;0
0;Nam 1965-1975;Strategy / Historical;Games:N/Nam19651975/Nam19651975.slaveNam19651975.slaveNam19651975.slaveNam19651975.slave;0;0;0;0
0;NARC;Action / Fighter 2.5D;Games:N/Narc/Narc.slaveNarc.slaveNarc.slaveNarc.slave;0;0;0;0
0;Narco Police;Action / Shooter / 3D;Games:N/NarcoPolice/NarcoPolice.SlaveNarcoPolice.SlaveNarcoPolice.SlaveNarcoPolice.Slave;0;0;0;0
0;Nathan Never - The Arcade Game (Italian);Adventure / Action;Games:N/NathanNeverIt/NathanNeverIt.SlaveNathanNeverIt.SlaveNathanNeverIt.SlaveNathanNeverIt.Slave;0;0;0;0
0;Naughty Ones;Platform / Action;Games:N/NaughtyOnes/NaughtyOnes.SlaveNaughtyOnes.SlaveNaughtyOnes.SlaveNaughtyOnes.Slave;0;0;0;0
0;Naughty Ones (AGA);Platform / Action;Games:N/NaughtyOnesAGA/NaughtyOnesAGA.SlaveNaughtyOnesAGA.SlaveNaughtyOnesAGA.SlaveNaughtyOnesAGA.Slave;0;0;0;0
0;Naughty Ones (CD32);Platform / Action;Games:N/NaughtyOnesCD32/NaughtyOnesCD32.SlaveNaughtyOnesCD32.SlaveNaughtyOnesCD32.SlaveNaughtyOnesCD32.Slave;0;0;0;0
0;Navy Moves;Action / Shooter / 2D;Games:N/NavyMoves/NavyMoves.SlaveNavyMoves.SlaveNavyMoves.SlaveNavyMoves.Slave;0;0;0;0
0;Navy Seals;Action / Shooter / 2D;Games:N/NavySeals/NavySeals.slaveNavySeals.slaveNavySeals.slaveNavySeals.slave;0;0;0;0
0;Nebulus;Platform / Puzzle;Games:N/Nebulus/Nebulus.SlaveNebulus.SlaveNebulus.SlaveNebulus.Slave;0;0;0;0
0;Nebulus 2;Unknown;Games:N/Nebulus2/Nebulus2.slaveNebulus2.slaveNebulus2.slaveNebulus2.slave;0;0;0;0
0;Necronom;Action / Shooter / Horizontal;Games:N/Necronom/Necronom.SlaveNecronom.SlaveNecronom.SlaveNecronom.Slave;0;0;0;0
0;Neighbours;Racing / Other;Games:N/Neighbours/Neighbours.SlaveNeighbours.SlaveNeighbours.SlaveNeighbours.Slave;0;0;0;0
0;Netherworld;Action / Shooter / Multi Way;Games:N/Netherworld/Netherworld.slaveNetherworld.slaveNetherworld.slaveNetherworld.slave;0;0;0;0
0;Neuromancer;Adventure / Point & Click;Games:N/Neuromancer/Neuromancer.slaveNeuromancer.slaveNeuromancer.slaveNeuromancer.slave;0;0;0;0
0;Neuronics;Puzzle / 2D;Games:N/Neuronics/Neuronics.SlaveNeuronics.SlaveNeuronics.SlaveNeuronics.Slave;0;0;0;0
0;Never Ending Story II, The;Adventure / Action;Games:N/NeverEndingStory2/NeverEndingStory2.slaveNeverEndingStory2.slaveNeverEndingStory2.slaveNeverEndingStory2.slave;0;0;0;0
0;Nevermind;Puzzle / Isometric;Games:N/NeverMind/Nevermind.SlaveNevermind.SlaveNevermind.SlaveNevermind.Slave;0;0;0;0
0;New Year Lemmings 91-92;Platform / Puzzle;Games:L/LemmingsNewYear9192/LemmingsNewYear9192.SlaveLemmingsNewYear9192.SlaveLemmingsNewYear9192.SlaveLemmingsNewYear9192.Slave;0;0;0;0
0;New York Warriors (1MB);Action / Shooter / Multi Way;Games:N/NewYorkWarriors1MB/NewYorkWarriors1MB.SlaveNewYorkWarriors1MB.SlaveNewYorkWarriors1MB.SlaveNewYorkWarriors1MB.Slave;0;0;0;0
0;New York Warriors 512 KB;Unknown;Games:N/NewYorkWarriors512KB/NewYorkWarriors512KB.SlaveNewYorkWarriors512KB.SlaveNewYorkWarriors512KB.SlaveNewYorkWarriors512KB.Slave;0;0;0;0
0;New Zealand Story, The;Platform / Action;Games:N/NewZealandStory/NewZealandStory.slaveNewZealandStory.slaveNewZealandStory.slaveNewZealandStory.slave;0;0;0;0
0;New Zealand Story, The (Game Demo);Platform / Action;Games:N/NewZealandStoryDemo/NewZealandStoryDemo.SlaveNewZealandStoryDemo.SlaveNewZealandStoryDemo.SlaveNewZealandStoryDemo.Slave;0;0;0;0
0;Nibby Nibble;Maze / 2D;Games:N/NibbyNibble/NibbyNibble.slaveNibbyNibble.slaveNibbyNibble.slaveNibbyNibble.slave;0;0;0;0
0;Nick Faldo's Championship Golf;Sport / Golf;Games:N/NickFaldosChampGolf/NickFaldosChampGolf.SlaveNickFaldosChampGolf.SlaveNickFaldosChampGolf.SlaveNickFaldosChampGolf.Slave;0;0;0;0
0;Nick Faldo's Championship Golf (CD32);Sport / Golf;Games:N/NickFaldosChampGolfCD32/NickFaldosChampGolfCD32.SlaveNickFaldosChampGolfCD32.SlaveNickFaldosChampGolfCD32.SlaveNickFaldosChampGolfCD32.Slave;0;0;0;0
0;Nicky 2;Platform / Action;Games:N/Nicky2/Nicky2.SlaveNicky2.SlaveNicky2.SlaveNicky2.Slave;0;0;0;0
0;Nicky Boom;Platform / Action;Games:N/NickyBoom/NickyBoom.SlaveNickyBoom.SlaveNickyBoom.SlaveNickyBoom.Slave;0;0;0;0
0;Nigel Mansell's Grand Prix;Racing / Car / Chase View;Games:N/NigelMansellsGrandPrix/NigelMansellsGrandPrix.SlaveNigelMansellsGrandPrix.SlaveNigelMansellsGrandPrix.SlaveNigelMansellsGrandPrix.Slave;0;0;0;0
0;Nigel Mansell's World Champion;Racing / Car / Driver View;Games:N/NigelMansellsWrldChmp/NigelMansellsWrldChmp.slaveNigelMansellsWrldChmp.slaveNigelMansellsWrldChmp.slaveNigelMansellsWrldChmp.slave;0;0;0;0
0;Nigel Mansell's World Champion (AGA);Racing / Car / Driver View;Games:N/NigelMansellsWrldChmpAGA/NigelMansellsWrldChmpAGA.slaveNigelMansellsWrldChmpAGA.slaveNigelMansellsWrldChmpAGA.slaveNigelMansellsWrldChmpAGA.slave;0;0;0;0
0;Nigel Mansell's World Champion (CD32);Racing / Car / Driver View;Games:N/NigelMansellsWrldChmpCD32/NigelMansellsWrldChmpCD32.slaveNigelMansellsWrldChmpCD32.slaveNigelMansellsWrldChmpCD32.slaveNigelMansellsWrldChmpCD32.slave;0;0;0;0
0;Night Breed - The Action Game;Adventure / Action;Games:N/NightbreedAction/NightbreedAction.SlaveNightbreedAction.SlaveNightbreedAction.SlaveNightbreedAction.Slave;0;0;0;0
0;Night Breed - The Interactive Movie;Adventure / Graphic;Games:N/NightbreedMovie/NightbreedMovie.SlaveNightbreedMovie.SlaveNightbreedMovie.SlaveNightbreedMovie.Slave;0;0;0;0
0;Night Hunter;Platform / Action;Games:N/NightHunter/NightHunter.slaveNightHunter.slaveNightHunter.slaveNightHunter.slave;0;0;0;0
0;Night Shift;Platform / Puzzle;Games:N/NightShift/NightShift.slaveNightShift.slaveNightShift.slaveNightShift.slave;0;0;0;0
0;Nightdawn;Action / Shooter / Multi Way;Games:N/Nightdawn/Nightdawn.SlaveNightdawn.SlaveNightdawn.SlaveNightdawn.Slave;0;0;0;0
0;Nightdawn (NTSC);Action / Shooter / Multi Way;Games:N/NightdawnNTSC/NightdawnNTSC.SlaveNightdawnNTSC.SlaveNightdawnNTSC.SlaveNightdawnNTSC.Slave;0;0;0;0
0;Nil Dieu Vivant (French);Adventure / Action;Games:N/NilDieuVivantFr/NilDieuVivantFr.SlaveNilDieuVivantFr.SlaveNilDieuVivantFr.SlaveNilDieuVivantFr.Slave;0;0;0;0
0;Ninja Mission;Beat 'Em Up;Games:N/NinjaMission/NinjaMission.SlaveNinjaMission.SlaveNinjaMission.SlaveNinjaMission.Slave;0;0;0;0
0;Ninja Mission (Arcadia);Beat 'Em Up;Games:N/NinjaMissionArcadia/NinjaMissionArcadia.SlaveNinjaMissionArcadia.SlaveNinjaMissionArcadia.SlaveNinjaMissionArcadia.Slave;0;0;0;0
0;Ninja Rabbits;Action / Fighter 2D;Games:N/NinjaRabbits/NinjaRabbits.SlaveNinjaRabbits.SlaveNinjaRabbits.SlaveNinjaRabbits.Slave;0;0;0;0
0;Ninja Remix;Adventure / Isometric;Games:N/NinjaRemix/NinjaRemix.slaveNinjaRemix.slaveNinjaRemix.slaveNinjaRemix.slave;0;0;0;0
0;Ninja Spirit;Action / Fighter 2D;Games:N/NinjaSpirit/NinjaSpirit.SlaveNinjaSpirit.SlaveNinjaSpirit.SlaveNinjaSpirit.Slave;0;0;0;0
0;Ninja Warriors, The;Action / Fighter 2D;Games:N/NinjaWarriors/NinjaWarriors.slaveNinjaWarriors.slaveNinjaWarriors.slaveNinjaWarriors.slave;0;0;0;0
0;Nippon Safes Inc.;Adventure / Point & Click;Games:N/NipponSafesInc/NipponSafesInc.SlaveNipponSafesInc.SlaveNipponSafesInc.SlaveNipponSafesInc.Slave;0;0;0;0
0;Nitro;Racing / Car / Top Down;Games:N/Nitro/Nitro.SlaveNitro.SlaveNitro.SlaveNitro.Slave;0;0;0;0
0;Nitro (NTSC);Racing / Car / Top Down;Games:N/NitroNTSC/NitroNTSC.SlaveNitroNTSC.SlaveNitroNTSC.SlaveNitroNTSC.Slave;0;0;0;0
0;Nitro Boost Challenge;Racing / Car / Top Down;Games:N/NitroBoostChallenge/NitroBoostChallenge.slaveNitroBoostChallenge.slaveNitroBoostChallenge.slaveNitroBoostChallenge.slave;0;0;0;0
0;No Buddies Land;Platform / Action;Games:N/NoBuddiesLand/NoBuddiesLand.slaveNoBuddiesLand.slaveNoBuddiesLand.slaveNoBuddiesLand.slave;0;0;0;0
0;No Excuses;Puzzle / Isometric;Games:N/NoExcuses/NoExcuses.slaveNoExcuses.slaveNoExcuses.slaveNoExcuses.slave;0;0;0;0
0;No Exit;Beat 'Em Up;Games:N/NoExit/NoExit.SlaveNoExit.SlaveNoExit.SlaveNoExit.Slave;0;0;0;0
0;No Second Prize;Racing / Bike / Rider View;Games:N/NoSecondPrize/NoSecondPrize.SlaveNoSecondPrize.SlaveNoSecondPrize.SlaveNoSecondPrize.Slave;0;0;0;0
0;Nobby The Aardvark;Platform / Action;Games:N/NobbyTheAardvark/NobbyTheAardvark.slaveNobbyTheAardvark.slaveNobbyTheAardvark.slaveNobbyTheAardvark.slave;0;0;0;0
0;North & South (Files);Strategy / Historical;Games:N/NorthAndSouthFiles/NorthAndSouthFiles.slaveNorthAndSouthFiles.slaveNorthAndSouthFiles.slaveNorthAndSouthFiles.slave;0;0;0;0
0;North & South (Files) (NTSC);Strategy / Historical;Games:N/NorthAndSouthFilesNTSC/NorthAndSouthFilesNTSC.slaveNorthAndSouthFilesNTSC.slaveNorthAndSouthFilesNTSC.slaveNorthAndSouthFilesNTSC.slave;0;0;0;0
0;North & South (Image);Strategy / Historical;Games:N/NorthAndSouthImage/NorthAndSouthImage.slaveNorthAndSouthImage.slaveNorthAndSouthImage.slaveNorthAndSouthImage.slave;0;0;0;0
0;North & South (Image) (NTSC);Strategy / Historical;Games:N/NorthAndSouthImageNTSC/NorthAndSouthImageNTSC.slaveNorthAndSouthImageNTSC.slaveNorthAndSouthImageNTSC.slaveNorthAndSouthImageNTSC.slave;0;0;0;0
0;North Sea Inferno, The;Action / Shooter / 2D;Games:N/NorthSeaInferno/NorthSeaInferno.SlaveNorthSeaInferno.SlaveNorthSeaInferno.SlaveNorthSeaInferno.Slave;0;0;0;0
0;Nova 9;Action / Shooter / 3D;Games:N/Nova9/Nova9.SlaveNova9.SlaveNova9.SlaveNova9.Slave;0;0;0;0
0;Nuclear War (NTSC);Strategy / Battle / 2D;Games:N/NuclearWarNTSC/NuclearWarNTSC.SlaveNuclearWarNTSC.SlaveNuclearWarNTSC.SlaveNuclearWarNTSC.Slave;0;0;0;0
0;Nucleus;Action / Shooter / Horizontal;Games:N/Nucleus/Nucleus.SlaveNucleus.SlaveNucleus.SlaveNucleus.Slave;0;0;0;0
0;Nuxelia (Game Demo) (AGA);Platform / Action;Games:N/NuxeliaDemo/NuxeliaDemo.SlaveNuxeliaDemo.SlaveNuxeliaDemo.SlaveNuxeliaDemo.Slave;0;0;0;0
0;nWho Framed Roger Rabbit;Action / Multi Level;Games:W/WhoFramedRogerRabbit/WhoFramedRogerRabbit.slaveWhoFramedRogerRabbit.slaveWhoFramedRogerRabbit.slaveWhoFramedRogerRabbit.slave;0;0;0;0
0;Oath, The;Action / Shooter / Horizontal;Games:O/Oath/Oath.SlaveOath.SlaveOath.SlaveOath.Slave;0;0;0;0
0;Obitus;RPG / Dungeon Crawler;Games:O/Obitus/Obitus.SlaveObitus.SlaveObitus.SlaveObitus.Slave;0;0;0;0
0;Obliterator;Action / Shooter / 2D;Games:O/Obliterator/Obliterator.slaveObliterator.slaveObliterator.slaveObliterator.slave;0;0;0;0
0;Oblivion;Action / Shooter / Horizontal;Games:O/Oblivion/Oblivion.SlaveOblivion.SlaveOblivion.SlaveOblivion.Slave;0;0;0;0
0;Obsession;Pinball;Games:O/Obsession/Obsession.SlaveObsession.SlaveObsession.SlaveObsession.Slave;0;0;0;0
0;Odyssey;Platform / Action;Games:O/Odyssey/Odyssey.slaveOdyssey.slaveOdyssey.slaveOdyssey.slave;0;0;0;0
0;Off Shore Warrior;Action / Shooter / Vehicle;Games:O/OffShoreWarrior/OffShoreWarrior.SlaveOffShoreWarrior.SlaveOffShoreWarrior.SlaveOffShoreWarrior.Slave;0;0;0;0
0;Og! (AGA);Platform / Action;Games:O/OgAGA/OgAGA.SlaveOgAGA.SlaveOgAGA.SlaveOgAGA.Slave;0;0;0;0
0;Ogre (NTSC);Strategy / Battle / 2D;Games:O/OgreNTSC/OgreNTSC.SlaveOgreNTSC.SlaveOgreNTSC.SlaveOgreNTSC.Slave;0;0;0;0
0;Oh-No! More Lemmings;Platform / Puzzle;Games:O/OhNoMoreLemmings/OhNoMoreLemmings.SlaveOhNoMoreLemmings.SlaveOhNoMoreLemmings.SlaveOhNoMoreLemmings.Slave;0;0;0;0
0;Oh-No! More Lemmings (NTSC);Platform / Puzzle;Games:O/OhNoMoreLemmingsNTSC/OhNoMoreLemmingsNTSC.SlaveOhNoMoreLemmingsNTSC.SlaveOhNoMoreLemmingsNTSC.SlaveOhNoMoreLemmingsNTSC.Slave;0;0;0;0
0;Oil Imperium;Management / Business;Games:O/OilImperium/OilImperium.SlaveOilImperium.SlaveOilImperium.SlaveOilImperium.Slave;0;0;0;0
0;Oil Imperium (German);Management / Business;Games:O/OilImperiumDe/OilImperiumDe.SlaveOilImperiumDe.SlaveOilImperiumDe.SlaveOilImperiumDe.Slave;0;0;0;0
0;Oktagon (Coverdisk);Puzzle / 2D;Games:O/Oktagon/Oktagon.SlaveOktagon.SlaveOktagon.SlaveOktagon.Slave;0;0;0;0
0;Omega;Strategy / Battle / 2D;Games:O/Omega/Omega.SlaveOmega.SlaveOmega.SlaveOmega.Slave;0;0;0;0
0;Omnicron Conspiracy;Adventure / Point & Click;Games:O/OmnicronConspiracy/OmnicronConspiracy.SlaveOmnicronConspiracy.SlaveOmnicronConspiracy.SlaveOmnicronConspiracy.Slave;0;0;0;0
0;Omnicron Conspiracy (French);Adventure / Point & Click;Games:O/OmnicronConspiracyFr/OmnicronConspiracyFr.SlaveOmnicronConspiracyFr.SlaveOmnicronConspiracyFr.SlaveOmnicronConspiracyFr.Slave;0;0;0;0
0;Omnicron Conspiracy (German);Adventure / Point & Click;Games:O/OmnicronConspiracyDe/OmnicronConspiracyDe.SlaveOmnicronConspiracyDe.SlaveOmnicronConspiracyDe.SlaveOmnicronConspiracyDe.Slave;0;0;0;0
0;On The Ball - League Edition;Management / Sport;Games:O/OnTheBallLE/OnTheBallLE.slaveOnTheBallLE.slaveOnTheBallLE.slaveOnTheBallLE.slave;0;0;0;0
0;On The Ball - League Edition (AGA);Management / Sport;Games:O/OnTheBallLEAGA/OnTheBallLEAGA.slaveOnTheBallLEAGA.slaveOnTheBallLEAGA.slaveOnTheBallLEAGA.slave;0;0;0;0
0;On The Ball - World Cup Edition;Management / Sport;Games:O/OnTheBallWCE/OnTheBallWCE.slaveOnTheBallWCE.slaveOnTheBallWCE.slaveOnTheBallWCE.slave;0;0;0;0
0;On The Ball - World Cup Edition (AGA);Management / Sport;Games:O/OnTheBallWCEAGA/OnTheBallWCEAGA.slaveOnTheBallWCEAGA.slaveOnTheBallWCEAGA.slaveOnTheBallWCEAGA.slave;0;0;0;0
0;One On One (NTSC);Sport / Basketball;Games:O/OneOnOneNTSC/OneOnOneNTSC.slaveOneOnOneNTSC.slaveOneOnOneNTSC.slaveOneOnOneNTSC.slave;0;0;0;0
0;One Step Beyond;Puzzle / 2D;Games:O/OneStepBeyond/OneStepBeyond.slaveOneStepBeyond.slaveOneStepBeyond.slaveOneStepBeyond.slave;0;0;0;0
0;One To One Match Pairs;Puzzle / 2D;Games:O/OneToOneMatch/OneToOneMatch.SlaveOneToOneMatch.SlaveOneToOneMatch.SlaveOneToOneMatch.Slave;0;0;0;0
0;Onslaught;Action / Fighter 2D;Games:O/Onslaught/Onslaught.slaveOnslaught.slaveOnslaught.slaveOnslaught.slave;0;0;0;0
0;Ooops Up;Reaction / 2D;Games:O/OoopsUp/OoopsUp.SlaveOoopsUp.SlaveOoopsUp.SlaveOoopsUp.Slave;0;0;0;0
0;Ooze - Als Die Geister Murbe Wurden (German);Adventure / Text;Games:O/OozeDe/OozeDe.SlaveOozeDe.SlaveOozeDe.SlaveOozeDe.Slave;0;0;0;0
0;Ooze - Creepy Nites;Adventure / Text;Games:O/Ooze/Ooze.SlaveOoze.SlaveOoze.SlaveOoze.Slave;0;0;0;0
0;Operation Cleanstreets;Unknown;Games:O/OperationCleanstreets/OperationCleanstreets.SlaveOperationCleanstreets.SlaveOperationCleanstreets.SlaveOperationCleanstreets.Slave;0;0;0;0
0;Operation Combat II - By Land, Sea & Air;Strategy / Battle / 2D;Games:O/OperationCombat2/OperationCombat2.SlaveOperationCombat2.SlaveOperationCombat2.SlaveOperationCombat2.Slave;0;0;0;0
0;Operation Firestorm;Action / Shooter / 2D;Games:O/OperationFirestorm/OperationFirestorm.slaveOperationFirestorm.slaveOperationFirestorm.slaveOperationFirestorm.slave;0;0;0;0
0;Operation G2 (Game Demo);RPG / Dungeon Crawler;Games:O/OperationG2Demo/OperationG2Demo.SlaveOperationG2Demo.SlaveOperationG2Demo.SlaveOperationG2Demo.Slave;0;0;0;0
0;Operation Harrier;Action / Shooter / Multi Way;Games:O/OperationHarrier/OperationHarrier.slaveOperationHarrier.slaveOperationHarrier.slaveOperationHarrier.slave;0;0;0;0
0;Operation Jupiter (French);Action / Multi Level;Games:O/OperationJupiterFr/OperationJupiterFr.SlaveOperationJupiterFr.SlaveOperationJupiterFr.SlaveOperationJupiterFr.Slave;0;0;0;0
0;Operation Neptune;Action / Multi Level;Games:O/OperationNeptune/OperationNeptune.SlaveOperationNeptune.SlaveOperationNeptune.SlaveOperationNeptune.Slave;0;0;0;0
0;Operation Stealth;Adventure / Point & Click;Games:O/OperationStealth/OperationStealth.slaveOperationStealth.slaveOperationStealth.slaveOperationStealth.slave;0;0;0;0
0;Operation Stealth (French);Adventure / Point & Click;Games:O/OperationStealthFr/OperationStealthFr.slaveOperationStealthFr.slaveOperationStealthFr.slaveOperationStealthFr.slave;0;0;0;0
0;Operation Stealth (German);Adventure / Point & Click;Games:O/OperationStealthDe/OperationStealthDe.slaveOperationStealthDe.slaveOperationStealthDe.slaveOperationStealthDe.slave;0;0;0;0
0;Operation Stealth (Italian);Adventure / Point & Click;Games:O/OperationStealthIt/OperationStealthIt.slaveOperationStealthIt.slaveOperationStealthIt.slaveOperationStealthIt.slave;0;0;0;0
0;Operation Stealth (Spanish);Adventure / Point & Click;Games:O/OperationStealthEs/OperationStealthEs.slaveOperationStealthEs.slaveOperationStealthEs.slaveOperationStealthEs.slave;0;0;0;0
0;Operation Thunderbolt;Action / Shooter / Crosshair;Games:O/OperationThunderbolt/OperationThunderbolt.slaveOperationThunderbolt.slaveOperationThunderbolt.slaveOperationThunderbolt.slave;0;0;0;0
0;Operation Wolf;Action / Shooter / Crosshair;Games:O/OperationWolf/OperationWolf.SlaveOperationWolf.SlaveOperationWolf.SlaveOperationWolf.Slave;0;0;0;0
0;Orbital Destroyer;Action / Shooter / Crosshair;Games:O/OrbitalDestroyer/OrbitalDestroyer.SlaveOrbitalDestroyer.SlaveOrbitalDestroyer.SlaveOrbitalDestroyer.Slave;0;0;0;0
0;Oriental Games;Beat 'Em Up;Games:O/OrientalGames/OrientalGames.SlaveOrientalGames.SlaveOrientalGames.SlaveOrientalGames.Slave;0;0;0;0
0;Ork;Action / Shooter / 2D;Games:O/Ork/Ork.SlaveOrk.SlaveOrk.SlaveOrk.Slave;0;0;0;0
0;Ork (Game Demo);Action / Shooter / 2D;Games:O/OrkDemo/OrkDemo.SlaveOrkDemo.SlaveOrkDemo.SlaveOrkDemo.Slave;0;0;0;0
0;Ork (NTSC);Action / Shooter / 2D;Games:O/OrkNTSC/OrkNTSC.SlaveOrkNTSC.SlaveOrkNTSC.SlaveOrkNTSC.Slave;0;0;0;0
0;Ork Attack - The Return;Reaction / 2D;Games:O/OrkAttackTheReturn/OrkAttackTheReturn.SlaveOrkAttackTheReturn.SlaveOrkAttackTheReturn.SlaveOrkAttackTheReturn.Slave;0;0;0;0
0;Oscar;Platform / Action;Games:O/Oscar/Oscar.slaveOscar.slaveOscar.slaveOscar.slave;0;0;0;0
0;Oscar (AGA);Platform / Action;Games:O/OscarAGA/OscarAGA.SlaveOscarAGA.SlaveOscarAGA.SlaveOscarAGA.Slave;0;0;0;0
0;Oscar (CD32);Platform / Action;Games:O/OscarCD32/OscarCD32.SlaveOscarCD32.SlaveOscarCD32.SlaveOscarCD32.Slave;0;0;0;0
0;Oscar CD 32 NTSC;Unknown;Games:O/OscarCD32NTSC/OscarCD32NTSC.SlaveOscarCD32NTSC.SlaveOscarCD32NTSC.SlaveOscarCD32NTSC.Slave;0;0;0;0
0;OsWALD of the Ice Floes (Danish);Reaction / 2D;Games:O/OswaldDk/OswaldDk.SlaveOswaldDk.SlaveOswaldDk.SlaveOswaldDk.Slave;0;0;0;0
0;OsWALD of the Ice Flows (NTSC);Reaction / 2D;Games:O/OswaldNTSC/OswaldNTSC.SlaveOswaldNTSC.SlaveOswaldNTSC.SlaveOswaldNTSC.Slave;0;0;0;0
0;Out Of This World (NTSC);Adventure / Action;Games:O/OutOfThisWorldNTSC/OutOfThisWorldNTSC.SlaveOutOfThisWorldNTSC.SlaveOutOfThisWorldNTSC.SlaveOutOfThisWorldNTSC.Slave;0;0;0;0
0;Out Run;Racing / Car / Chase View;Games:O/OutRun/OutRun.slaveOutRun.slaveOutRun.slaveOutRun.slave;0;0;0;0
0;Out Run (NTSC);Racing / Car / Chase View;Games:O/OutRunNTSC/OutRunNTSC.slaveOutRunNTSC.slaveOutRunNTSC.slaveOutRunNTSC.slave;0;0;0;0
0;Out Run Europa;Racing / Multi-Vehicle;Games:O/OutRunEuropa/OutrunEuropa.slaveOutrunEuropa.slaveOutrunEuropa.slaveOutrunEuropa.slave;0;0;0;0
0;Outlands;Action / Shooter / Vertical;Games:O/Outlands/Outlands.slaveOutlands.slaveOutlands.slaveOutlands.slave;0;0;0;0
0;Outlands & Dizzy Dice;Compilation;Games:O/Outlands&DizzyDice/Outlands&DizzyDice.slaveOutlands&DizzyDice.slaveOutlands&DizzyDice.slaveOutlands&DizzyDice.slave;0;0;0;0
0;Outzone;Action / Shooter / Horizontal;Games:O/Outzone/Outzone.SlaveOutzone.SlaveOutzone.SlaveOutzone.Slave;0;0;0;0
0;Over The Net (NTSC);Sport / Volleyball;Games:O/OverTheNetNTSC/OverTheNetNTSC.SlaveOverTheNetNTSC.SlaveOverTheNetNTSC.SlaveOverTheNetNTSC.Slave;0;0;0;0
0;Overdrive (Infacto);Action / Shooter / Vertical;Games:O/OverdriveInfacto/OverdriveInfacto.SlaveOverdriveInfacto.SlaveOverdriveInfacto.SlaveOverdriveInfacto.Slave;0;0;0;0
0;Overdrive (Team 17);Racing / Car / Top Down;Games:O/OverdriveTeam17/OverdriveTeam17.SlaveOverdriveTeam17.SlaveOverdriveTeam17.SlaveOverdriveTeam17.Slave;0;0;0;0
0;Overkill (AGA);Action / Shooter / Horizontal;Games:O/OverkillAGA/OverkillAGA.slaveOverkillAGA.slaveOverkillAGA.slaveOverkillAGA.slave;0;0;0;0
0;Overlander;Racing / Car / Chase View;Games:O/Overlander/Overlander.SlaveOverlander.SlaveOverlander.SlaveOverlander.Slave;0;0;0;0
0;Overlord;Simulator / Plane / WW2;Games:O/OverlordRowan/OverlordRowan.SlaveOverlordRowan.SlaveOverlordRowan.SlaveOverlordRowan.Slave;0;0;0;0
0;Overlord (Game Demo);Simulator / Plane / WW2;Games:O/OverlordDemoRowan/OverlordDemoRowan.SlaveOverlordDemoRowan.SlaveOverlordDemoRowan.SlaveOverlordDemoRowan.Slave;0;0;0;0
0;Oxxonian;Action / Shooter / Multi Way;Games:O/Oxxonian/Oxxonian.SlaveOxxonian.SlaveOxxonian.SlaveOxxonian.Slave;0;0;0;0
0;P-47 Thunderbolt;Action / Shooter / Horizontal;Games:P/P47Thunderbolt/P47Thunderbolt.SlaveP47Thunderbolt.SlaveP47Thunderbolt.SlaveP47Thunderbolt.Slave;0;0;0;0
0;P. P. Hammer & His Pneumatic Weapon;Platform / Action;Games:P/PPHammer/PPHammer.SlavePPHammer.SlavePPHammer.SlavePPHammer.Slave;0;0;0;0
0;P.O.D - Proof Of Destruction (Coverdisk);Action / Shooter / 2D;Games:P/Pod/Pod.slavePod.slavePod.slavePod.slave;0;0;0;0
0;P.O.W.;Action / Shooter / Crosshair;Games:P/POW/POW.SlavePOW.SlavePOW.SlavePOW.Slave;0;0;0;0
0;Pac-Land;Platform / Action;Games:P/PacLand/PacLand.SlavePacLand.SlavePacLand.SlavePacLand.Slave;0;0;0;0
0;Pac-Mania;Maze / 2D;Games:P/PacMania/Pacmania.SlavePacmania.SlavePacmania.SlavePacmania.Slave;0;0;0;0
0;Pacific Islands (Team Yankee 2);Simulator / Tank;Games:P/PacificIslands/PacificIslands.SlavePacificIslands.SlavePacificIslands.SlavePacificIslands.Slave;0;0;0;0
0;PacMan '87;Maze / 2D;Games:P/Pacman87/Pacman87.slavePacman87.slavePacman87.slavePacman87.slave;0;0;0;0
0;Paladin;RPG / Open World;Games:P/Paladin/Paladin.SlavePaladin.SlavePaladin.SlavePaladin.Slave;0;0;0;0
0;Paladin 2;RPG / Open World;Games:P/Paladin2/Paladin2.SlavePaladin2.SlavePaladin2.SlavePaladin2.Slave;0;0;0;0
0;Pandora;Adventure / Action;Games:P/Pandora/Pandora.SlavePandora.SlavePandora.SlavePandora.Slave;0;0;0;0
0;Pang;Reaction / 2D;Games:P/Pang/Pang.slavePang.slavePang.slavePang.slave;0;0;0;0
0;Pango;Platform / Action;Games:P/Pango/Pango.SlavePango.SlavePango.SlavePango.Slave;0;0;0;0
0;Panza Kick Boxing;Beat 'Em Up;Games:P/PanzaKickBoxing/PanzaKickBoxing.SlavePanzaKickBoxing.SlavePanzaKickBoxing.SlavePanzaKickBoxing.Slave;0;0;0;0
0;Panza Kick Boxing (French);Beat 'Em Up;Games:P/PanzaKickBoxingFr/PanzaKickBoxingFr.SlavePanzaKickBoxingFr.SlavePanzaKickBoxingFr.SlavePanzaKickBoxingFr.Slave;0;0;0;0
0;Paperboy;Racing / Other;Games:P/Paperboy/Paperboy.slavePaperboy.slavePaperboy.slavePaperboy.slave;0;0;0;0
0;Paperboy 2;Racing / Other;Games:P/Paperboy2/Paperboy2.slavePaperboy2.slavePaperboy2.slavePaperboy2.slave;0;0;0;0
0;Paradise Lost;Action / Fighter 2D;Games:P/ParadiseLost/ParadiseLost.slaveParadiseLost.slaveParadiseLost.slaveParadiseLost.slave;0;0;0;0
0;Paradroid 90 (1MB);Action / Shooter / Multi Way;Games:P/Paradroid901MB/Paradroid901MB.SlaveParadroid901MB.SlaveParadroid901MB.SlaveParadroid901MB.Slave;0;0;0;0
0;Paradroid 90 (512KB);Action / Shooter / Multi Way;Games:P/Paradroid90512KB/Paradroid90512KB.SlaveParadroid90512KB.SlaveParadroid90512KB.SlaveParadroid90512KB.Slave;0;0;0;0
0;Paragliding Simulation;Sport / Extreme;Games:P/ParaglidingSimulation/ParaglidingSimulation.SlaveParaglidingSimulation.SlaveParaglidingSimulation.SlaveParaglidingSimulation.Slave;0;0;0;0
0;Paramax;Platform / Action;Games:P/Paramax/Paramax.SlaveParamax.SlaveParamax.SlaveParamax.Slave;0;0;0;0
0;Paranoia Complex, The;Action / Shooter / Multi Way;Games:P/ParanoiaComplex/ParanoiaComplex.SlaveParanoiaComplex.SlaveParanoiaComplex.SlaveParanoiaComplex.Slave;0;0;0;0
0;Paranoia Complex, The (German);Action / Shooter / Multi Way;Games:P/ParanoiaComplexDe/ParanoiaComplexDe.SlaveParanoiaComplexDe.SlaveParanoiaComplexDe.SlaveParanoiaComplexDe.Slave;0;0;0;0
0;Parasol Stars;Platform / Action;Games:P/ParasolStars/ParasolStars.SlaveParasolStars.SlaveParasolStars.SlaveParasolStars.Slave;0;0;0;0
0;Paris Dakar '90;Racing / Car / Chase View;Games:P/ParisDakar90/ParisDakar90.SlaveParisDakar90.SlaveParisDakar90.SlaveParisDakar90.Slave;0;0;0;0
0;Passing Shot;Sport / Tennis;Games:P/PassingShot/PassingShot.SlavePassingShot.SlavePassingShot.SlavePassingShot.Slave;0;0;0;0
0;Patrician, The;Strategy / Trading;Games:P/Patrician/Patrician.slavePatrician.slavePatrician.slavePatrician.slave;0;0;0;0
0;Patrician, The (French);Strategy / Trading;Games:P/PatricianFr/PatricianFr.slavePatricianFr.slavePatricianFr.slavePatricianFr.slave;0;0;0;0
0;Patrizier, Der (German);Strategy / Trading;Games:P/PatrizierDe/PatrizierDe.slavePatrizierDe.slavePatrizierDe.slavePatrizierDe.slave;0;0;0;0
0;Pawn, The;Adventure / Text;Games:P/Pawn/Pawn.SlavePawn.SlavePawn.SlavePawn.Slave;0;0;0;0
0;Pegasus;Action / Shooter / Horizontal;Games:P/Pegasus/Pegasus.SlavePegasus.SlavePegasus.SlavePegasus.Slave;0;0;0;0
0;Penthouse Hot Numbers;Puzzle / Adult;Games:P/PenthouseHotNumbers/PenthouseHotNumbers.SlavePenthouseHotNumbers.SlavePenthouseHotNumbers.SlavePenthouseHotNumbers.Slave;0;0;0;0
0;Penthouse Hot Numbers Deluxe (AGA) (German);Puzzle / Adult;Games:P/PenthouseHotNumsDlxAGADe/PenthouseHotNumsDlxAGADe.SlavePenthouseHotNumsDlxAGADe.SlavePenthouseHotNumsDlxAGADe.SlavePenthouseHotNumsDlxAGADe.Slave;0;0;0;0
0;Penthouse Hot Numbers Deluxe (German);Puzzle / Adult;Games:P/PenthouseHotNumsDlxDe/PenthouseHotNumsDlxDe.SlavePenthouseHotNumsDlxDe.SlavePenthouseHotNumsDlxDe.SlavePenthouseHotNumsDlxDe.Slave;0;0;0;0
0;Perihelion;RPG / Dungeon Crawler;Games:P/Perihelion/Perihelion.SlavePerihelion.SlavePerihelion.SlavePerihelion.Slave;0;0;0;0
0;Persian Gulf Inferno;Action / Shooter / 2D;Games:P/PersianGulfInferno/PersianGulfInferno.SlavePersianGulfInferno.SlavePersianGulfInferno.SlavePersianGulfInferno.Slave;0;0;0;0
0;Personal Nightmare;Adventure / Graphic;Games:P/PersonalNightmare/PersonalNightmare.SlavePersonalNightmare.SlavePersonalNightmare.SlavePersonalNightmare.Slave;0;0;0;0
0;Peter Beardsley's International Football (NTSC);Sport / Football / Soccer;Games:P/PeterBeardsleysIFNTSC/PeterBeardsleysIFNTSC.SlavePeterBeardsleysIFNTSC.SlavePeterBeardsleysIFNTSC.SlavePeterBeardsleysIFNTSC.Slave;0;0;0;0
0;Peter Pan (French);Adventure / Puzzle;Games:P/PeterPanFr/PeterPanFr.SlavePeterPanFr.SlavePeterPanFr.SlavePeterPanFr.Slave;0;0;0;0
0;Peter Pan (German);Adventure / Puzzle;Games:P/PeterPanDe/PeterPanDe.SlavePeterPanDe.SlavePeterPanDe.SlavePeterPanDe.Slave;0;0;0;0
0;Peter Schmeichel Soccer;Management / Sport;Games:P/PeterSchmeichelSoccer/PeterSchmeichelSoccer.SlavePeterSchmeichelSoccer.SlavePeterSchmeichelSoccer.SlavePeterSchmeichelSoccer.Slave;0;0;0;0
0;PGA European Tour;Sport / Golf;Games:P/PGAEuropeanTour/PGAEuropeanTour.SlavePGAEuropeanTour.SlavePGAEuropeanTour.SlavePGAEuropeanTour.Slave;0;0;0;0
0;PGA European Tour (AGA);Sport / Golf;Games:P/PGAEuropeanTourAGA/PGAEuropeanTourAGA.SlavePGAEuropeanTourAGA.SlavePGAEuropeanTourAGA.SlavePGAEuropeanTourAGA.Slave;0;0;0;0
0;PGA European Tour (CD32);Sport / Golf;Games:P/PGAEuropeanTourCD32/PGAEuropeanTourCD32.SlavePGAEuropeanTourCD32.SlavePGAEuropeanTourCD32.SlavePGAEuropeanTourCD32.Slave;0;0;0;0
0;PGA Tour Golf;Sport / Golf;Games:P/PGATourGolf/PGATourGolf.SlavePGATourGolf.SlavePGATourGolf.SlavePGATourGolf.Slave;0;0;0;0
0;PGA Tour Golf & Tournament Course Disk;Sport / Golf;Games:P/PGATourGolf&TourDisk/PGATourGolf&TourDisk.SlavePGATourGolf&TourDisk.SlavePGATourGolf&TourDisk.SlavePGATourGolf&TourDisk.Slave;0;0;0;0
0;Phalanx;Action / Shooter / Vertical;Games:P/Phalanx/Phalanx.SlavePhalanx.SlavePhalanx.SlavePhalanx.Slave;0;0;0;0
0;Phantasie;RPG / Open World;Games:P/Phantasie/Phantasie.SlavePhantasie.SlavePhantasie.SlavePhantasie.Slave;0;0;0;0
0;Phantasie 3 - The Wrath of Nikademus;RPG / Open World;Games:P/Phantasie3/Phantasie3.SlavePhantasie3.SlavePhantasie3.SlavePhantasie3.Slave;0;0;0;0
0;Phantasm;Action / Shooter / 3D;Games:P/Phantasm/Phantasm.SlavePhantasm.SlavePhantasm.SlavePhantasm.Slave;0;0;0;0
0;Phantom Fighter;Action / Shooter / Horizontal;Games:P/PhantomFighter/PhantomFighter.SlavePhantomFighter.SlavePhantomFighter.SlavePhantomFighter.Slave;0;0;0;0
0;Pharaohs Curse;Platform / Action;Games:P/PharaohsCurse/PharaohsCurse.SlavePharaohsCurse.SlavePharaohsCurse.SlavePharaohsCurse.Slave;0;0;0;0
0;Pharaohs Match (Arcadia);Tabletop / Mahjong;Games:P/PharaohsMatchArcadia/PharaohsMatchArcadia.SlavePharaohsMatchArcadia.SlavePharaohsMatchArcadia.SlavePharaohsMatchArcadia.Slave;0;0;0;0
0;Phobia;Action / Shooter / Horizontal;Games:P/Phobia/Phobia.SlavePhobia.SlavePhobia.SlavePhobia.Slave;0;0;0;0
0;Photon Storm;Action / Shooter / Multi Way;Games:P/PhotonStorm/PhotonStorm.slavePhotonStorm.slavePhotonStorm.slavePhotonStorm.slave;0;0;0;0
0;Pick'n'Pile;Puzzle / 2D;Games:P/PickNPile/PickNPile.SlavePickNPile.SlavePickNPile.SlavePickNPile.Slave;0;0;0;0
0;Pierre le Chef is ... Out To Lunch (AGA);Platform / Action;Games:P/PierreIsOutToLunchAGA/PierreIsOutToLunchAGA.SlavePierreIsOutToLunchAGA.SlavePierreIsOutToLunchAGA.SlavePierreIsOutToLunchAGA.Slave;0;0;0;0
0;Pierre le Chef is ... Out To Lunch (CD32);Platform / Action;Games:P/PierreIsOutToLunchCD32/PierreIsOutToLunchCD32.SlavePierreIsOutToLunchCD32.SlavePierreIsOutToLunchCD32.SlavePierreIsOutToLunchCD32.Slave;0;0;0;0
0;Pinball Brain Damage (AGA);Pinball;Games:P/PinballBrainDamageAGA/PinballBrainDamageAGA.SlavePinballBrainDamageAGA.SlavePinballBrainDamageAGA.SlavePinballBrainDamageAGA.Slave;0;0;0;0
0;Pinball Dreams;Pinball;Games:P/PinballDreams/PinballDreams.SlavePinballDreams.SlavePinballDreams.SlavePinballDreams.Slave;0;0;0;0
0;Pinball Dreams (NTSC);Pinball;Games:P/PinballDreamsNTSC/PinballDreamsNTSC.SlavePinballDreamsNTSC.SlavePinballDreamsNTSC.SlavePinballDreamsNTSC.Slave;0;0;0;0
0;Pinball Fantasies;Pinball;Games:P/PinballFntsies/PinballFntsies.slavePinballFntsies.slavePinballFntsies.slavePinballFntsies.slave;0;0;0;0
0;Pinball Fantasies (AGA);Pinball;Games:P/PinballFntsiesAGA/PinballFntsiesAGA.slavePinballFntsiesAGA.slavePinballFntsiesAGA.slavePinballFntsiesAGA.slave;0;0;0;0
0;Pinball Fantasies (AGA) (Chip Mem);Pinball;Games:P/PinballFntsiesAGAChip/PinballFntsiesAGAChip.slavePinballFntsiesAGAChip.slavePinballFntsiesAGAChip.slavePinballFntsiesAGAChip.slave;0;0;0;0
0;Pinball Fantasies (CD32);Pinball;Games:P/PinballFntsiesCD32/PinballFntsiesCD32.slavePinballFntsiesCD32.slavePinballFntsiesCD32.slavePinballFntsiesCD32.slave;0;0;0;0
0;Pinball Fantasies (CD32) (Chip Mem);Pinball;Games:P/PinballFntsiesCD32Chip/PinballFntsiesCD32Chip.slavePinballFntsiesCD32Chip.slavePinballFntsiesCD32Chip.slavePinballFntsiesCD32Chip.slave;0;0;0;0
0;Pinball Fantasies (NTSC) (AGA);Pinball;Games:P/PinballFntsiesAGANTSC/PinballFntsiesAGANTSC.slavePinballFntsiesAGANTSC.slavePinballFntsiesAGANTSC.slavePinballFntsiesAGANTSC.slave;0;0;0;0
0;Pinball Fantasies (NTSC) (AGA) (Chip Mem);Pinball;Games:P/PinballFntsiesAGANTSCChip/PinballFntsiesAGANTSCChip.slavePinballFntsiesAGANTSCChip.slavePinballFntsiesAGANTSCChip.slavePinballFntsiesAGANTSCChip.slave;0;0;0;0
0;Pinball Hazard;Pinball;Games:P/PinballHazard/PinballHazard.SlavePinballHazard.SlavePinballHazard.SlavePinballHazard.Slave;0;0;0;0
0;Pinball Illusions (AGA);Pinball;Games:P/PinballIllusionsAGA/PinballIllusionsAGA.slavePinballIllusionsAGA.slavePinballIllusionsAGA.slavePinballIllusionsAGA.slave;0;0;0;0
0;Pinball Illusions (CD32);Pinball;Games:P/PinballIllusionsCD32/PinballIllusionsCD32.slavePinballIllusionsCD32.slavePinballIllusionsCD32.slavePinballIllusionsCD32.slave;0;0;0;0
0;Pinball Illusions (Game Demo) (AGA);Pinball;Games:P/PinballIllusionsAGADemo/PinballIllusionsAGADemo.SlavePinballIllusionsAGADemo.SlavePinballIllusionsAGADemo.SlavePinballIllusionsAGADemo.Slave;0;0;0;0
0;Pinball Magic;Pinball;Games:P/PinballMagic/PinballMagic.SlavePinballMagic.SlavePinballMagic.SlavePinballMagic.Slave;0;0;0;0
0;Pinball Mania (AGA);Pinball;Games:P/PinballManiaAGA/PinballManiaAGA.slavePinballManiaAGA.slavePinballManiaAGA.slavePinballManiaAGA.slave;0;0;0;0
0;Pinball Prelude - Present;Pinball;Games:P/PinballPrelude/PinballPrelude.slavePinballPrelude.slavePinballPrelude.slavePinballPrelude.slave;0;0;0;0
0;Pinball Prelude - Present (AGA);Pinball;Games:P/PinballPreludeAGA/PinballPreludeAGA.slavePinballPreludeAGA.slavePinballPreludeAGA.slavePinballPreludeAGA.slave;0;0;0;0
0;Pinball Wizard;Pinball;Games:P/PinballWizard/PinballWizard.SlavePinballWizard.SlavePinballWizard.SlavePinballWizard.Slave;0;0;0;0
0;Pinball Wizard (Pre Release);Pinball;Games:P/PinballWizardPrerelease/PinballWizardPrerelease.SlavePinballWizardPrerelease.SlavePinballWizardPrerelease.SlavePinballWizardPrerelease.Slave;0;0;0;0
0;Pink Panther;Platform / Action;Games:P/PinkPanther/PinkPanther.slavePinkPanther.slavePinkPanther.slavePinkPanther.slave;0;0;0;0
0;Pinkie;Platform / Action;Games:P/Pinkie/Pinkie.slavePinkie.slavePinkie.slavePinkie.slave;0;0;0;0
0;Pinomania;Puzzle / 2D;Games:P/Pinomania/Pinomania.SlavePinomania.SlavePinomania.SlavePinomania.Slave;0;0;0;0
0;Pipe Dream (NTSC);Reaction / PipeMania;Games:P/PipeDreamNTSC/PipeDreamNTSC.SlavePipeDreamNTSC.SlavePipeDreamNTSC.SlavePipeDreamNTSC.Slave;0;0;0;0
0;Pipe Mania;Reaction / PipeMania;Games:P/PipeMania/PipeMania.SlavePipeMania.SlavePipeMania.SlavePipeMania.Slave;0;0;0;0
0;Pipeline (Nomad);Reaction / PipeMania;Games:P/PipelineNomad/PipelineNomad.SlavePipelineNomad.SlavePipelineNomad.SlavePipelineNomad.Slave;0;0;0;0
0;Pipeline (Oracle);Reaction / PipeMania;Games:P/PipelineOracle/PipelineOracle.SlavePipelineOracle.SlavePipelineOracle.SlavePipelineOracle.Slave;0;0;0;0
0;Pirates!;Adventure / Action;Games:P/Pirates/Pirates.slavePirates.slavePirates.slavePirates.slave;0;0;0;0
0;Pirates! Gold (CD32);Adventure / Action;Games:P/PiratesGoldCD32/PiratesGoldCD32.slavePiratesGoldCD32.slavePiratesGoldCD32.slavePiratesGoldCD32.slave;0;0;0;0
0;Pit-Fighter;Beat 'Em Up;Games:P/PitFighter/PitFighter.slavePitFighter.slavePitFighter.slavePitFighter.slave;0;0;0;0
0;Pixie And Dixie;Platform / Action;Games:P/Pixie&Dixie/Pixie&Dixie.SlavePixie&Dixie.SlavePixie&Dixie.SlavePixie&Dixie.Slave;0;0;0;0
0;Pizza Connection (German);Management / Business;Games:P/PizzaConnectionDe/PizzaConnectionDe.SlavePizzaConnectionDe.SlavePizzaConnectionDe.SlavePizzaConnectionDe.Slave;0;0;0;0
0;Plague, The;Action / Fighter 2D;Games:P/Plague/Plague.SlavePlague.SlavePlague.SlavePlague.Slave;0;0;0;0
0;Plague, The (NTSC);Action / Fighter 2D;Games:P/PlagueNTSC/PlagueNTSC.SlavePlagueNTSC.SlavePlagueNTSC.SlavePlagueNTSC.Slave;0;0;0;0
0;Plan 9 From Outer Space;Adventure / Graphic;Games:P/Plan9FromOuterSpace/Plan9FromOuterSpace.SlavePlan9FromOuterSpace.SlavePlan9FromOuterSpace.SlavePlan9FromOuterSpace.Slave;0;0;0;0
0;Plan 9 From Outer Space (NTSC);Adventure / Graphic;Games:P/Plan9FromOuterSpaceNTSC/Plan9FromOuterSpaceNTSC.SlavePlan9FromOuterSpaceNTSC.SlavePlan9FromOuterSpaceNTSC.SlavePlan9FromOuterSpaceNTSC.Slave;0;0;0;0
0;Platoon (NTSC);Action / Shooter / 2D;Games:P/PlatoonNTSC/PlatoonNTSC.SlavePlatoonNTSC.SlavePlatoonNTSC.SlavePlatoonNTSC.Slave;0;0;0;0
0;Play Room - La Chambre De Peppy (French);Educational;Games:P/PlayroomFr/PlayroomFr.SlavePlayroomFr.SlavePlayroomFr.SlavePlayroomFr.Slave;0;0;0;0
0;Playdays;Educational;Games:P/Playdays/Playdays.SlavePlaydays.SlavePlaydays.SlavePlaydays.Slave;0;0;0;0
0;Player Manager;Sport / Football / Soccer;Games:P/PlayerManager/PlayerManager.slavePlayerManager.slavePlayerManager.slavePlayerManager.slave;0;0;0;0
0;Player Manager (French);Sport / Football / Soccer;Games:P/PlayerManagerFr/PlayerManagerFr.slavePlayerManagerFr.slavePlayerManagerFr.slavePlayerManagerFr.slave;0;0;0;0
0;Player Manager (German);Sport / Football / Soccer;Games:P/PlayerManagerDe/PlayerManagerDe.slavePlayerManagerDe.slavePlayerManagerDe.slavePlayerManagerDe.slave;0;0;0;0
0;Player Manager (Italian);Sport / Football / Soccer;Games:P/PlayerManagerIt/PlayerManagerIt.slavePlayerManagerIt.slavePlayerManagerIt.slavePlayerManagerIt.slave;0;0;0;0
0;Player Manager 2;Sport / Football / Soccer;Games:P/PlayerManager2/PlayerManager2.SlavePlayerManager2.SlavePlayerManager2.SlavePlayerManager2.Slave;0;0;0;0
0;Player Manager 2 Extra - The Chase For Glory (AGA);Sport / Football / Soccer;Games:P/PlayerManager2ExtraAGA/PlayerManager2ExtraAGA.SlavePlayerManager2ExtraAGA.SlavePlayerManager2ExtraAGA.SlavePlayerManager2ExtraAGA.Slave;0;0;0;0
0;Plotting;Puzzle / 2D;Games:P/Plotting/Plotting.slavePlotting.slavePlotting.slavePlotting.slave;0;0;0;0
0;Plutos;Action / Shooter / Vertical;Games:P/Plutos/Plutos.SlavePlutos.SlavePlutos.SlavePlutos.Slave;0;0;0;0
0;Plutos (NTSC);Action / Shooter / Vertical;Games:P/PlutosNTSC/PlutosNTSC.SlavePlutosNTSC.SlavePlutosNTSC.SlavePlutosNTSC.Slave;0;0;0;0
0;Poker Nights De;Unknown;Games:P/PokerNightsDe/PokerNightsDe.SlavePokerNightsDe.SlavePokerNightsDe.SlavePokerNightsDe.Slave;0;0;0;0
0;Police Quest 1;Adventure / Point & Click;Games:P/PoliceQuest/PoliceQuest.slavePoliceQuest.slavePoliceQuest.slavePoliceQuest.slave;0;0;0;0
0;Police Quest 1 (NTSC);Adventure / Point & Click;Games:P/PoliceQuestNTSC/PoliceQuestNTSC.slavePoliceQuestNTSC.slavePoliceQuestNTSC.slavePoliceQuestNTSC.slave;0;0;0;0
0;Police Quest 2 - The Vengeance;Adventure / Point & Click;Games:P/PoliceQuest2/PoliceQuest2.slavePoliceQuest2.slavePoliceQuest2.slavePoliceQuest2.slave;0;0;0;0
0;Police Quest 3 - The Kindred (German);Adventure / Point & Click;Games:P/PoliceQuest3De/PoliceQuest3De.slavePoliceQuest3De.slavePoliceQuest3De.slavePoliceQuest3De.slave;0;0;0;0
0;Police Quest 3 - The Kindred (MT32) (German);Adventure / Point & Click;Games:P/PoliceQuest3DeMT32/PoliceQuest3DeMT32.slavePoliceQuest3DeMT32.slavePoliceQuest3DeMT32.slavePoliceQuest3DeMT32.slave;0;0;0;0
0;Police Quest 3 - The Kindred (NTSC);Adventure / Point & Click;Games:P/PoliceQuest3NTSC/PoliceQuest3NTSC.slavePoliceQuest3NTSC.slavePoliceQuest3NTSC.slavePoliceQuest3NTSC.slave;0;0;0;0
0;Police Quest 3 - The Kindred (NTSC) (MT32);Adventure / Point & Click;Games:P/PoliceQuest3NTSCMT32/PoliceQuest3NTSCMT32.slavePoliceQuest3NTSCMT32.slavePoliceQuest3NTSCMT32.slavePoliceQuest3NTSCMT32.slave;0;0;0;0
0;Pong (Coverdisk);Sport / Tennis;Games:P/Pong/Pong.slavePong.slavePong.slavePong.slave;0;0;0;0
0;Pool;Sport / Pool / Billiards;Games:P/Pool/Pool.SlavePool.SlavePool.SlavePool.Slave;0;0;0;0
0;Pool Of Radiance;RPG / Dungeon Crawler;Games:P/PoolOfRadiance/PoolOfRadiance.SlavePoolOfRadiance.SlavePoolOfRadiance.SlavePoolOfRadiance.Slave;0;0;0;0
0;Pools Of Darkness;RPG / Dungeon Crawler;Games:P/PoolsOfDarkness/PoolsOfDarkness.slavePoolsOfDarkness.slavePoolsOfDarkness.slavePoolsOfDarkness.slave;0;0;0;0
0;Pools Of Darkness (German);RPG / Dungeon Crawler;Games:P/PoolsOfDarknessDe/PoolsOfDarknessDe.SlavePoolsOfDarknessDe.SlavePoolsOfDarknessDe.SlavePoolsOfDarknessDe.Slave;0;0;0;0
0;Popeye 2;Platform / Action;Games:P/Popeye2/Popeye2.SlavePopeye2.SlavePopeye2.SlavePopeye2.Slave;0;0;0;0
0;Populous;Strategy / God Simulator;Games:P/Populous/Populous.SlavePopulous.SlavePopulous.SlavePopulous.Slave;0;0;0;0
0;Populous (NTSC);Strategy / God Simulator;Games:P/PopulousNTSC/PopulousNTSC.SlavePopulousNTSC.SlavePopulousNTSC.SlavePopulousNTSC.Slave;0;0;0;0
0;Populous & Data Disks;Strategy / God Simulator;Games:P/Populous&DataDisks/Populous&DataDisks.SlavePopulous&DataDisks.SlavePopulous&DataDisks.SlavePopulous&DataDisks.Slave;0;0;0;0
0;Populous 2;Strategy / God Simulator;Games:P/Populous2/Populous2.slavePopulous2.slavePopulous2.slavePopulous2.slave;0;0;0;0
0;Populous 2 & Challenge Games;Strategy / God Simulator;Games:P/Populous2&ChallengeGames/Populous2&ChallengeGames.slavePopulous2&ChallengeGames.slavePopulous2&ChallengeGames.slavePopulous2&ChallengeGames.slave;0;0;0;0
0;Populous World Editor;Misc / Game Editor;Games:P/PopulousWorldEditor/PopulousWorldEditor.SlavePopulousWorldEditor.SlavePopulousWorldEditor.SlavePopulousWorldEditor.Slave;0;0;0;0
0;Portal;Unknown;Games:P/Portal/Portal.slavePortal.slavePortal.slavePortal.slave;0;0;0;0
0;Portes Du Temps, Les (French);Adventure / Text;Games:P/PortesDuTempsFr/PortesDuTempsFr.SlavePortesDuTempsFr.SlavePortesDuTempsFr.SlavePortesDuTempsFr.Slave;0;0;0;0
0;Ports Of Call;Management / Business;Games:P/PortsOfCall/PortsOfCall.SlavePortsOfCall.SlavePortsOfCall.SlavePortsOfCall.Slave;0;0;0;0
0;Ports Of Call (French);Management / Business;Games:P/PortsOfCallFr/PortsOfCallFr.SlavePortsOfCallFr.SlavePortsOfCallFr.SlavePortsOfCallFr.Slave;0;0;0;0
0;Ports Of Call (German);Management / Business;Games:P/PortsOfCallDe/PortsOfCallDe.SlavePortsOfCallDe.SlavePortsOfCallDe.SlavePortsOfCallDe.Slave;0;0;0;0
0;Postman Pat;Adventure / Action;Games:P/PostmanPat/PostmanPat.SlavePostmanPat.SlavePostmanPat.SlavePostmanPat.Slave;0;0;0;0
0;Power Drift;Racing / Car / Chase View;Games:P/PowerDrift/PowerDrift.slavePowerDrift.slavePowerDrift.slavePowerDrift.slave;0;0;0;0
0;Power Pinball;Pinball;Games:P/PowerPinball/PowerPinball.slavePowerPinball.slavePowerPinball.slavePowerPinball.slave;0;0;0;0
0;Power Pinball (CDTV);Pinball;Games:P/PowerPinballCDTV/PowerPinballCDTV.slavePowerPinballCDTV.slavePowerPinballCDTV.slavePowerPinballCDTV.slave;0;0;0;0
0;Power, The;Puzzle / 2D;Games:P/Power/Power.SlavePower.SlavePower.SlavePower.Slave;0;0;0;0
0;Powerdrive;Racing / Car / Top Down;Games:P/PowerDrive/PowerDrive.SlavePowerDrive.SlavePowerDrive.SlavePowerDrive.Slave;0;0;0;0
0;Powerdrome;Racing / Futuristic;Games:P/Powerdrome/Powerdrome.SlavePowerdrome.SlavePowerdrome.SlavePowerdrome.Slave;0;0;0;0
0;Powermonger;Strategy / Battle / 3D;Games:P/Powermonger/Powermonger.SlavePowermonger.SlavePowermonger.SlavePowermonger.Slave;0;0;0;0
0;Powermonger WW1 Edition;Strategy / Battle / 3D;Games:P/PowermongerWW1Edition/PowermongerWW1Edition.slavePowermongerWW1Edition.slavePowermongerWW1Edition.slavePowermongerWW1Edition.slave;0;0;0;0
0;Powerplay (Enhanced) - Das Spiel Der G?tter (German);Quiz;Games:P/PowerplayDe/PowerplayDe.SlavePowerplayDe.SlavePowerplayDe.SlavePowerplayDe.Slave;0;0;0;0
0;Powerplay (Enhanced) - El Juego De Los Dioses (Spanish);Quiz;Games:P/PowerplayEs/PowerplayEs.SlavePowerplayEs.SlavePowerplayEs.SlavePowerplayEs.Slave;0;0;0;0
0;Powerplay (Enhanced) - Le Jeu Des Dieux (French);Quiz;Games:P/PowerplayFr/PowerplayFr.SlavePowerplayFr.SlavePowerplayFr.SlavePowerplayFr.Slave;0;0;0;0
0;Powerplay (Enhanced) - The Game Of The Gods;Quiz;Games:P/Powerplay/Powerplay.SlavePowerplay.SlavePowerplay.SlavePowerplay.Slave;0;0;0;0
0;Powerplay (Enhanced) - To Paikhnidi Ton Theon (Greek);Quiz;Games:P/PowerplayGr/PowerplayGr.SlavePowerplayGr.SlavePowerplayGr.SlavePowerplayGr.Slave;0;0;0;0
0;Powerstyx;Reaction / 2D;Games:P/Powerstyx/Powerstyx.slavePowerstyx.slavePowerstyx.slavePowerstyx.slave;0;0;0;0
0;Prawo Krwi (AGA) (Polish);Beat 'Em Up;Games:P/PrawoKrwiAGAPl/PrawoKrwiAGAPl.slavePrawoKrwiAGAPl.slavePrawoKrwiAGAPl.slavePrawoKrwiAGAPl.slave;0;0;0;0
0;Predator;Action / Shooter / 2D;Games:P/Predator/Predator.SlavePredator.SlavePredator.SlavePredator.Slave;0;0;0;0
0;Predator 2;Action / Shooter / Crosshair;Games:P/Predator2/Predator2.SlavePredator2.SlavePredator2.SlavePredator2.Slave;0;0;0;0
0;Prehistoric Tale, A;Platform / Puzzle;Games:P/PrehistoricTale/PrehistoricTale.slavePrehistoricTale.slavePrehistoricTale.slavePrehistoricTale.slave;0;0;0;0
0;Prehistorik;Platform / Action;Games:P/Prehistorik/Prehistorik.slavePrehistorik.slavePrehistorik.slavePrehistorik.slave;0;0;0;0
0;Prehistorik (CDTV);Platform / Action;Games:P/PrehistorikCDTV/PrehistorikCDTV.slavePrehistorikCDTV.slavePrehistorikCDTV.slavePrehistorikCDTV.slave;0;0;0;0
0;Premier Manager;Management / Sport;Games:P/PremierManager/PremierManager.SlavePremierManager.SlavePremierManager.SlavePremierManager.Slave;0;0;0;0
0;Premier Manager 2;Management / Sport;Games:P/PremierManager2/PremierManager2.SlavePremierManager2.SlavePremierManager2.SlavePremierManager2.Slave;0;0;0;0
0;Premier Manager 3;Management / Sport;Games:P/PremierManager3/PremierManager3.SlavePremierManager3.SlavePremierManager3.SlavePremierManager3.Slave;0;0;0;0
0;Premier Manager 3 (AGA);Management / Sport;Games:P/PremierManager3AGA/PremierManager3AGA.SlavePremierManager3AGA.SlavePremierManager3AGA.SlavePremierManager3AGA.Slave;0;0;0;0
0;Premier Manager 3 Deluxe;Management / Sport;Games:P/PremierManager3Deluxe/PremierManager3Deluxe.SlavePremierManager3Deluxe.SlavePremierManager3Deluxe.SlavePremierManager3Deluxe.Slave;0;0;0;0
0;Premiere;Platform / Action;Games:P/Premiere/Premiere.slavePremiere.slavePremiere.slavePremiere.slave;0;0;0;0
0;Premiere (CD32);Platform / Action;Games:P/PremiereCD32/PremiereCD32.slavePremiereCD32.slavePremiereCD32.slavePremiereCD32.slave;0;0;0;0
0;Primal Rage (AGA);Beat 'Em Up;Games:P/PrimalRageAGA/PrimalRageAGA.SlavePrimalRageAGA.SlavePrimalRageAGA.SlavePrimalRageAGA.Slave;0;0;0;0
0;Prime Mover;Racing / Bike / Chase View;Games:P/PrimeMover/PrimeMover.SlavePrimeMover.SlavePrimeMover.SlavePrimeMover.Slave;0;0;0;0
0;Prince;Strategy / Historical;Games:P/Prince/Prince.slavePrince.slavePrince.slavePrince.slave;0;0;0;0
0;Prince De Perse (French);Adventure / Action;Games:P/PrinceDePerseFr/PrinceDePerseFr.slavePrinceDePerseFr.slavePrinceDePerseFr.slavePrinceDePerseFr.slave;0;0;0;0
0;Prince Of Persia;Adventure / Action;Games:P/PrinceOfPersia/PrinceOfPersia.slavePrinceOfPersia.slavePrinceOfPersia.slavePrinceOfPersia.slave;0;0;0;0
0;Prince Of Persia (German);Adventure / Action;Games:P/PrinceOfPersiaDe/PrinceOfPersiaDe.slavePrinceOfPersiaDe.slavePrinceOfPersiaDe.slavePrinceOfPersiaDe.slave;0;0;0;0
0;Prince Of Persia (NTSC);Adventure / Action;Games:P/PrinceOfPersiaNTSC/PrinceOfPersiaNTSC.slavePrinceOfPersiaNTSC.slavePrinceOfPersiaNTSC.slavePrinceOfPersiaNTSC.slave;0;0;0;0
0;Prison;Adventure / Action;Games:P/Prison/Prison.SlavePrison.SlavePrison.SlavePrison.Slave;0;0;0;0
0;Prison (NTSC);Adventure / Action;Games:P/PrisonNTSC/PrisonNTSC.SlavePrisonNTSC.SlavePrisonNTSC.SlavePrisonNTSC.Slave;0;0;0;0
0;Pro Boxing Simulator;Sport / Boxing;Games:P/ProBoxingSimulator/ProBoxingSimulator.SlaveProBoxingSimulator.SlaveProBoxingSimulator.SlaveProBoxingSimulator.Slave;0;0;0;0
0;Pro PowerBoat Simulator;Racing / Boat / Top Down;Games:P/ProPowerBoatSimulator/ProPowerBoatSimulator.SlaveProPowerBoatSimulator.SlaveProPowerBoatSimulator.SlaveProPowerBoatSimulator.Slave;0;0;0;0
0;Pro Soccer 2190;Sport / Futuristic;Games:P/ProSoccer2190/ProSoccer2190.SlaveProSoccer2190.SlaveProSoccer2190.SlaveProSoccer2190.Slave;0;0;0;0
0;Pro Tennis Simulator (Files);Sport / Tennis;Games:P/ProTennisSimulatorFiles/ProTennisSimulatorFiles.SlaveProTennisSimulatorFiles.SlaveProTennisSimulatorFiles.SlaveProTennisSimulatorFiles.Slave;0;0;0;0
0;Pro Tennis Simulator (Image);Sport / Tennis;Games:P/ProTennisSimulatorImage/ProTennisSimulatorImage.SlaveProTennisSimulatorImage.SlaveProTennisSimulatorImage.SlaveProTennisSimulatorImage.Slave;0;0;0;0
0;Pro Tennis Tour;Sport / Tennis;Games:P/ProTennisTour/ProTennisTour.slaveProTennisTour.slaveProTennisTour.slaveProTennisTour.slave;0;0;0;0
0;Pro Tennis Tour 2;Sport / Tennis;Games:P/ProTennisTour2/ProTennisTour2.slaveProTennisTour2.slaveProTennisTour2.slaveProTennisTour2.slave;0;0;0;0
0;Pro Tennis Tour 2 (512KB);Sport / Tennis;Games:P/ProTennisTour2512KB/ProTennisTour2512KB.slaveProTennisTour2512KB.slaveProTennisTour2512KB.slaveProTennisTour2512KB.slave;0;0;0;0
0;Profezia (Italian);Adventure / Text;Games:P/ProfeziaIt/ProfeziaIt.SlaveProfeziaIt.SlaveProfeziaIt.SlaveProfeziaIt.Slave;0;0;0;0
0;Project X;Action / Shooter / Horizontal;Games:P/ProjectX/ProjectX.slaveProjectX.slaveProjectX.slaveProjectX.slave;0;0;0;0
0;Project X (Bonus Level);Action / Shooter / Horizontal;Games:P/ProjectXBonusLevel/ProjectXBonusLevel.SlaveProjectXBonusLevel.SlaveProjectXBonusLevel.SlaveProjectXBonusLevel.Slave;0;0;0;0
0;Project X (v2);Action / Shooter / Horizontal;Games:P/ProjectXv2/ProjectXv2.slaveProjectXv2.slaveProjectXv2.slaveProjectXv2.slave;0;0;0;0
0;Project X Special Edition '93;Action / Shooter / Horizontal;Games:P/ProjectXSE/ProjectXSE.SlaveProjectXSE.SlaveProjectXSE.SlaveProjectXSE.Slave;0;0;0;0
0;Project X Special Edition '93 (CD32);Action / Shooter / Horizontal;Games:P/ProjectXSECD32/ProjectXSECD32.slaveProjectXSECD32.slaveProjectXSECD32.slaveProjectXSECD32.slave;0;0;0;0
0;Projectyle;Action / Shooter / Multi Way;Games:P/Projectyle/Projectyle.slaveProjectyle.slaveProjectyle.slaveProjectyle.slave;0;0;0;0
0;Prophecy 1 - The Viking Child;Platform / Action;Games:P/Prophecy1VikingChild/Prophecy1VikingChild.SlaveProphecy1VikingChild.SlaveProphecy1VikingChild.SlaveProphecy1VikingChild.Slave;0;0;0;0
0;Prospector in the Mazes of Xor;Maze / 2D;Games:P/ProspectorInTheMazesOfXor/ProspectorInTheMazesOfXor.SlaveProspectorInTheMazesOfXor.SlaveProspectorInTheMazesOfXor.SlaveProspectorInTheMazesOfXor.Slave;0;0;0;0
0;Psyborg;Reaction / 3D;Games:P/Psyborg/Psyborg.SlavePsyborg.SlavePsyborg.SlavePsyborg.Slave;0;0;0;0
0;Psycho Killer (CDTV);Adventure / Graphic;Games:P/PsychoKillerCDTV/PsychoKillerCDTV.SlavePsychoKillerCDTV.SlavePsychoKillerCDTV.SlavePsychoKillerCDTV.Slave;0;0;0;0
0;Psycho Santa (Coverdisk);Action / Shooter / Horizontal;Games:P/PsychoSanta/PsychoSanta.SlavePsychoSanta.SlavePsychoSanta.SlavePsychoSanta.Slave;0;0;0;0
0;Pub Trivia Simulator;Quiz;Games:P/PubTriviaSimulator/PubTriviaSimulator.SlavePubTriviaSimulator.SlavePubTriviaSimulator.SlavePubTriviaSimulator.Slave;0;0;0;0
0;Puffy's Saga;Maze / 2D;Games:P/PuffysSaga/PuffysSaga.SlavePuffysSaga.SlavePuffysSaga.SlavePuffysSaga.Slave;0;0;0;0
0;Puggsy;Platform / Puzzle;Games:P/Puggsy/Puggsy.slavePuggsy.slavePuggsy.slavePuggsy.slave;0;0;0;0
0;Pulsator (Game Demo) (AGA);Action / Shooter / Horizontal;Games:P/PulsatorDemoAGA/PulsatorDemoAGA.SlavePulsatorDemoAGA.SlavePulsatorDemoAGA.SlavePulsatorDemoAGA.Slave;0;0;0;0
0;Purple Saturn Day;Action / Multi Level;Games:P/PurpleSaturnDay/PurpleSaturnDay.slavePurpleSaturnDay.slavePurpleSaturnDay.slavePurpleSaturnDay.slave;0;0;0;0
0;Push Over;Platform / Puzzle;Games:P/PushOver/PushOver.slavePushOver.slavePushOver.slavePushOver.slave;0;0;0;0
0;Putty;Platform / Puzzle;Games:P/Putty/Putty.SlavePutty.SlavePutty.SlavePutty.Slave;0;0;0;0
0;Putty Squad (AGA);Platform / Action;Games:P/PuttySquadAGA/PuttySquadAGA.slavePuttySquadAGA.slavePuttySquadAGA.slavePuttySquadAGA.slave;0;0;0;0
0;Putty Squad (Game Demo) (AGA);Platform / Action;Games:P/PuttySquadDemoAGA/PuttySquadDemoAGA.SlavePuttySquadDemoAGA.SlavePuttySquadDemoAGA.SlavePuttySquadDemoAGA.Slave;0;0;0;0
0;Puzznic;Puzzle / 2D;Games:P/Puzznic/Puzznic.SlavePuzznic.SlavePuzznic.SlavePuzznic.Slave;0;0;0;0
0;Pyramax;Maze / 2D;Games:P/Pyramax/Pyramax.SlavePyramax.SlavePyramax.SlavePyramax.Slave;0;0;0;0
0;Q.Bic (Coverdisk);Platform / Action;Games:Q/QBic/QBic.slaveQBic.slaveQBic.slaveQBic.slave;0;0;0;0
0;Qix (NTSC);Reaction / 2D;Games:Q/QixNTSC/QixNTSC.SlaveQixNTSC.SlaveQixNTSC.SlaveQixNTSC.Slave;0;0;0;0
0;Quadralien;Puzzle / 2D;Games:Q/Quadralien/Quadralien.slaveQuadralien.slaveQuadralien.slaveQuadralien.slave;0;0;0;0
0;Quadrel;Puzzle / 2D;Games:Q/Quadrel/Quadrel.SlaveQuadrel.SlaveQuadrel.SlaveQuadrel.Slave;0;0;0;0
0;Quartz;Action / Shooter / Multi Way;Games:Q/Quartz/Quartz.slaveQuartz.slaveQuartz.slaveQuartz.slave;0;0;0;0
0;Quasar Wars AGA;Unknown;Games:Q/QuasarWarsAGA/QuasarWarsAGA.slaveQuasarWarsAGA.slaveQuasarWarsAGA.slaveQuasarWarsAGA.slave;0;0;0;0
0;Quest For Glory 1 - So You Want To Be A Hero;Adventure / Point & Click;Games:Q/QuestForGlory/QuestForGlory.slaveQuestForGlory.slaveQuestForGlory.slaveQuestForGlory.slave;0;0;0;0
0;Quest For Glory 2 - Trial by Fire;Adventure / Point & Click;Games:Q/QuestForGlory2/QuestForGlory2.SlaveQuestForGlory2.SlaveQuestForGlory2.SlaveQuestForGlory2.Slave;0;0;0;0
0;Quest For Glory 2 - Trial by Fire (MT32);Adventure / Point & Click;Games:Q/QuestForGlory2MT32/QuestForGlory2MT32.SlaveQuestForGlory2MT32.SlaveQuestForGlory2MT32.SlaveQuestForGlory2MT32.Slave;0;0;0;0
0;Quest For The Time-Bird, The (Files);Adventure / Graphic;Games:Q/QuestForTimeBirdFiles/QuestForTimeBirdFiles.slaveQuestForTimeBirdFiles.slaveQuestForTimeBirdFiles.slaveQuestForTimeBirdFiles.slave;0;0;0;0
0;Quest For The Time-Bird, The (Image);Adventure / Graphic;Games:Q/QuestForTimeBirdImage/QuestForTimeBirdImage.slaveQuestForTimeBirdImage.slaveQuestForTimeBirdImage.slaveQuestForTimeBirdImage.slave;0;0;0;0
0;Quest of Agravain, The;Platform / Action;Games:Q/QuestOfAgravain/QuestOfAgravain.SlaveQuestOfAgravain.SlaveQuestOfAgravain.SlaveQuestOfAgravain.Slave;0;0;0;0
0;Question Of Sport, A;Quiz;Games:Q/QuestionOfSport/QuestionOfSport.SlaveQuestionOfSport.SlaveQuestionOfSport.SlaveQuestionOfSport.Slave;0;0;0;0
0;Questron II;RPG / Open World;Games:Q/Questron2/Questron2.SlaveQuestron2.SlaveQuestron2.SlaveQuestron2.Slave;0;0;0;0
0;Quete L'Oiseau Du Temp (Files) (French);Adventure / Graphic;Games:Q/QueteLOiseauDuTempFrFiles/QueteLOiseauDuTempFrFiles.slaveQueteLOiseauDuTempFrFiles.slaveQueteLOiseauDuTempFrFiles.slaveQueteLOiseauDuTempFrFiles.slave;0;0;0;0
0;Quete L'Oiseau Du Temp (Image) (French);Adventure / Graphic;Games:Q/QueteLOiseauDuTempFrImage/QueteLOiseauDuTempFrImage.slaveQueteLOiseauDuTempFrImage.slaveQueteLOiseauDuTempFrImage.slaveQueteLOiseauDuTempFrImage.slave;0;0;0;0
0;Quik The Thunder Rabbit;Platform / Action;Games:Q/QuikThunderRabbit/QuikThunderRabbit.slaveQuikThunderRabbit.slaveQuikThunderRabbit.slaveQuikThunderRabbit.slave;0;0;0;0
0;Quik The Thunder Rabbit (AGA);Platform / Action;Games:Q/QuikThunderRabbitAGA/QuikThunderRabbitAGA.slaveQuikThunderRabbitAGA.slaveQuikThunderRabbitAGA.slaveQuikThunderRabbitAGA.slave;0;0;0;0
0;Quik The Thunder Rabbit (CD32);Platform / Action;Games:Q/QuikThunderRabbitCD32/QuikThunderRabbitCD32.SlaveQuikThunderRabbitCD32.SlaveQuikThunderRabbitCD32.SlaveQuikThunderRabbitCD32.Slave;0;0;0;0
0;Quiksilver Pinball Simulator;Pinball;Games:Q/QuiksilverPinball/QuiksilverPinball.SlaveQuiksilverPinball.SlaveQuiksilverPinball.SlaveQuiksilverPinball.Slave;0;0;0;0
0;Qwak;Platform / Action;Games:Q/Qwak/Qwak.SlaveQwak.SlaveQwak.SlaveQwak.Slave;0;0;0;0
0;Qwak (CD32);Platform / Action;Games:Q/QwakCD32/QwakCD32.SlaveQwakCD32.SlaveQwakCD32.SlaveQwakCD32.Slave;0;0;0;0
0;R-Type;Action / Shooter / Horizontal;Games:R/RType/RType.slaveRType.slaveRType.slaveRType.slave;0;0;0;0
0;R-Type 2;Action / Shooter / Horizontal;Games:R/RType2/RType2.SlaveRType2.SlaveRType2.SlaveRType2.Slave;0;0;0;0
0;R.B.I. 2 Baseball;Sport / Baseball;Games:R/RBI2Baseball/RBI2Baseball.SlaveRBI2Baseball.SlaveRBI2Baseball.SlaveRBI2Baseball.Slave;0;0;0;0
0;Race Drivin No Intro;Unknown;Games:R/RaceDrivinNoIntro/RaceDrivinNoIntro.slaveRaceDrivinNoIntro.slaveRaceDrivinNoIntro.slaveRaceDrivinNoIntro.slave;0;0;0;0
0;Race Drivin';Racing / Car / Driver View;Games:R/RaceDrivin/RaceDrivin.slaveRaceDrivin.slaveRaceDrivin.slaveRaceDrivin.slave;0;0;0;0
0;Rackney's Island;Platform / Action;Games:R/RackneysIsland/RackneysIsland.SlaveRackneysIsland.SlaveRackneysIsland.SlaveRackneysIsland.Slave;0;0;0;0
0;Racter;Adventure / Text;Games:R/Racter/Racter.SlaveRacter.SlaveRacter.SlaveRacter.Slave;0;0;0;0
0;Raffles;Puzzle / Isometric;Games:R/Raffles/Raffles.slaveRaffles.slaveRaffles.slaveRaffles.slave;0;0;0;0
0;Raffles (CDTV);Puzzle / Isometric;Games:R/RafflesCDTV/RafflesCDTV.slaveRafflesCDTV.slaveRafflesCDTV.slaveRafflesCDTV.slave;0;0;0;0
0;Rage V1;Action / Shooter / Horizontal;Games:R/RageV1/RageV1.SlaveRageV1.SlaveRageV1.SlaveRageV1.Slave;0;0;0;0
0;Rage V2;Action / Shooter / Horizontal;Games:R/RageV2/RageV2.SlaveRageV2.SlaveRageV2.SlaveRageV2.Slave;0;0;0;0
0;Raider;Reaction / Gravity;Games:R/Raider/Raider.SlaveRaider.SlaveRaider.SlaveRaider.Slave;0;0;0;0
0;Raiders Compilation, The (Targhan-Starblade-Maya-Colorado;Compilation;Games:R/RaidersFr/RaidersFr.SlaveRaidersFr.SlaveRaidersFr.SlaveRaidersFr.Slave;0;0;0;0
0;Railroad Tycoon;Management / Transport;Games:R/RailroadTycoon/RailroadTycoon.slaveRailroadTycoon.slaveRailroadTycoon.slaveRailroadTycoon.slave;0;0;0;0
0;Railroad Tycoon (French);Management / Transport;Games:R/RailroadTycoonFr/RailroadTycoonFr.slaveRailroadTycoonFr.slaveRailroadTycoonFr.slaveRailroadTycoonFr.slave;0;0;0;0
0;Railroad Tycoon (German);Management / Transport;Games:R/RailroadTycoonDe/RailroadTycoonDe.slaveRailroadTycoonDe.slaveRailroadTycoonDe.slaveRailroadTycoonDe.slave;0;0;0;0
0;Rainbow Islands;Platform / Action;Games:R/RainbowIslands/RainbowIslands.slaveRainbowIslands.slaveRainbowIslands.slaveRainbowIslands.slave;0;0;0;0
0;Rainbow Warrior;Action / Multi Level;Games:R/RainbowWarrior/RainbowWarrior.SlaveRainbowWarrior.SlaveRainbowWarrior.SlaveRainbowWarrior.Slave;0;0;0;0
0;Rally Championships;Racing / Car / Isometric;Games:R/RallyChampionships/RallyChampionships.SlaveRallyChampionships.SlaveRallyChampionships.SlaveRallyChampionships.Slave;0;0;0;0
0;Rally Championships (AGA);Racing / Car / Isometric;Games:R/RallyChampionshipsAGA/RallyChampionshipsAGA.SlaveRallyChampionshipsAGA.SlaveRallyChampionshipsAGA.SlaveRallyChampionshipsAGA.Slave;0;0;0;0
0;Rally Cross Challenge;Racing / Car / Top Down;Games:R/RallyCrossChallenge/RallyCrossChallenge.SlaveRallyCrossChallenge.SlaveRallyCrossChallenge.SlaveRallyCrossChallenge.Slave;0;0;0;0
0;Rambo 3;Action / Shooter / Multi Way;Games:R/Rambo3/Rambo3.slaveRambo3.slaveRambo3.slaveRambo3.slave;0;0;0;0
0;Rambo 3 (NTSC);Action / Shooter / Multi Way;Games:R/Rambo3NTSC/Rambo3NTSC.slaveRambo3NTSC.slaveRambo3NTSC.slaveRambo3NTSC.slave;0;0;0;0
0;Rampage;Action / Destruction;Games:R/Rampage/Rampage.slaveRampage.slaveRampage.slaveRampage.slave;0;0;0;0
0;Rampart;Strategy / Action;Games:R/Rampart/Rampart.SlaveRampart.SlaveRampart.SlaveRampart.Slave;0;0;0;0
0;RanX - The Video Game;Action / Fighter 2D;Games:R/RanX/RanX.SlaveRanX.SlaveRanX.SlaveRanX.Slave;0;0;0;0
0;RanX - The Video Game (French);Action / Fighter 2D;Games:R/RanXFr/RanXFr.SlaveRanXFr.SlaveRanXFr.SlaveRanXFr.Slave;0;0;0;0
0;RanX - The Video Game (German);Action / Fighter 2D;Games:R/RanXDe/RanXDe.SlaveRanXDe.SlaveRanXDe.SlaveRanXDe.Slave;0;0;0;0
0;Rat Trap;Platform / Puzzle;Games:R/RatTrap/RatTrap.SlaveRatTrap.SlaveRatTrap.SlaveRatTrap.Slave;0;0;0;0
0;Read & Rhyme;Educational;Games:R/Read&Rhyme/Read&Rhyme.SlaveRead&Rhyme.SlaveRead&Rhyme.SlaveRead&Rhyme.Slave;0;0;0;0
0;Real Ghostbusters, The;Action / Shooter / Multi Way;Games:R/RealGhostbusters/RealGhostbusters.SlaveRealGhostbusters.SlaveRealGhostbusters.SlaveRealGhostbusters.Slave;0;0;0;0
0;Real Popeye, The;Platform / Action;Games:R/RealPopeye/RealPopeye.SlaveRealPopeye.SlaveRealPopeye.SlaveRealPopeye.Slave;0;0;0;0
0;Realm Of The Trolls (One Disk);Platform / Action;Games:R/RealmOfTheTrolls1Disk/RealmOfTheTrolls1Disk.SlaveRealmOfTheTrolls1Disk.SlaveRealmOfTheTrolls1Disk.SlaveRealmOfTheTrolls1Disk.Slave;0;0;0;0
0;Realm Of The Trolls (Two Disk);Platform / Action;Games:R/RealmOfTheTrolls2Disk/RealmOfTheTrolls2Disk.SlaveRealmOfTheTrolls2Disk.SlaveRealmOfTheTrolls2Disk.SlaveRealmOfTheTrolls2Disk.Slave;0;0;0;0
0;Realms;Strategy / Battle / 3D;Games:R/Realms/Realms.SlaveRealms.SlaveRealms.SlaveRealms.Slave;0;0;0;0
0;Realms Of Arkania - Blade Of Destiny;RPG / Dungeon Crawler;Games:R/RealmsOfArkania/RealmsOfArkania.SlaveRealmsOfArkania.SlaveRealmsOfArkania.SlaveRealmsOfArkania.Slave;0;0;0;0
0;Rebellion;Action / Duel / Versus;Games:R/Rebellion/Rebellion.slaveRebellion.slaveRebellion.slaveRebellion.slave;0;0;0;0
0;Red Baron;Simulator / Plane / WW1;Games:R/RedBaron/RedBaron.slaveRedBaron.slaveRedBaron.slaveRedBaron.slave;0;0;0;0
0;Red Baron (German);Simulator / Plane / WW1;Games:R/RedBaronDe/RedBaronDe.slaveRedBaronDe.slaveRedBaronDe.slaveRedBaronDe.slave;0;0;0;0
0;Red Heat;Action / Multi Level;Games:R/RedHeat/RedHeat.slaveRedHeat.slaveRedHeat.slaveRedHeat.slave;0;0;0;0
0;Red Lightning (NTSC);Strategy / Battle / 2D;Games:R/RedLightningNTSC/RedLightningNTSC.slaveRedLightningNTSC.slaveRedLightningNTSC.slaveRedLightningNTSC.slave;0;0;0;0
0;Red Storm Rising;Simulator / Submarine;Games:R/RedStormRising/RedStormRising.SlaveRedStormRising.SlaveRedStormRising.SlaveRedStormRising.Slave;0;0;0;0
0;Red Zone;Racing / Bike / Rider View;Games:R/RedZone/RedZone.SlaveRedZone.SlaveRedZone.SlaveRedZone.Slave;0;0;0;0
0;Reflexity Pinball Challenge (Coverdisk);Pinball;Games:R/Reflexity/Reflexity.SlaveReflexity.SlaveReflexity.SlaveReflexity.Slave;0;0;0;0
0;Renaissance - Classic 4;Action / Multi Level;Games:R/Renaissance/Renaissance.SlaveRenaissance.SlaveRenaissance.SlaveRenaissance.Slave;0;0;0;0
0;Renegade;Action / Fighter 2.5D;Games:R/Renegade/Renegade.slaveRenegade.slaveRenegade.slaveRenegade.slave;0;0;0;0
0;Renegade 3 - The Final Chapter;Action / Fighter 2.5D;Games:R/Renegade3/Renegade3.SlaveRenegade3.SlaveRenegade3.SlaveRenegade3.Slave;0;0;0;0
0;Renegades Editor;Misc / Game Editor;Games:R/Renegades/RenegadesEditor.SlaveRenegadesEditor.SlaveRenegadesEditor.SlaveRenegadesEditor.Slave;0;0;0;0
0;Renegades Editor;Misc / Game Editor;Games:R/Renegades/Renegades.SlaveRenegades.SlaveRenegades.SlaveRenegades.Slave;0;0;0;0
0;Resolution 101;Action / Shooter / 3D;Games:R/Resolution101/Resolution101.SlaveResolution101.SlaveResolution101.SlaveResolution101.Slave;0;0;0;0
0;Return To Atlantis;Adventure / Action;Games:R/ReturnToAtlantis/ReturnToAtlantis.SlaveReturnToAtlantis.SlaveReturnToAtlantis.SlaveReturnToAtlantis.Slave;0;0;0;0
0;Return To Genesis;Action / Shooter / Horizontal;Games:R/ReturnToGenesis/ReturnToGenesis.SlaveReturnToGenesis.SlaveReturnToGenesis.SlaveReturnToGenesis.Slave;0;0;0;0
0;Reunion;Management / Space;Games:R/Reunion/Reunion.slaveReunion.slaveReunion.slaveReunion.slave;0;0;0;0
0;Reunion (AGA);Management / Space;Games:R/ReunionAGA/ReunionAGA.slaveReunionAGA.slaveReunionAGA.slaveReunionAGA.slave;0;0;0;0
0;Reunion (AGA) (German);Management / Space;Games:R/ReunionAGADe/ReunionAGADe.slaveReunionAGADe.slaveReunionAGADe.slaveReunionAGADe.slave;0;0;0;0
0;Reunion (German);Management / Space;Games:R/ReunionDe/ReunionDe.slaveReunionDe.slaveReunionDe.slaveReunionDe.slave;0;0;0;0
0;Revelation;Puzzle / 2D;Games:R/Revelation/Revelation.SlaveRevelation.SlaveRevelation.SlaveRevelation.Slave;0;0;0;0
0;Revenge Of Defender;Action / Shooter / Horizontal;Games:R/RevengeOfDefender/RevengeOfDefender.slaveRevengeOfDefender.slaveRevengeOfDefender.slaveRevengeOfDefender.slave;0;0;0;0
0;Revenge of the Mutant Camels;Action / Shooter / Horizontal;Games:R/RevengeOfMutantCamels/RevengeOfMutantCamels.SlaveRevengeOfMutantCamels.SlaveRevengeOfMutantCamels.SlaveRevengeOfMutantCamels.Slave;0;0;0;0
0;Revenge of the Mutant Camels (NTSC);Action / Shooter / Horizontal;Games:R/RevengeOfMutantCamelsNTSC/RevengeOfMutantCamelsNTSC.SlaveRevengeOfMutantCamelsNTSC.SlaveRevengeOfMutantCamelsNTSC.SlaveRevengeOfMutantCamelsNTSC.Slave;0;0;0;0
0;Revenge of the Mutant Camels 2;Action / Shooter / Horizontal;Games:R/RevengeOfMutantCamels2/RevengeOfMutantCamels2.slaveRevengeOfMutantCamels2.slaveRevengeOfMutantCamels2.slaveRevengeOfMutantCamels2.slave;0;0;0;0
0;Rick Dangerous;Platform / Action;Games:R/RickDangerous/RickDangerous.SlaveRickDangerous.SlaveRickDangerous.SlaveRickDangerous.Slave;0;0;0;0
0;Rick Dangerous 2;Platform / Action;Games:R/RickDangerous2/RickDangerous2.slaveRickDangerous2.slaveRickDangerous2.slaveRickDangerous2.slave;0;0;0;0
0;Rick Dangerous 2.5;Platform / Action;Games:R/RickDangerous25/RickDangerous25.SlaveRickDangerous25.SlaveRickDangerous25.SlaveRickDangerous25.Slave;0;0;0;0
0;Rings Of Medusa;Strategy / Historical;Games:R/RingsOfMedusa/RingsOfMedusa.SlaveRingsOfMedusa.SlaveRingsOfMedusa.SlaveRingsOfMedusa.Slave;0;0;0;0
0;Rings Of Medusa (French);Strategy / Historical;Games:R/RingsOfMedusaFr/RingsOfMedusaFr.SlaveRingsOfMedusaFr.SlaveRingsOfMedusaFr.SlaveRingsOfMedusaFr.Slave;0;0;0;0
0;Rings Of Medusa (German);Strategy / Historical;Games:R/RingsOfMedusaDe/RingsOfMedusaDe.SlaveRingsOfMedusaDe.SlaveRingsOfMedusaDe.SlaveRingsOfMedusaDe.Slave;0;0;0;0
0;Rings of Medusa Gold (German);Strategy / Historical;Games:R/RingsOfMedusaGoldDe/RingsOfMedusaGoldDe.SlaveRingsOfMedusaGoldDe.SlaveRingsOfMedusaGoldDe.SlaveRingsOfMedusaGoldDe.Slave;0;0;0;0
0;Ringside;Sport / Boxing;Games:R/Ringside/Ringside.SlaveRingside.SlaveRingside.SlaveRingside.Slave;0;0;0;0
0;Rise Of The Dragon;Adventure / Graphic;Games:R/RiseOfTheDragon/RiseOfTheDragon.SlaveRiseOfTheDragon.SlaveRiseOfTheDragon.SlaveRiseOfTheDragon.Slave;0;0;0;0
0;Rise Of The Dragon (German);Adventure / Graphic;Games:R/RiseOfTheDragonDe/RiseOfTheDragonDe.SlaveRiseOfTheDragonDe.SlaveRiseOfTheDragonDe.SlaveRiseOfTheDragonDe.Slave;0;0;0;0
0;Rise Of The Robots;Beat 'Em Up;Games:R/RiseOfTheRobots/RiseOfTheRobots.slaveRiseOfTheRobots.slaveRiseOfTheRobots.slaveRiseOfTheRobots.slave;0;0;0;0
0;Rise Of The Robots (AGA);Beat 'Em Up;Games:R/RiseOfTheRobotsAGA/RiseOfTheRobotsAGA.slaveRiseOfTheRobotsAGA.slaveRiseOfTheRobotsAGA.slaveRiseOfTheRobotsAGA.slave;0;0;0;0
0;Rise Of The Robots (CD32);Beat 'Em Up;Games:R/RiseOfTheRobotsCD32/RiseOfTheRobotsCD32.slaveRiseOfTheRobotsCD32.slaveRiseOfTheRobotsCD32.slaveRiseOfTheRobotsCD32.slave;0;0;0;0
0;Risk;Strategy / Battle / 2D;Games:R/Risk/Risk.SlaveRisk.SlaveRisk.SlaveRisk.Slave;0;0;0;0
0;Risky Woods;Action / Fighter 2D;Games:R/RiskyWoods/RiskyWoods.slaveRiskyWoods.slaveRiskyWoods.slaveRiskyWoods.slave;0;0;0;0
0;Road Blasters;Action / Shooter / Vehicle;Games:R/RoadBlasters/RoadBlasters.SlaveRoadBlasters.SlaveRoadBlasters.SlaveRoadBlasters.Slave;0;0;0;0
0;Road Rash;Racing / Bike / Chase View;Games:R/RoadRash/RoadRash.slaveRoadRash.slaveRoadRash.slaveRoadRash.slave;0;0;0;0
0;RoadKill (AGA);Racing / Car / Top Down;Games:R/RoadkillAGA/RoadkillAGA.SlaveRoadkillAGA.SlaveRoadkillAGA.SlaveRoadkillAGA.Slave;0;0;0;0
0;RoadKill (CD32);Racing / Car / Top Down;Games:R/RoadkillCD32/RoadkillCD32.SlaveRoadkillCD32.SlaveRoadkillCD32.SlaveRoadkillCD32.Slave;0;0;0;0
0;RoadKill (No Intro) (CD32);Racing / Car / Top Down;Games:R/RoadkillCD32NoIntro/RoadkillCD32NoIntro.SlaveRoadkillCD32NoIntro.SlaveRoadkillCD32NoIntro.SlaveRoadkillCD32NoIntro.Slave;0;0;0;0
0;Roadwar Europa;Strategy / Battle / 2D;Games:R/RoadwarEuropa/RoadwarEuropa.SlaveRoadwarEuropa.SlaveRoadwarEuropa.SlaveRoadwarEuropa.Slave;0;0;0;0
0;Roadwars;Reaction / 3D;Games:R/RoadWars/RoadWars.SlaveRoadWars.SlaveRoadWars.SlaveRoadWars.Slave;0;0;0;0
0;Roadwars (Arcadia);Reaction / 3D;Games:R/RoadWarsArcadia/RoadWarsArcadia.SlaveRoadWarsArcadia.SlaveRoadWarsArcadia.SlaveRoadWarsArcadia.Slave;0;0;0;0
0;Robbeary;Platform / Action;Games:R/Robbeary/Robbeary.SlaveRobbeary.SlaveRobbeary.SlaveRobbeary.Slave;0;0;0;0
0;Robin Hood - Legend Quest;Action / Fighter 2D;Games:R/RobinHoodLegendQuest/RobinHoodLegendQuest.slaveRobinHoodLegendQuest.slaveRobinHoodLegendQuest.slaveRobinHoodLegendQuest.slave;0;0;0;0
0;Robinson Requiem;RPG / Open World;Games:R/RobinsonsRequiem/RobinsonsRequiem.SlaveRobinsonsRequiem.SlaveRobinsonsRequiem.SlaveRobinsonsRequiem.Slave;0;0;0;0
0;Robinson Requiem (AGA);RPG / Open World;Games:R/RobinsonsRequiemAGA/RobinsonsRequiemAGA.SlaveRobinsonsRequiemAGA.SlaveRobinsonsRequiemAGA.SlaveRobinsonsRequiemAGA.Slave;0;0;0;0
0;RoboCop;Action / Fighter 2D;Games:R/RoboCop/RoboCop.SlaveRoboCop.SlaveRoboCop.SlaveRoboCop.Slave;0;0;0;0
0;RoboCop 2;Action / Fighter 2D;Games:R/RoboCop2/RoboCop2.SlaveRoboCop2.SlaveRoboCop2.SlaveRoboCop2.Slave;0;0;0;0
0;RoboCop 3;Action / Shooter / 3D;Games:R/RoboCop3/RoboCop3.slaveRoboCop3.slaveRoboCop3.slaveRoboCop3.slave;0;0;0;0
0;RoboCop 3 (NTSC);Action / Shooter / 3D;Games:R/RoboCop3NTSC/RoboCop3NTSC.slaveRoboCop3NTSC.slaveRoboCop3NTSC.slaveRoboCop3NTSC.slave;0;0;0;0
0;RoboSport;Strategy / Battle / 2D;Games:R/RoboSport/RoboSport.SlaveRoboSport.SlaveRoboSport.SlaveRoboSport.Slave;0;0;0;0
0;Robot Reader - Aesop's Fables;Educational;Games:R/RobotReaderAesopsFables/RobotReaderAesopsFables.SlaveRobotReaderAesopsFables.SlaveRobotReaderAesopsFables.SlaveRobotReaderAesopsFables.Slave;0;0;0;0
0;Robot Reader - Chicken Little;Educational;Games:R/RobotReaderChickenLittle/RobotReaderChickenLittle.SlaveRobotReaderChickenLittle.SlaveRobotReaderChickenLittle.SlaveRobotReaderChickenLittle.Slave;0;0;0;0
0;Roboter (German);Strategy / Battle / 2D;Games:R/RoboterDe/RoboterDe.SlaveRoboterDe.SlaveRoboterDe.SlaveRoboterDe.Slave;0;0;0;0
0;Robotnic;Puzzle / 2D;Games:R/Robotnic/Robotnic.SlaveRobotnic.SlaveRobotnic.SlaveRobotnic.Slave;0;0;0;0
0;Robozone;Action / Shooter / 2D;Games:R/Robozone/Robozone.slaveRobozone.slaveRobozone.slaveRobozone.slave;0;0;0;0
0;Rock 'n Roll;Puzzle / 2D;Games:R/RockNRoll/RockNRoll.SlaveRockNRoll.SlaveRockNRoll.SlaveRockNRoll.Slave;0;0;0;0
0;Rock Challenge;Quiz;Games:R/RockChallenge/RockChallenge.slaveRockChallenge.slaveRockChallenge.slaveRockChallenge.slave;0;0;0;0
0;Rock Star (French);Management / Business;Games:R/RockStarFr/RockStarFr.slaveRockStarFr.slaveRockStarFr.slaveRockStarFr.slave;0;0;0;0
0;Rocket Ranger;Adventure / Action;Games:R/RocketRanger/RocketRanger.SlaveRocketRanger.SlaveRocketRanger.SlaveRocketRanger.Slave;0;0;0;0
0;Rocket Ranger (Censored);Adventure / Action;Games:R/RocketRangerCensored/RocketRangerCensored.SlaveRocketRangerCensored.SlaveRocketRangerCensored.SlaveRocketRangerCensored.Slave;0;0;0;0
0;Rocket Ranger (NTSC);Adventure / Action;Games:R/RocketRangerNTSC/RocketRangerNTSC.SlaveRocketRangerNTSC.SlaveRocketRangerNTSC.SlaveRocketRangerNTSC.Slave;0;0;0;0
0;Rockford;Maze / Digger;Games:R/Rockford/Rockford.slaveRockford.slaveRockford.slaveRockford.slave;0;0;0;0
0;Rockstar - Never Trust Rotten Tangerines (Polish);Management / Business;Games:R/RockstarNTRTPl/RockstarNTRTPl.SlaveRockstarNTRTPl.SlaveRockstarNTRTPl.SlaveRockstarNTRTPl.Slave;0;0;0;0
0;Rockstar Ate My Hamster!;Management / Business;Games:R/RockStarAteMyHamster/RockStarAteMyHamster.slaveRockStarAteMyHamster.slaveRockStarAteMyHamster.slaveRockStarAteMyHamster.slave;0;0;0;0
0;Rod-Land;Platform / Action;Games:R/RodLand/RodLand.SlaveRodLand.SlaveRodLand.SlaveRodLand.Slave;0;0;0;0
0;Rody & Mastico (French);Educational;Games:R/Rody&MasticoFr/Rody&MasticoFr.SlaveRody&MasticoFr.SlaveRody&MasticoFr.SlaveRody&MasticoFr.Slave;0;0;0;0
0;Rody & Mastico (German);Educational;Games:R/Rody&MasticoDe/Rody&MasticoDe.SlaveRody&MasticoDe.SlaveRody&MasticoDe.SlaveRody&MasticoDe.Slave;0;0;0;0
0;Rody & Mastico 2 (French);Educational;Games:R/Rody&Mastico2Fr/Rody&Mastico2Fr.SlaveRody&Mastico2Fr.SlaveRody&Mastico2Fr.SlaveRody&Mastico2Fr.Slave;0;0;0;0
0;Rody & Mastico 3 (French);Educational;Games:R/Rody&Mastico3Fr/Rody&Mastico3Fr.SlaveRody&Mastico3Fr.SlaveRody&Mastico3Fr.SlaveRody&Mastico3Fr.Slave;0;0;0;0
0;Rody & Mastico 4 - Rody Noel (French);Educational;Games:R/Rody&Mastico4RodyNoelFr/Rody&Mastico4RodyNoelFr.SlaveRody&Mastico4RodyNoelFr.SlaveRody&Mastico4RodyNoelFr.SlaveRody&Mastico4RodyNoelFr.Slave;0;0;0;0
0;Rody & Mastico 5 (French);Educational;Games:R/Rody&Mastico5Fr/Rody&Mastico5Fr.SlaveRody&Mastico5Fr.SlaveRody&Mastico5Fr.SlaveRody&Mastico5Fr.Slave;0;0;0;0
0;Rody & Mastico 6 (French);Educational;Games:R/Rody&Mastico6Fr/Rody&Mastico6Fr.SlaveRody&Mastico6Fr.SlaveRody&Mastico6Fr.SlaveRody&Mastico6Fr.Slave;0;0;0;0
0;Rogue - The Adventure Game;RPG / Dungeon Crawler;Games:R/Rogue/Rogue.SlaveRogue.SlaveRogue.SlaveRogue.Slave;0;0;0;0
0;Rogue Trooper;Platform / Action;Games:R/RogueTrooper/RogueTrooper.SlaveRogueTrooper.SlaveRogueTrooper.SlaveRogueTrooper.Slave;0;0;0;0
0;Roketz (AGA);Reaction / Gravity;Games:R/RoketzAGA/RoketzAGA.SlaveRoketzAGA.SlaveRoketzAGA.SlaveRoketzAGA.Slave;0;0;0;0
0;Roll or Die (PD);Action / Multi Level;Games:R/RollOrDie/RollOrDie.slaveRollOrDie.slaveRollOrDie.slaveRollOrDie.slave;0;0;0;0
0;Roller Coaster Rumbler;Action / Shooter / 3D;Games:R/RollerCoasterRumbler/RollerCoasterRumbler.SlaveRollerCoasterRumbler.SlaveRollerCoasterRumbler.SlaveRollerCoasterRumbler.Slave;0;0;0;0
0;Rolling Ronny;Platform / Action;Games:R/RollingRonny/RollingRonny.SlaveRollingRonny.SlaveRollingRonny.SlaveRollingRonny.Slave;0;0;0;0
0;Rolling Thunder;Action / Fighter 2D;Games:R/RollingThunder/RollingThunder.slaveRollingThunder.slaveRollingThunder.slaveRollingThunder.slave;0;0;0;0
0;Rome AD92 - The Pathway To Power;Adventure / Isometric;Games:R/RomeAD92/RomeAD92.SlaveRomeAD92.SlaveRomeAD92.SlaveRomeAD92.Slave;0;0;0;0
0;Rotor;Reaction / Gravity;Games:R/Rotor/Rotor.slaveRotor.slaveRotor.slaveRotor.slave;0;0;0;0
0;Rotox;Action / Shooter / 2D;Games:R/Rotox/Rotox.slaveRotox.slaveRotox.slaveRotox.slave;0;0;0;0
0;Round The Bend;Platform / Action;Games:R/RoundTheBend/RoundTheBend.SlaveRoundTheBend.SlaveRoundTheBend.SlaveRoundTheBend.Slave;0;0;0;0
0;Rubicon;Platform / Action;Games:R/Rubicon/Rubicon.slaveRubicon.slaveRubicon.slaveRubicon.slave;0;0;0;0
0;Ruesselsheim (AGA) (German);Management / Business;Games:R/RuesselsheimDeAGA/RuesselsheimDeAGA.SlaveRuesselsheimDeAGA.SlaveRuesselsheimDeAGA.SlaveRuesselsheimDeAGA.Slave;0;0;0;0
0;Ruesselsheim (German);Management / Business;Games:R/RuesselsheimDe/RuesselsheimDe.SlaveRuesselsheimDe.SlaveRuesselsheimDe.SlaveRuesselsheimDe.Slave;0;0;0;0
0;Ruff & Reddy Space Adventure;Platform / Action;Games:R/Ruff&ReddySpaceAdventure/Ruff&ReddySpaceAdventure.slaveRuff&ReddySpaceAdventure.slaveRuff&ReddySpaceAdventure.slaveRuff&ReddySpaceAdventure.slave;0;0;0;0
0;Ruff'N'Tumble;Platform / Action;Games:R/RuffNTumble/RuffNTumble.slaveRuffNTumble.slaveRuffNTumble.slaveRuffNTumble.slave;0;0;0;0
0;Ruff'N'Tumble (512KB);Platform / Action;Games:R/RuffNTumble512k/RuffNTumble512k.slaveRuffNTumble512k.slaveRuffNTumble512k.slaveRuffNTumble512k.slave;0;0;0;0
0;Ruffian;Platform / Action;Games:R/Ruffian/Ruffian.SlaveRuffian.SlaveRuffian.SlaveRuffian.Slave;0;0;0;0
0;Rugby - The World Cup;Sport / Rugby;Games:R/RugbyTheWorldCup/RugbyTheWorldCup.SlaveRugbyTheWorldCup.SlaveRugbyTheWorldCup.SlaveRugbyTheWorldCup.Slave;0;0;0;0
0;Rugby - The World Cup (Early Build);Sport / Rugby;Games:R/RugbyTheWorldCupEarlyBuild/RugbyTheWorldCupEarlyBld.SlaveRugbyTheWorldCupEarlyBld.SlaveRugbyTheWorldCupEarlyBld.SlaveRugbyTheWorldCupEarlyBld.Slave;0;0;0;0
0;Run the Gauntlet;Action / Multi Level;Games:R/RunTheGauntlet/RunTheGauntlet.SlaveRunTheGauntlet.SlaveRunTheGauntlet.SlaveRunTheGauntlet.Slave;0;0;0;0
0;Running Man, The;Platform / Action;Games:R/RunningMan/RunningMan.slaveRunningMan.slaveRunningMan.slaveRunningMan.slave;0;0;0;0
0;Rush Hour (Coverdisk);Reaction / 2D;Games:R/Rushhour/Rushhour.SlaveRushhour.SlaveRushhour.SlaveRushhour.Slave;0;0;0;0
0;RVF Honda;Racing / Bike / Chase View;Games:R/RVFHonda/RVFHonda.slaveRVFHonda.slaveRVFHonda.slaveRVFHonda.slave;0;0;0;0
0;Rygar (AGA);Action / Shooter / 2D;Games:R/RygarAGA/RygarAGA.slaveRygarAGA.slaveRygarAGA.slaveRygarAGA.slave;0;0;0;0
0;Rygar (AGA) (Chip Mem);Action / Shooter / 2D;Games:R/RygarAGAChip/RygarAGAChip.slaveRygarAGAChip.slaveRygarAGAChip.slaveRygarAGAChip.slave;0;0;0;0
0;S.D.I (Cinemaware) (NTSC);Strategy / Action;Games:S/SDICinemawareNTSC/SDICinemawareNTSC.SlaveSDICinemawareNTSC.SlaveSDICinemawareNTSC.SlaveSDICinemawareNTSC.Slave;0;0;0;0
0;S.T.U.N. Runner;Racing / Futuristic;Games:S/STUNRunner/STUNRunner.SlaveSTUNRunner.SlaveSTUNRunner.SlaveSTUNRunner.Slave;0;0;0;0
0;Sabre Team;Strategy / Action;Games:S/SabreTeam/SabreTeam.SlaveSabreTeam.SlaveSabreTeam.SlaveSabreTeam.Slave;0;0;0;0
0;Sabre Team (AGA);Strategy / Action;Games:S/SabreTeamAGA/SabreTeamAGA.SlaveSabreTeamAGA.SlaveSabreTeamAGA.SlaveSabreTeamAGA.Slave;0;0;0;0
0;Sabre Team (CD32);Strategy / Action;Games:S/SabreTeamCD32/SabreTeamCD32.SlaveSabreTeamCD32.SlaveSabreTeamCD32.SlaveSabreTeamCD32.Slave;0;0;0;0
0;Safari Guns - On Safari;Action / Shooter / Crosshair;Games:S/SafariGuns/SafariGuns.SlaveSafariGuns.SlaveSafariGuns.SlaveSafariGuns.Slave;0;0;0;0
0;Safari Guns - On Safari (French);Action / Shooter / Crosshair;Games:S/SafariGunsFr/SafariGunsFr.SlaveSafariGunsFr.SlaveSafariGunsFr.SlaveSafariGunsFr.Slave;0;0;0;0
0;Saint & Greavsie;Quiz;Games:S/Saint&Greavsie/Saint&Greavsie.SlaveSaint&Greavsie.SlaveSaint&Greavsie.SlaveSaint&Greavsie.Slave;0;0;0;0
0;Saint Dragon;Action / Shooter / Horizontal;Games:S/SaintDragon/SaintDragon.SlaveSaintDragon.SlaveSaintDragon.SlaveSaintDragon.Slave;0;0;0;0
0;Salmon-Pink Max;Action / Duel / Versus;Games:S/SalmonPinkMax/SalmonPinkMax.SlaveSalmonPinkMax.SlaveSalmonPinkMax.SlaveSalmonPinkMax.Slave;0;0;0;0
0;Sanctuary (German);Adventure / Graphic;Games:S/SanctuaryDe/SanctuaryDe.SlaveSanctuaryDe.SlaveSanctuaryDe.SlaveSanctuaryDe.Slave;0;0;0;0
0;Santa's Xmas Caper;Platform / Action;Games:S/SantasXmasCaper/SantasXmasCaper.SlaveSantasXmasCaper.SlaveSantasXmasCaper.SlaveSantasXmasCaper.Slave;0;0;0;0
0;Sarakon;Puzzle / 2D;Games:S/Sarakon/Sarakon.slaveSarakon.slaveSarakon.slaveSarakon.slave;0;0;0;0
0;Sarcophaser;Action / Shooter / Horizontal;Games:S/Sarcophaser/Sarcophaser.SlaveSarcophaser.SlaveSarcophaser.SlaveSarcophaser.Slave;0;0;0;0
0;SAS Combat Simulator;Action / Shooter / Multi Way;Games:S/SASCombatSimulator/SASCombatSimulator.SlaveSASCombatSimulator.SlaveSASCombatSimulator.SlaveSASCombatSimulator.Slave;0;0;0;0
0;Satan;Action / Shooter / 2D;Games:S/Satan/Satan.SlaveSatan.SlaveSatan.SlaveSatan.Slave;0;0;0;0
0;Savage;Action / Multi Level;Games:S/Savage/Savage.SlaveSavage.SlaveSavage.SlaveSavage.Slave;0;0;0;0
0;Scapeghost;Adventure / Text;Games:S/Scapeghost/Scapeghost.SlaveScapeghost.SlaveScapeghost.SlaveScapeghost.Slave;0;0;0;0
0;Schmutzige Erbe, Das (German);Adventure / Point & Click;Games:S/SchmutzigeErbeDe/SchmutzigeErbeDe.SlaveSchmutzigeErbeDe.SlaveSchmutzigeErbeDe.SlaveSchmutzigeErbeDe.Slave;0;0;0;0
0;Schwarze Auge, Das - Die Schicksalsklinge (German);RPG / Dungeon Crawler;Games:S/SchwarzeAugeDe/SchwarzeAugeDe.slaveSchwarzeAugeDe.slaveSchwarzeAugeDe.slaveSchwarzeAugeDe.slave;0;0;0;0
0;Sci Fi;Action / Shooter / Horizontal;Games:S/SciFi/SciFi.SlaveSciFi.SlaveSciFi.SlaveSciFi.Slave;0;0;0;0
0;Scooby-Doo & Scrappy-Doo;Platform / Action;Games:S/ScoobyDoo&ScrappyDoo/ScoobyDoo&ScrappyDoo.slaveScoobyDoo&ScrappyDoo.slaveScoobyDoo&ScrappyDoo.slaveScoobyDoo&ScrappyDoo.slave;0;0;0;0
0;Scorpio;Action / Shooter / Vertical;Games:S/Scorpio/Scorpio.SlaveScorpio.SlaveScorpio.SlaveScorpio.Slave;0;0;0;0
0;Scorpion;Action / Fighter 2D;Games:S/Scorpion/Scorpion.SlaveScorpion.SlaveScorpion.SlaveScorpion.Slave;0;0;0;0
0;Scrabble;Tabletop / Board Game;Games:S/Scrabble/Scrabble.SlaveScrabble.SlaveScrabble.SlaveScrabble.Slave;0;0;0;0
0;Scramble Spirits;Action / Shooter / Vertical;Games:S/ScrambleSpirits/ScrambleSpirits.SlaveScrambleSpirits.SlaveScrambleSpirits.SlaveScrambleSpirits.Slave;0;0;0;0
0;Scrolling Walls;Bat & Ball / 2D;Games:S/ScrollingWalls/ScrollingWalls.SlaveScrollingWalls.SlaveScrollingWalls.SlaveScrollingWalls.Slave;0;0;0;0
0;Second Samurai;Action / Fighter 2D;Games:S/SecondSamurai/SecondSamurai.slaveSecondSamurai.slaveSecondSamurai.slaveSecondSamurai.slave;0;0;0;0
0;Second Samurai (AGA);Action / Fighter 2D;Games:S/SecondSamuraiAGA/SecondSamuraiAGA.slaveSecondSamuraiAGA.slaveSecondSamuraiAGA.slaveSecondSamuraiAGA.slave;0;0;0;0
0;Seconds Out;Sport / Boxing;Games:S/SecondsOut/SecondsOut.SlaveSecondsOut.SlaveSecondsOut.SlaveSecondsOut.Slave;0;0;0;0
0;Secret Of Monkey Island, The;Adventure / Point & Click;Games:S/SecretOfMonkeyIsland/SecretOfMonkeyIsland.slaveSecretOfMonkeyIsland.slaveSecretOfMonkeyIsland.slaveSecretOfMonkeyIsland.slave;0;0;0;0
0;Secret Of Monkey Island, The (French);Adventure / Point & Click;Games:S/SecretOfMonkeyIslandFr/SecretOfMonkeyIslandFr.slaveSecretOfMonkeyIslandFr.slaveSecretOfMonkeyIslandFr.slaveSecretOfMonkeyIslandFr.slave;0;0;0;0
0;Secret Of Monkey Island, The (German);Adventure / Point & Click;Games:S/SecretOfMonkeyIslandDe/SecretOfMonkeyIslandDe.slaveSecretOfMonkeyIslandDe.slaveSecretOfMonkeyIslandDe.slaveSecretOfMonkeyIslandDe.slave;0;0;0;0
0;Secret Of Monkey Island, The (Italian);Adventure / Point & Click;Games:S/SecretOfMonkeyIslandIt/SecretOfMonkeyIslandIt.slaveSecretOfMonkeyIslandIt.slaveSecretOfMonkeyIslandIt.slaveSecretOfMonkeyIslandIt.slave;0;0;0;0
0;Secret Of Monkey Island, The (Spanish);Adventure / Point & Click;Games:S/SecretOfMonkeyIslandEs/SecretOfMonkeyIslandEs.slaveSecretOfMonkeyIslandEs.slaveSecretOfMonkeyIslandEs.slaveSecretOfMonkeyIslandEs.slave;0;0;0;0
0;Secret Of The Silver Blades;RPG / Dungeon Crawler;Games:S/SecretOfTheSilverBlades/SecretOfTheSilverBlades.SlaveSecretOfTheSilverBlades.SlaveSecretOfTheSilverBlades.SlaveSecretOfTheSilverBlades.Slave;0;0;0;0
0;Seek and Destroy;Action / Shooter / Multi Way;Games:S/Seek&Destroy/Seek&Destroy.SlaveSeek&Destroy.SlaveSeek&Destroy.SlaveSeek&Destroy.Slave;0;0;0;0
0;Seek and Destroy (AGA);Action / Shooter / Multi Way;Games:S/Seek&DestroyAGA/Seek&DestroyAGA.SlaveSeek&DestroyAGA.SlaveSeek&DestroyAGA.SlaveSeek&DestroyAGA.Slave;0;0;0;0
0;Seelenturm, Der (AGA) (German);RPG / Isometric;Games:S/SeelenturmAGADe/SeelenturmAGADe.SlaveSeelenturmAGADe.SlaveSeelenturmAGADe.SlaveSeelenturmAGADe.Slave;0;0;0;0
0;Sensible Golf;Sport / Golf;Games:S/SensibleGolf/SensibleGolf.SlaveSensibleGolf.SlaveSensibleGolf.SlaveSensibleGolf.Slave;0;0;0;0
0;Sensible Soccer - European Champions (1MB);Sport / Football / Soccer;Games:S/SensibleSoccerEuro1MB/SensibleSoccerEuro1MB.SlaveSensibleSoccerEuro1MB.SlaveSensibleSoccerEuro1MB.SlaveSensibleSoccerEuro1MB.Slave;0;0;0;0
0;Sensible Soccer - European Champions (512KB);Sport / Football / Soccer;Games:S/SensibleSoccerEuro512KB/SensibleSoccerEuro512KB.SlaveSensibleSoccerEuro512KB.SlaveSensibleSoccerEuro512KB.SlaveSensibleSoccerEuro512KB.Slave;0;0;0;0
0;Sensible Soccer (1MB);Sport / Football / Soccer;Games:S/SensibleSoccer1MB/SensibleSoccer1MB.SlaveSensibleSoccer1MB.SlaveSensibleSoccer1MB.SlaveSensibleSoccer1MB.Slave;0;0;0;0
0;Sensible Soccer (512KB);Sport / Football / Soccer;Games:S/SensibleSoccer512KB/SensibleSoccer512KB.SlaveSensibleSoccer512KB.SlaveSensibleSoccer512KB.SlaveSensibleSoccer512KB.Slave;0;0;0;0
0;Sensible Soccer (92-93) (1MB);Sport / Football / Soccer;Games:S/SensibleSoccer92931MB/SensibleSoccer92931MB.SlaveSensibleSoccer92931MB.SlaveSensibleSoccer92931MB.SlaveSensibleSoccer92931MB.Slave;0;0;0;0
0;Sensible Soccer (92-93) (512KB);Sport / Football / Soccer;Games:S/SensibleSoccer9293512KB/SensibleSoccer9293512KB.SlaveSensibleSoccer9293512KB.SlaveSensibleSoccer9293512KB.SlaveSensibleSoccer9293512KB.Slave;0;0;0;0
0;Sensible Soccer International Edition (1MB);Sport / Football / Soccer;Games:S/SensibleSoccerIntEd1MB/SensibleSoccerIntEd1MB.SlaveSensibleSoccerIntEd1MB.SlaveSensibleSoccerIntEd1MB.SlaveSensibleSoccerIntEd1MB.Slave;0;0;0;0
0;Sensible Soccer International Edition (512KB);Sport / Football / Soccer;Games:S/SensibleSoccerIntEd512KB/SensibleSoccerIntEd512KB.SlaveSensibleSoccerIntEd512KB.SlaveSensibleSoccerIntEd512KB.SlaveSensibleSoccerIntEd512KB.Slave;0;0;0;0
0;Sensible Soccer International Edition (CD32);Sport / Football / Soccer;Games:S/SensibleSoccerIntlEdCD32/SensibleSoccerIntlEdCD32.SlaveSensibleSoccerIntlEdCD32.SlaveSensibleSoccerIntlEdCD32.SlaveSensibleSoccerIntlEdCD32.Slave;0;0;0;0
0;Sensible Soccer Meets Bulldog Blighty (92-93) (Coverdisk);Sport / Football / Soccer;Games:S/SensibleSoccerBulldogBlty/SensibleSoccerBulldogBlty.SlaveSensibleSoccerBulldogBlty.SlaveSensibleSoccerBulldogBlty.SlaveSensibleSoccerBulldogBlty.Slave;0;0;0;0
0;Sensible Train Spotter (Coverdisk);Reaction / 2D;Games:S/SensibleTrainSpotting/SensibleTrainSpotting.SlaveSensibleTrainSpotting.SlaveSensibleTrainSpotting.SlaveSensibleTrainSpotting.Slave;0;0;0;0
0;Sensible World of Moon Soccer (Coverdisk);Sport / Football / Soccer;Games:S/SensibleWorldMoonSoccer/SensibleWorldMoonSoccer.SlaveSensibleWorldMoonSoccer.SlaveSensibleWorldMoonSoccer.SlaveSensibleWorldMoonSoccer.Slave;0;0;0;0
0;Sensible World Of Soccer;Unknown;Games:S/SensibleWorldOfSoccer/SensibleWorldOfSoccer.SlaveSensibleWorldOfSoccer.SlaveSensibleWorldOfSoccer.SlaveSensibleWorldOfSoccer.Slave;0;0;0;0
0;Sensible World Of Soccer 11;Unknown;Games:S/SensibleWorldOfSoccer11/SensibleWorldOfSoccer11.SlaveSensibleWorldOfSoccer11.SlaveSensibleWorldOfSoccer11.SlaveSensibleWorldOfSoccer11.Slave;0;0;0;0
0;Sensible World Of Soccer 1617;Unknown;Games:S/SensibleWorldOfSoccer1617/SensibleWorldOfSoccer1617.SlaveSensibleWorldOfSoccer1617.SlaveSensibleWorldOfSoccer1617.SlaveSensibleWorldOfSoccer1617.Slave;0;0;0;0
0;Sensible World Of Soccer 2020;Unknown;Games:S/SensibleWorldOfSoccer2020/SensibleWorldOfSoccer2020.SlaveSensibleWorldOfSoccer2020.SlaveSensibleWorldOfSoccer2020.SlaveSensibleWorldOfSoccer2020.Slave;0;0;0;0
0;Sensible World Of Soccer 2021;Unknown;Games:S/SensibleWorldOfSoccer2021/SensibleWorldOfSoccer2021.SlaveSensibleWorldOfSoccer2021.SlaveSensibleWorldOfSoccer2021.SlaveSensibleWorldOfSoccer2021.Slave;0;0;0;0
0;Sensible World Of Soccer 9596;Unknown;Games:S/SensibleWorldOfSoccer9596/SensibleWorldOfSoccer9596.SlaveSensibleWorldOfSoccer9596.SlaveSensibleWorldOfSoccer9596.SlaveSensibleWorldOfSoccer9596.Slave;0;0;0;0
0;Sensible World Of Soccer 9697;Unknown;Games:S/SensibleWorldOfSoccer9697/SensibleWorldOfSoccer9697.SlaveSensibleWorldOfSoccer9697.SlaveSensibleWorldOfSoccer9697.SlaveSensibleWorldOfSoccer9697.Slave;0;0;0;0
0;Sensible World Of Soccer 9798;Unknown;Games:S/SensibleWorldOfSoccer9798/SensibleWorldOfSoccer9798.SlaveSensibleWorldOfSoccer9798.SlaveSensibleWorldOfSoccer9798.SlaveSensibleWorldOfSoccer9798.Slave;0;0;0;0
0;Sensible World Of Soccer Euro;Unknown;Games:S/SensibleWorldOfSoccerEuro/SensibleWorldOfSoccerEuro.SlaveSensibleWorldOfSoccerEuro.SlaveSensibleWorldOfSoccerEuro.SlaveSensibleWorldOfSoccerEuro.Slave;0;0;0;0
0;Sensible World Of Soccer WC 98;Unknown;Games:S/SensibleWorldOfSoccerWC98/SensibleWorldOfSoccerWC98.SlaveSensibleWorldOfSoccerWC98.SlaveSensibleWorldOfSoccerWC98.SlaveSensibleWorldOfSoccerWC98.Slave;0;0;0;0
0;Sentinel, The;Puzzle / 3D;Games:S/Sentinel/Sentinel.SlaveSentinel.SlaveSentinel.SlaveSentinel.Slave;0;0;0;0
0;Settlers, The;Management / Historical;Games:S/Settlers/Settlers.slaveSettlers.slaveSettlers.slaveSettlers.slave;0;0;0;0
0;Settlers, The (French);Management / Historical;Games:S/SettlersFr/SettlersFr.slaveSettlersFr.slaveSettlersFr.slaveSettlersFr.slave;0;0;0;0
0;Seven Cities of Gold (NTSC);Strategy / Historical;Games:S/SevenCitiesOfGoldNTSC/SevenCitiesOfGoldNTSC.slaveSevenCitiesOfGoldNTSC.slaveSevenCitiesOfGoldNTSC.slaveSevenCitiesOfGoldNTSC.slave;0;0;0;0
0;Seven Gates Of Jambala Files;Unknown;Games:S/SevenGatesOfJambalaFiles/SevenGatesOfJambalaFiles.slaveSevenGatesOfJambalaFiles.slaveSevenGatesOfJambalaFiles.slaveSevenGatesOfJambalaFiles.slave;0;0;0;0
0;Seven Gates Of Jambala Image;Unknown;Games:S/SevenGatesOfJambalaImage/SevenGatesOfJambalaImage.slaveSevenGatesOfJambalaImage.slaveSevenGatesOfJambalaImage.slaveSevenGatesOfJambalaImage.slave;0;0;0;0
0;Sextimates;Quiz / Adult;Games:S/Sextimates/Sextimates.SlaveSextimates.SlaveSextimates.SlaveSextimates.Slave;0;0;0;0
0;Seymour Goes To Hollywood;Platform / Action;Games:S/SeymourGoesToHollywood/SeymourGoesToHollywood.slaveSeymourGoesToHollywood.slaveSeymourGoesToHollywood.slaveSeymourGoesToHollywood.slave;0;0;0;0
0;Shadow Dancer;Action / Fighter 2D;Games:S/ShadowDancer/ShadowDancer.slaveShadowDancer.slaveShadowDancer.slaveShadowDancer.slave;0;0;0;0
0;Shadow Fighter;Beat 'Em Up;Games:S/ShadowFighter/ShadowFighter.SlaveShadowFighter.SlaveShadowFighter.SlaveShadowFighter.Slave;0;0;0;0
0;Shadow Fighter (AGA);Beat 'Em Up;Games:S/ShadowFighterAGA/ShadowFighterAGA.SlaveShadowFighterAGA.SlaveShadowFighterAGA.SlaveShadowFighterAGA.Slave;0;0;0;0
0;Shadow Fighter (CD32);Beat 'Em Up;Games:S/ShadowFighterCD32/ShadowFighterCD32.SlaveShadowFighterCD32.SlaveShadowFighterCD32.SlaveShadowFighterCD32.Slave;0;0;0;0
0;Shadow Of The Beast;Action / Fighter 2D;Games:S/ShadowOfTheBeast/ShadowOfTheBeast.slaveShadowOfTheBeast.slaveShadowOfTheBeast.slaveShadowOfTheBeast.slave;0;0;0;0
0;Shadow Of The Beast (Game Demo);Action / Fighter 2D;Games:S/ShadowOfTheBeastDemo/ShadowOfTheBeastDemo.SlaveShadowOfTheBeastDemo.SlaveShadowOfTheBeastDemo.SlaveShadowOfTheBeastDemo.Slave;0;0;0;0
0;Shadow Of The Beast 2;Action / Fighter 2D;Games:S/ShadowOfTheBeast2/ShadowOfTheBeast2.SlaveShadowOfTheBeast2.SlaveShadowOfTheBeast2.SlaveShadowOfTheBeast2.Slave;0;0;0;0
0;Shadow Of The Beast 2 (Game Demo);Action / Fighter 2D;Games:S/ShadowOfTheBeast2Demo/ShadowOfTheBeast2Demo.SlaveShadowOfTheBeast2Demo.SlaveShadowOfTheBeast2Demo.SlaveShadowOfTheBeast2Demo.Slave;0;0;0;0
0;Shadow Of The Beast 2 (NTSC);Action / Fighter 2D;Games:S/ShadowOfTheBeast2NTSC/ShadowOfTheBeast2NTSC.SlaveShadowOfTheBeast2NTSC.SlaveShadowOfTheBeast2NTSC.SlaveShadowOfTheBeast2NTSC.Slave;0;0;0;0
0;Shadow Of The Beast 3;Action / Fighter 2D;Games:S/ShadowOfTheBeast3/ShadowOfTheBeast3.slaveShadowOfTheBeast3.slaveShadowOfTheBeast3.slaveShadowOfTheBeast3.slave;0;0;0;0
0;Shadow Of The Beast 3 (NTSC);Action / Fighter 2D;Games:S/ShadowOfTheBeast3NTSC/ShadowOfTheBeast3NTSC.slaveShadowOfTheBeast3NTSC.slaveShadowOfTheBeast3NTSC.slaveShadowOfTheBeast3NTSC.slave;0;0;0;0
0;Shadow Sorcerer;RPG / Open World;Games:S/ShadowSorcerer/ShadowSorcerer.SlaveShadowSorcerer.SlaveShadowSorcerer.SlaveShadowSorcerer.Slave;0;0;0;0
0;Shadow Sorcerer (Multi);RPG / Open World;Games:S/ShadowSorcererDeFrIt/ShadowSorcererDeFrIt.SlaveShadowSorcererDeFrIt.SlaveShadowSorcererDeFrIt.SlaveShadowSorcererDeFrIt.Slave;0;0;0;0
0;Shadow Warriors;Action / Fighter 2.5D;Games:S/ShadowWarriors/ShadowWarriors.SlaveShadowWarriors.SlaveShadowWarriors.SlaveShadowWarriors.Slave;0;0;0;0
0;Shadowgate;Adventure / Graphic;Games:S/Shadowgate/Shadowgate.SlaveShadowgate.SlaveShadowgate.SlaveShadowgate.Slave;0;0;0;0
0;Shadowlands;RPG / Open World;Games:S/Shadowlands/Shadowlands.SlaveShadowlands.SlaveShadowlands.SlaveShadowlands.Slave;0;0;0;0
0;Shadoworlds;Strategy / Space;Games:S/Shadoworlds/Shadoworlds.SlaveShadoworlds.SlaveShadoworlds.SlaveShadoworlds.Slave;0;0;0;0
0;Shanghai;Tabletop / Mahjong;Games:S/Shanghai/Shanghai.SlaveShanghai.SlaveShanghai.SlaveShanghai.Slave;0;0;0;0
0;Shanghai (French);Tabletop / Mahjong;Games:S/ShanghaiFr/ShanghaiFr.SlaveShanghaiFr.SlaveShanghaiFr.SlaveShanghaiFr.Slave;0;0;0;0
0;Shanghai (NTSC);Tabletop / Mahjong;Games:S/ShanghaiNTSC/ShanghaiNTSC.SlaveShanghaiNTSC.SlaveShanghaiNTSC.SlaveShanghaiNTSC.Slave;0;0;0;0
0;Shaq Fu;Beat 'Em Up;Games:S/ShaqFu/ShaqFu.slaveShaqFu.slaveShaqFu.slaveShaqFu.slave;0;0;0;0
0;Shaq Fu (AGA);Beat 'Em Up;Games:S/ShaqFuAGA/ShaqFuAGA.slaveShaqFuAGA.slaveShaqFuAGA.slaveShaqFuAGA.slave;0;0;0;0
0;Sharkey's Moll;Action / Shooter / Crosshair;Games:S/SharkeysMoll/SharkeysMoll.SlaveSharkeysMoll.SlaveSharkeysMoll.SlaveSharkeysMoll.Slave;0;0;0;0
0;She-Fox;Action / Fighter 2D;Games:S/SheFox/SheFox.slaveSheFox.slaveSheFox.slaveSheFox.slave;0;0;0;0
0;Sherman-M4;Simulator / Tank;Games:S/ShermanM4/ShermanM4.slaveShermanM4.slaveShermanM4.slaveShermanM4.slave;0;0;0;0
0;Shinobi;Action / Fighter 2D;Games:S/Shinobi/Shinobi.SlaveShinobi.SlaveShinobi.SlaveShinobi.Slave;0;0;0;0
0;Shinobi (NTSC);Action / Fighter 2D;Games:S/ShinobiNTSC/ShinobiNTSC.SlaveShinobiNTSC.SlaveShinobiNTSC.SlaveShinobiNTSC.Slave;0;0;0;0
0;ShockWave;Action / Shooter / Crosshair;Games:S/ShockWave/ShockWave.SlaveShockWave.SlaveShockWave.SlaveShockWave.Slave;0;0;0;0
0;Short Grey, The (Intro) (French);Misc / Intro Disk;Games:S/ShortgreyFr/IntroFr.SlaveIntroFr.SlaveIntroFr.SlaveIntroFr.Slave;0;0;0;0
0;Short Grey, The (Intro) (French);Misc / Intro Disk;Games:S/ShortgreyFr/ShortgreyFr.SlaveShortgreyFr.SlaveShortgreyFr.SlaveShortgreyFr.Slave;0;0;0;0
0;Shuffle;Puzzle / 2D;Games:S/Shuffle/Shuffle.SlaveShuffle.SlaveShuffle.SlaveShuffle.Slave;0;0;0;0
0;Shufflepuck Cafe;Bat & Ball / 3D;Games:S/ShufflepuckCafe/ShufflepuckCafe.SlaveShufflepuckCafe.SlaveShufflepuckCafe.SlaveShufflepuckCafe.Slave;0;0;0;0
0;Shufflepuck Cafe (French);Bat & Ball / 3D;Games:S/ShufflepuckCafeFr/ShufflepuckCafeFr.SlaveShufflepuckCafeFr.SlaveShufflepuckCafeFr.SlaveShufflepuckCafeFr.Slave;0;0;0;0
0;Shuttle - The Space Flight Simulator;Simulator / Space;Games:S/Shuttle/Shuttle.SlaveShuttle.SlaveShuttle.SlaveShuttle.Slave;0;0;0;0
0;Side Arms - Hyper Dyne;Action / Shooter / Horizontal;Games:S/SideArms/SideArms.slaveSideArms.slaveSideArms.slaveSideArms.slave;0;0;0;0
0;Sideshow;Action / Carnival;Games:S/SideShow/SideShow.SlaveSideShow.SlaveSideShow.SlaveSideShow.Slave;0;0;0;0
0;SideWinder;Action / Shooter / Vertical;Games:S/SideWinder/Sidewinder.SlaveSidewinder.SlaveSidewinder.SlaveSidewinder.Slave;0;0;0;0
0;SideWinder (Arcadia);Action / Shooter / Vertical;Games:S/SideWinderArcadia/SideWinderArcadia.SlaveSideWinderArcadia.SlaveSideWinderArcadia.SlaveSideWinderArcadia.Slave;0;0;0;0
0;SideWinder 2;Action / Shooter / Vertical;Games:S/SideWinder2/SideWinder2.SlaveSideWinder2.SlaveSideWinder2.SlaveSideWinder2.Slave;0;0;0;0
0;Siedler, Die (German);Management / Historical;Games:S/SiedlerDe/SiedlerDe.slaveSiedlerDe.slaveSiedlerDe.slaveSiedlerDe.slave;0;0;0;0
0;Sierra Soccer - World Challenge Edition;Sport / Football / Soccer;Games:S/SierraSoccer/SierraSoccer.SlaveSierraSoccer.SlaveSierraSoccer.SlaveSierraSoccer.Slave;0;0;0;0
0;Silent Service;Simulator / Submarine;Games:S/SilentService/SilentService.SlaveSilentService.SlaveSilentService.SlaveSilentService.Slave;0;0;0;0
0;Silent Service 2 (NTSC);Simulator / Submarine;Games:S/SilentService2NTSC/SilentService2NTSC.slaveSilentService2NTSC.slaveSilentService2NTSC.slaveSilentService2NTSC.slave;0;0;0;0
0;Silicon Dreams (NTSC);Adventure / Text;Games:S/SiliconDreamsNTSC/SiliconDreamsNTSC.SlaveSiliconDreamsNTSC.SlaveSiliconDreamsNTSC.SlaveSiliconDreamsNTSC.Slave;0;0;0;0
0;Silkworm;Action / Shooter / Horizontal;Games:S/Silkworm/Silkworm.slaveSilkworm.slaveSilkworm.slaveSilkworm.slave;0;0;0;0
0;Silly Putty;Platform / Puzzle;Games:S/SillyPutty/SillyPutty.SlaveSillyPutty.SlaveSillyPutty.SlaveSillyPutty.Slave;0;0;0;0
0;Sim City (1.2);Management / City;Games:S/SimCity/SimCity.SlaveSimCity.SlaveSimCity.SlaveSimCity.Slave;0;0;0;0
0;Sim City (1.2) (NTSC);Management / City;Games:S/SimCityNTSC/SimCityNTSC.SlaveSimCityNTSC.SlaveSimCityNTSC.SlaveSimCityNTSC.Slave;0;0;0;0
0;Sim City (512KB);Management / City;Games:S/SimCity512KB/SimCity512KB.SlaveSimCity512KB.SlaveSimCity512KB.SlaveSimCity512KB.Slave;0;0;0;0
0;Sim City (CDTV);Management / City;Games:S/SimCityCDTV/SimCityCDTV.SlaveSimCityCDTV.SlaveSimCityCDTV.SlaveSimCityCDTV.Slave;0;0;0;0
0;Sim Earth (Hi Res);Simulator / Life;Games:S/SimEarthHiRes/SimEarthHiRes.SlaveSimEarthHiRes.SlaveSimEarthHiRes.SlaveSimEarthHiRes.Slave;0;0;0;0
0;Sim Earth (Hi Res) (French);Simulator / Life;Games:S/SimEarthHiResFr/SimEarthHiResFr.SlaveSimEarthHiResFr.SlaveSimEarthHiResFr.SlaveSimEarthHiResFr.Slave;0;0;0;0
0;Sim Earth (Hi Res) (German);Simulator / Life;Games:S/SimEarthHiResDe/SimEarthHiResDe.SlaveSimEarthHiResDe.SlaveSimEarthHiResDe.SlaveSimEarthHiResDe.Slave;0;0;0;0
0;Sim Earth (Low Res);Simulator / Life;Games:S/SimEarthLoRes/SimEarthLoRes.SlaveSimEarthLoRes.SlaveSimEarthLoRes.SlaveSimEarthLoRes.Slave;0;0;0;0
0;Sim Earth (Low Res) (French);Simulator / Life;Games:S/SimEarthLoResFr/SimEarthLoResFr.SlaveSimEarthLoResFr.SlaveSimEarthLoResFr.SlaveSimEarthLoResFr.Slave;0;0;0;0
0;Sim Earth (Low Res) (German);Simulator / Life;Games:S/SimEarthLoResDe/SimEarthLoResDe.SlaveSimEarthLoResDe.SlaveSimEarthLoResDe.SlaveSimEarthLoResDe.Slave;0;0;0;0
0;Sim Life;Simulator / Life;Games:S/SimLife/SimLife.SlaveSimLife.SlaveSimLife.SlaveSimLife.Slave;0;0;0;0
0;Sim Life (AGA);Simulator / Life;Games:S/SimLifeAGA/SimLifeAGA.SlaveSimLifeAGA.SlaveSimLifeAGA.SlaveSimLifeAGA.Slave;0;0;0;0
0;Sim Life (German);Simulator / Life;Games:S/SimLifeDe/SimLifeDe.SlaveSimLifeDe.SlaveSimLifeDe.SlaveSimLifeDe.Slave;0;0;0;0
0;SimAnt (Hi Res);Simulator / Life;Games:S/SimAntHiRes/SimAntHires.slaveSimAntHires.slaveSimAntHires.slaveSimAntHires.slave;0;0;0;0
0;SimAnt (Hi Res) (French);Simulator / Life;Games:S/SimAntHiResFr/SimAntHiresFr.slaveSimAntHiresFr.slaveSimAntHiresFr.slaveSimAntHiresFr.slave;0;0;0;0
0;SimAnt (Hi Res) (German);Simulator / Life;Games:S/SimAntHiResDe/SimAntHiresDe.slaveSimAntHiresDe.slaveSimAntHiresDe.slaveSimAntHiresDe.slave;0;0;0;0
0;SimAnt (Low Res);Simulator / Life;Games:S/SimAntLoRes/SimAntLoRes.slaveSimAntLoRes.slaveSimAntLoRes.slaveSimAntLoRes.slave;0;0;0;0
0;SimAnt (Low Res) (French);Simulator / Life;Games:S/SimAntLoResFr/SimAntLoResFr.slaveSimAntLoResFr.slaveSimAntLoResFr.slaveSimAntLoResFr.slave;0;0;0;0
0;SimAnt (Low Res) (German);Simulator / Life;Games:S/SimAntLoResDe/SimAntLoResDe.slaveSimAntLoResDe.slaveSimAntLoResDe.slaveSimAntLoResDe.slave;0;0;0;0
0;Simon The Sorcerer;Adventure / Point & Click;Games:S/SimonTheSorcerer/SimonTheSorcerer.SlaveSimonTheSorcerer.SlaveSimonTheSorcerer.SlaveSimonTheSorcerer.Slave;0;0;0;0
0;Simon The Sorcerer (AGA);Adventure / Point & Click;Games:S/SimonTheSorcererAGA/SimonTheSorcererAGA.SlaveSimonTheSorcererAGA.SlaveSimonTheSorcererAGA.SlaveSimonTheSorcererAGA.Slave;0;0;0;0
0;Simon The Sorcerer (AGA) (French);Adventure / Point & Click;Games:S/SimonTheSorcererAGAFr/SimonTheSorcererAGAFr.SlaveSimonTheSorcererAGAFr.SlaveSimonTheSorcererAGAFr.SlaveSimonTheSorcererAGAFr.Slave;0;0;0;0
0;Simon The Sorcerer (AGA) (German);Adventure / Point & Click;Games:S/SimonTheSorcererAGADe/SimonTheSorcererAGADe.SlaveSimonTheSorcererAGADe.SlaveSimonTheSorcererAGADe.SlaveSimonTheSorcererAGADe.Slave;0;0;0;0
0;Simon The Sorcerer (French);Adventure / Point & Click;Games:S/SimonTheSorcererFr/SimonTheSorcererFr.SlaveSimonTheSorcererFr.SlaveSimonTheSorcererFr.SlaveSimonTheSorcererFr.Slave;0;0;0;0
0;Simon The Sorcerer (German);Adventure / Point & Click;Games:S/SimonTheSorcererDe/SimonTheSorcererDe.SlaveSimonTheSorcererDe.SlaveSimonTheSorcererDe.SlaveSimonTheSorcererDe.Slave;0;0;0;0
0;Simulcra;Action / Shooter / 3D;Games:S/Simulcra/Simulcra.SlaveSimulcra.SlaveSimulcra.SlaveSimulcra.Slave;0;0;0;0
0;Simulman 01 - Simulman (Italian);Adventure / Point & Click;Games:S/Simulman01It/Simulman01It.SlaveSimulman01It.SlaveSimulman01It.SlaveSimulman01It.Slave;0;0;0;0
0;Simulman 02 - Nella Morsa Di SS DOS (Italian);Adventure / Point & Click;Games:S/Simulman02It/Simulman02It.SlaveSimulman02It.SlaveSimulman02It.SlaveSimulman02It.Slave;0;0;0;0
0;Simulman 03 - Nel Regno Di Doors (Italian);Adventure / Point & Click;Games:S/Simulman03It/Simulman03It.SlaveSimulman03It.SlaveSimulman03It.SlaveSimulman03It.Slave;0;0;0;0
0;Simulman 04 - Il Mordo Simultato (Italian);Adventure / Point & Click;Games:S/Simulman04It/Simulman04It.SlaveSimulman04It.SlaveSimulman04It.SlaveSimulman04It.Slave;0;0;0;0
0;Simulman 05 - I Rapitori Di Sogni (Italian);Adventure / Point & Click;Games:S/Simulman05It/Simulman05It.SlaveSimulman05It.SlaveSimulman05It.SlaveSimulman05It.Slave;0;0;0;0
0;Simulman 06 - Luna Park (Moon Park) (Italian);Adventure / Point & Click;Games:S/Simulman06It/Simulman06It.SlaveSimulman06It.SlaveSimulman06It.SlaveSimulman06It.Slave;0;0;0;0
0;Simulman 07 - Il ande eddo (Italian);Adventure / Point & Click;Games:S/Simulman07It/Simulman07It.SlaveSimulman07It.SlaveSimulman07It.SlaveSimulman07It.Slave;0;0;0;0
0;Simulman 08 - Il Giardino Virtuale (Italian);Adventure / Point & Click;Games:S/Simulman08It/Simulman08It.SlaveSimulman08It.SlaveSimulman08It.SlaveSimulman08It.Slave;0;0;0;0
0;Simulman 09 - Il Giocattolaio (Italian);Adventure / Point & Click;Games:S/Simulman09It/Simulman09It.SlaveSimulman09It.SlaveSimulman09It.SlaveSimulman09It.Slave;0;0;0;0
0;Simulman 10 - Pentagram (Italian);Adventure / Point & Click;Games:S/Simulman10It/Simulman10It.SlaveSimulman10It.SlaveSimulman10It.SlaveSimulman10It.Slave;0;0;0;0
0;Simulman 11 - Jailhouse Rock (Italian);Adventure / Point & Click;Games:S/Simulman11It/Simulman11It.SlaveSimulman11It.SlaveSimulman11It.SlaveSimulman11It.Slave;0;0;0;0
0;Sinbad & The Throne Of The Falcon (NTSC);Adventure / Action;Games:S/SinbadNTSC/SinbadNTSC.SlaveSinbadNTSC.SlaveSinbadNTSC.SlaveSinbadNTSC.Slave;0;0;0;0
0;Sink Or Swim 1 MB;Unknown;Games:S/SinkOrSwim1MB/SinkOrSwim1MB.SlaveSinkOrSwim1MB.SlaveSinkOrSwim1MB.SlaveSinkOrSwim1MB.Slave;0;0;0;0
0;Sink Or Swim 512 KB;Unknown;Games:S/SinkOrSwim512KB/SinkOrSwim512KB.SlaveSinkOrSwim512KB.SlaveSinkOrSwim512KB.SlaveSinkOrSwim512KB.Slave;0;0;0;0
0;Sir Fred The Legend;Unknown;Games:S/SirFredTheLegend/SirFredTheLegend.slaveSirFredTheLegend.slaveSirFredTheLegend.slaveSirFredTheLegend.slave;0;0;0;0
0;Sixiang;Puzzle / 2D;Games:S/Sixiang/Sixiang.SlaveSixiang.SlaveSixiang.SlaveSixiang.Slave;0;0;0;0
0;Skaermtrolden Hugo (In a Mine) (Danish);Action / Multi Level;Games:S/SkaermtroldenHugoDk/SkaermtroldenHugoDk.SlaveSkaermtroldenHugoDk.SlaveSkaermtroldenHugoDk.SlaveSkaermtroldenHugoDk.Slave;0;0;0;0
0;Skate Of The Art;Sport / Extreme;Games:S/SkateOfTheArt/SkateOfTheArt.SlaveSkateOfTheArt.SlaveSkateOfTheArt.SlaveSkateOfTheArt.Slave;0;0;0;0
0;Skaut Kwatermaster (Polish);Adventure / Point & Click;Games:S/SkautKwatermasterPl/SkautKwatermasterPl.slaveSkautKwatermasterPl.slaveSkautKwatermasterPl.slaveSkautKwatermasterPl.slave;0;0;0;0
0;Skeet Shoot;Action / Shooter / Crosshair;Games:S/SkeetShoot/SkeetShoot.SlaveSkeetShoot.SlaveSkeetShoot.SlaveSkeetShoot.Slave;0;0;0;0
0;Skeleton Krew (AGA);Action / Shooter / Isometric;Games:S/SkeletonKrewAGA/SkeletonKrewAGA.slaveSkeletonKrewAGA.slaveSkeletonKrewAGA.slaveSkeletonKrewAGA.slave;0;0;0;0
0;Skeleton Krew (CD32);Action / Shooter / Isometric;Games:S/SkeletonKrewCD32/SkeletonKrewCD32.slaveSkeletonKrewCD32.slaveSkeletonKrewCD32.slaveSkeletonKrewCD32.slave;0;0;0;0
0;Ski or Die;Sport / Winter;Games:S/SkiOrDie/SkiOrDie.SlaveSkiOrDie.SlaveSkiOrDie.SlaveSkiOrDie.Slave;0;0;0;0
0;Skidmarks;Racing / Car / Isometric;Games:S/Skidmarks/Skidmarks.slaveSkidmarks.slaveSkidmarks.slaveSkidmarks.slave;0;0;0;0
0;Skidmarks (AGA);Racing / Car / Isometric;Games:S/SkidmarksAGA/SkidmarksAGA.slaveSkidmarksAGA.slaveSkidmarksAGA.slaveSkidmarksAGA.slave;0;0;0;0
0;Skidoo;Racing / Other;Games:S/Skidoo/Skidoo.SlaveSkidoo.SlaveSkidoo.SlaveSkidoo.Slave;0;0;0;0
0;Skidz;Sport / Extreme;Games:S/Skidz/Skidz.SlaveSkidz.SlaveSkidz.SlaveSkidz.Slave;0;0;0;0
0;Skrull;Adventure / Action;Games:S/Skrull/Skrull.SlaveSkrull.SlaveSkrull.SlaveSkrull.Slave;0;0;0;0
0;Skull & Crossbones;Action / Fighter 2D;Games:S/Skull&Crossbones/Skull&CrossBones.slaveSkull&CrossBones.slaveSkull&CrossBones.slaveSkull&CrossBones.slave;0;0;0;0
0;Skweek;Puzzle / 2D;Games:S/Skweek/Skweek.SlaveSkweek.SlaveSkweek.SlaveSkweek.Slave;0;0;0;0
0;Sky Fighter;Action / Shooter / Vertical;Games:S/SkyFighter/SkyFighter.SlaveSkyFighter.SlaveSkyFighter.SlaveSkyFighter.Slave;0;0;0;0
0;Sky High Stuntman;Action / Shooter / Vertical;Games:S/SkyHighStuntman/SkyHighStuntman.SlaveSkyHighStuntman.SlaveSkyHighStuntman.SlaveSkyHighStuntman.Slave;0;0;0;0
0;Skyblaster;Action / Shooter / 3D;Games:S/Skyblaster/Skyblaster.SlaveSkyblaster.SlaveSkyblaster.SlaveSkyblaster.Slave;0;0;0;0
0;SkyChase;Action / Duel / Versus;Games:S/SkyChase/SkyChase.SlaveSkyChase.SlaveSkyChase.SlaveSkyChase.Slave;0;0;0;0
0;SkyChase (Fast Mem);Action / Duel / Versus;Games:S/SkyChaseFast/SkyChaseFast.SlaveSkyChaseFast.SlaveSkyChaseFast.SlaveSkyChaseFast.Slave;0;0;0;0
0;Skyfox (NTSC);Action / Shooter / 3D;Games:S/SkyfoxNTSC/SkyfoxNTSC.slaveSkyfoxNTSC.slaveSkyfoxNTSC.slaveSkyfoxNTSC.slave;0;0;0;0
0;Skyfox 2 - The Cygnus Conflict;Action / Shooter / 3D;Games:S/Skyfox2/Skyfox2.SlaveSkyfox2.SlaveSkyfox2.SlaveSkyfox2.Slave;0;0;0;0
0;Slackskin & Flint;Platform / Action;Games:S/Slackskin&Flint/Slackskin&Flint.SlaveSlackskin&Flint.SlaveSlackskin&Flint.SlaveSlackskin&Flint.Slave;0;0;0;0
0;Slam Tilt (AGA);Pinball;Games:S/SlamTiltAGA/SlamTiltAGA.SlaveSlamTiltAGA.SlaveSlamTiltAGA.SlaveSlamTiltAGA.Slave;0;0;0;0
0;Slam Tilt (AGA) (2MB);Pinball;Games:S/SlamTiltAGA2MB/SlamTiltAGA2MB.SlaveSlamTiltAGA2MB.SlaveSlamTiltAGA2MB.SlaveSlamTiltAGA2MB.Slave;0;0;0;0
0;Slam Tilt (Game Demo) (AGA);Pinball;Games:S/SlamTiltDemoAGA/SlamTiltDemoAGA.SlaveSlamTiltDemoAGA.SlaveSlamTiltDemoAGA.SlaveSlamTiltDemoAGA.Slave;0;0;0;0
0;Slayer;Action / Shooter / Horizontal;Games:S/Slayer/Slayer.SlaveSlayer.SlaveSlayer.SlaveSlayer.Slave;0;0;0;0
0;Sleeping Gods Lie;RPG / Open World;Games:S/SleepingGodsLie/SleepingGodsLie.SlaveSleepingGodsLie.SlaveSleepingGodsLie.SlaveSleepingGodsLie.Slave;0;0;0;0
0;Sleepwalker;Platform / Puzzle;Games:S/Sleepwalker/Sleepwalker.SlaveSleepwalker.SlaveSleepwalker.SlaveSleepwalker.Slave;0;0;0;0
0;Sleepwalker (AGA);Platform / Puzzle;Games:S/SleepwalkerAGA/SleepwalkerAGA.SlaveSleepwalkerAGA.SlaveSleepwalkerAGA.SlaveSleepwalkerAGA.Slave;0;0;0;0
0;Sleepwalker (Comic Relief);Platform / Puzzle;Games:S/SleepwalkerComicRelief/SleepwalkerComicRelief.SlaveSleepwalkerComicRelief.SlaveSleepwalkerComicRelief.SlaveSleepwalkerComicRelief.Slave;0;0;0;0
0;Sleepwalker (Comic Relief) (AGA);Platform / Puzzle;Games:S/SleepwalkerAGAComicRelief/SleepwalkerAGAComicRelief.SlaveSleepwalkerAGAComicRelief.SlaveSleepwalkerAGAComicRelief.SlaveSleepwalkerAGAComicRelief.Slave;0;0;0;0
0;Sliders;Puzzle / Isometric;Games:S/Sliders/Sliders.SlaveSliders.SlaveSliders.SlaveSliders.Slave;0;0;0;0
0;Slightly Magic;Platform / Puzzle;Games:S/SlightlyMagic/SlightlyMagic.slaveSlightlyMagic.slaveSlightlyMagic.slaveSlightlyMagic.slave;0;0;0;0
0;Slip Stream;Action / Shooter / 3D;Games:S/SlipStream/SlipStream.SlaveSlipStream.SlaveSlipStream.SlaveSlipStream.Slave;0;0;0;0
0;Sly Spy - Secret Agent;Action / Multi Level;Games:S/SlySpySecretAgent/SlySpySecretAgent.slaveSlySpySecretAgent.slaveSlySpySecretAgent.slaveSlySpySecretAgent.slave;0;0;0;0
0;Smarty And The Nasty Gluttons;Platform / Action;Games:S/SmartyAndTheNastyGluttons/SmartyAndTheNastyGluttons.slaveSmartyAndTheNastyGluttons.slaveSmartyAndTheNastyGluttons.slaveSmartyAndTheNastyGluttons.slave;0;0;0;0
0;Smash;Sport / Tennis;Games:S/Smash/Smash.slaveSmash.slaveSmash.slaveSmash.slave;0;0;0;0
0;Smash TV;Action / Shooter / Multi Way;Games:S/SmashTV/SmashTV.SlaveSmashTV.SlaveSmashTV.SlaveSmashTV.Slave;0;0;0;0
0;Snapperazzi;Platform / Action;Games:S/Snapperazzi/Snapperazzi.SlaveSnapperazzi.SlaveSnapperazzi.SlaveSnapperazzi.Slave;0;0;0;0
0;Sneech V1.52 (PD);Reaction / Light Cycle;Games:S/Sneech/Sneech.SlaveSneech.SlaveSneech.SlaveSneech.Slave;0;0;0;0
0;Snoopy & Peanuts;Adventure / Action;Games:S/Snoopy&Peanuts/Snoopy&Peanuts.SlaveSnoopy&Peanuts.SlaveSnoopy&Peanuts.SlaveSnoopy&Peanuts.Slave;0;0;0;0
0;Snoopy& Peanuts No Sounds;Unknown;Games:S/Snoopy&PeanutsNoSounds/Snoopy&PeanutsNoSounds.SlaveSnoopy&PeanutsNoSounds.SlaveSnoopy&PeanutsNoSounds.SlaveSnoopy&PeanutsNoSounds.Slave;0;0;0;0
0;Snow Bros (Files);Platform / Action;Games:S/SnowBrosFiles/SnowBrosFiles.slaveSnowBrosFiles.slaveSnowBrosFiles.slaveSnowBrosFiles.slave;0;0;0;0
0;Snow Bros (Image);Platform / Action;Games:S/SnowBrosImage/SnowBrosImage.slaveSnowBrosImage.slaveSnowBrosImage.slaveSnowBrosImage.slave;0;0;0;0
0;Snow Strike;Simulator / Plane / Combat;Games:S/SnowStrike/SnowStrike.SlaveSnowStrike.SlaveSnowStrike.SlaveSnowStrike.Slave;0;0;0;0
0;Soccer Kid;Platform / Action;Games:S/SoccerKid/SoccerKid.SlaveSoccerKid.SlaveSoccerKid.SlaveSoccerKid.Slave;0;0;0;0
0;Soccer Kid (1MB Chip);Platform / Action;Games:S/SoccerKid1MbChip/SoccerKid1MbChip.SlaveSoccerKid1MbChip.SlaveSoccerKid1MbChip.SlaveSoccerKid1MbChip.Slave;0;0;0;0
0;Soccer Kid (AGA);Platform / Action;Games:S/SoccerKidAGA/SoccerKidAGA.SlaveSoccerKidAGA.SlaveSoccerKidAGA.SlaveSoccerKidAGA.Slave;0;0;0;0
0;Soccer Kid (CD32);Platform / Action;Games:S/SoccerKidCD32/SoccerKidCD32.SlaveSoccerKidCD32.SlaveSoccerKidCD32.SlaveSoccerKidCD32.Slave;0;0;0;0
0;Soccer Pinball;Pinball;Games:S/SoccerPinball/SoccerPinball.slaveSoccerPinball.slaveSoccerPinball.slaveSoccerPinball.slave;0;0;0;0
0;Soccer Superstars;Sport / Football / Soccer;Games:S/SoccerSuperstars/SoccerSuperstars.SlaveSoccerSuperstars.SlaveSoccerSuperstars.SlaveSoccerSuperstars.Slave;0;0;0;0
0;Soccer Superstars (AGA);Sport / Football / Soccer;Games:S/SoccerSuperstarsAGA/SoccerSuperstarsAGA.SlaveSoccerSuperstarsAGA.SlaveSoccerSuperstarsAGA.SlaveSoccerSuperstarsAGA.Slave;0;0;0;0
0;Soccer Superstars (German);Sport / Football / Soccer;Games:S/SoccerSuperstarsDe/SoccerSuperstarsDe.SlaveSoccerSuperstarsDe.SlaveSoccerSuperstarsDe.SlaveSoccerSuperstarsDe.Slave;0;0;0;0
0;Sol Negro;Action / Shooter / Horizontal;Games:S/SolNegro/SolNegro.SlaveSolNegro.SlaveSolNegro.SlaveSolNegro.Slave;0;0;0;0
0;Soldier 2000;Action / Shooter / Crosshair;Games:S/Soldier2000/Soldier2000.SlaveSoldier2000.SlaveSoldier2000.SlaveSoldier2000.Slave;0;0;0;0
0;Soldier Of Light - Xain'd Sleena;Action / Shooter / 2D;Games:S/SoldierOfLight/SoldierOfLight.slaveSoldierOfLight.slaveSoldierOfLight.slaveSoldierOfLight.slave;0;0;0;0
0;Solid Gold (PD);Platform / Action;Games:S/SolidGold/SolidGold.slaveSolidGold.slaveSolidGold.slaveSolidGold.slave;0;0;0;0
0;Solomon's Key 2;Platform / Puzzle;Games:S/SolomonsKey2/SolomonsKey2.SlaveSolomonsKey2.SlaveSolomonsKey2.SlaveSolomonsKey2.Slave;0;0;0;0
0;Son Shu-Shi;Platform / Action;Games:S/SonShuShi/SonShuShi.SlaveSonShuShi.SlaveSonShuShi.SlaveSonShuShi.Slave;0;0;0;0
0;Sonic Boom;Action / Shooter / Vertical;Games:S/SonicBoom/SonicBoom.slaveSonicBoom.slaveSonicBoom.slaveSonicBoom.slave;0;0;0;0
0;Sooty & Sweep;Platform / Action;Games:S/Sooty&Sweep/Sooty&Sweep.SlaveSooty&Sweep.SlaveSooty&Sweep.SlaveSooty&Sweep.Slave;0;0;0;0
0;Sooty's Fun With Numbers;Educational;Games:S/SootysFunWithNumbers/SootysFunWithNumbers.slaveSootysFunWithNumbers.slaveSootysFunWithNumbers.slaveSootysFunWithNumbers.slave;0;0;0;0
0;Sophelie;Action / Shooter / Horizontal;Games:S/Sophelie/Sophelie.SlaveSophelie.SlaveSophelie.SlaveSophelie.Slave;0;0;0;0
0;Sorcerer Lord;Strategy / Historical;Games:S/SorcererLord/SorcererLord.SlaveSorcererLord.SlaveSorcererLord.SlaveSorcererLord.Slave;0;0;0;0
0;Sorcerer Lord (French);Strategy / Historical;Games:S/SorcererLordFr/SorcererLordFr.SlaveSorcererLordFr.SlaveSorcererLordFr.SlaveSorcererLordFr.Slave;0;0;0;0
0;Sorceror's Apprentice;Platform / Action;Games:S/SorcerorsApprentice/SorcerorsApprentice.SlaveSorcerorsApprentice.SlaveSorcerorsApprentice.SlaveSorcerorsApprentice.Slave;0;0;0;0
0;Sorcery+;Platform / Puzzle;Games:S/SorceryPlus/SorceryPlus.SlaveSorceryPlus.SlaveSorceryPlus.SlaveSorceryPlus.Slave;0;0;0;0
0;Sorefist;Action / Fighter 2.5D;Games:S/Sorefist/Sorefist.SlaveSorefist.SlaveSorefist.SlaveSorefist.Slave;0;0;0;0
0;Space Ace;Adventure / Action;Games:S/SpaceAce/SpaceAce.slaveSpaceAce.slaveSpaceAce.slaveSpaceAce.slave;0;0;0;0
0;Space Ace (Game Demo);Adventure / Action;Games:S/SpaceAceDemo/SpaceAceDemo.SlaveSpaceAceDemo.SlaveSpaceAceDemo.SlaveSpaceAceDemo.Slave;0;0;0;0
0;Space Ace 2 - Borf's Revenge;Adventure / Action;Games:S/SpaceAce2/SpaceAce2.SlaveSpaceAce2.SlaveSpaceAce2.SlaveSpaceAce2.Slave;0;0;0;0
0;Space Assault;Action / Shooter / Horizontal;Games:S/SpaceAssault/SpaceAssault.slaveSpaceAssault.slaveSpaceAssault.slaveSpaceAssault.slave;0;0;0;0
0;Space Crusade;RPG / Open World;Games:S/SpaceCrusade/SpaceCrusade.SlaveSpaceCrusade.SlaveSpaceCrusade.SlaveSpaceCrusade.Slave;0;0;0;0
0;Space Crusade & The Voyage Beyond;RPG / Open World;Games:S/SpaceCrusade&VoyageBeyond/SpaceCrusade.SlaveSpaceCrusade.SlaveSpaceCrusade.SlaveSpaceCrusade.Slave;0;0;0;0
0;Space Crusade & The Voyage Beyond;RPG / Open World;Games:S/SpaceCrusade&VoyageBeyond/VoyageBeyond.SlaveVoyageBeyond.SlaveVoyageBeyond.SlaveVoyageBeyond.Slave;0;0;0;0
0;Space Gun;Action / Shooter / Crosshair;Games:S/SpaceGun/SpaceGun.SlaveSpaceGun.SlaveSpaceGun.SlaveSpaceGun.Slave;0;0;0;0
0;Space Harrier;Action / Shooter / 3D;Games:S/SpaceHarrier/SpaceHarrier.SlaveSpaceHarrier.SlaveSpaceHarrier.SlaveSpaceHarrier.Slave;0;0;0;0
0;Space Harrier - Return To The Fantasy Zone;Action / Shooter / 3D;Games:S/SpaceHarrier&RetrnFntZone/SpaceHarrier.slaveSpaceHarrier.slaveSpaceHarrier.slaveSpaceHarrier.slave;0;0;0;0
0;Space Harrier (NTSC);Action / Shooter / 3D;Games:S/SpaceHarrierNTSC/SpaceHarrierNTSC.SlaveSpaceHarrierNTSC.SlaveSpaceHarrierNTSC.SlaveSpaceHarrierNTSC.Slave;0;0;0;0
0;Space Harrier 2;Action / Shooter / 3D;Games:S/SpaceHarrier2/SpaceHarrier2.SlaveSpaceHarrier2.SlaveSpaceHarrier2.SlaveSpaceHarrier2.Slave;0;0;0;0
0;Space Hulk;RPG / Dungeon Crawler;Games:S/SpaceHulk/SpaceHulk.SlaveSpaceHulk.SlaveSpaceHulk.SlaveSpaceHulk.Slave;0;0;0;0
0;Space MAX (German);Management / Space;Games:S/SpaceMAXDe/SpaceMAXDe.SlaveSpaceMAXDe.SlaveSpaceMAXDe.SlaveSpaceMAXDe.Slave;0;0;0;0
0;Space Pilot 89;Action / Shooter / Multi Way;Games:S/SpacePilot89/SpacePilot89.SlaveSpacePilot89.SlaveSpacePilot89.SlaveSpacePilot89.Slave;0;0;0;0
0;Space Quest 1 - The Sarien Encounter (Enhanced);Adventure / Point & Click;Games:S/SpaceQuestEnhanced/SpaceQuestEnhanced.slaveSpaceQuestEnhanced.slaveSpaceQuestEnhanced.slaveSpaceQuestEnhanced.slave;0;0;0;0
0;Space Quest 1 (NTSC);Adventure / Point & Click;Games:S/SpaceQuestNTSC/SpaceQuestNTSC.SlaveSpaceQuestNTSC.SlaveSpaceQuestNTSC.SlaveSpaceQuestNTSC.Slave;0;0;0;0
0;Space Quest 2 - Vohaul's Revenge;Adventure / Point & Click;Games:S/SpaceQuest2/SpaceQuest2.slaveSpaceQuest2.slaveSpaceQuest2.slaveSpaceQuest2.slave;0;0;0;0
0;Space Quest 3 - The Pirates of Pestulon;Adventure / Point & Click;Games:S/SpaceQuest3/SpaceQuest3.slaveSpaceQuest3.slaveSpaceQuest3.slaveSpaceQuest3.slave;0;0;0;0
0;Space Quest 3 - The Pirates of Pestulon (German);Adventure / Point & Click;Games:S/SpaceQuest3De/SpaceQuest3De.slaveSpaceQuest3De.slaveSpaceQuest3De.slaveSpaceQuest3De.slave;0;0;0;0
0;Space Quest 4 - Roger Wilco & The Time Rippers (German);Adventure / Point & Click;Games:S/SpaceQuest4De/SpaceQuest4De.slaveSpaceQuest4De.slaveSpaceQuest4De.slaveSpaceQuest4De.slave;0;0;0;0
0;Space Quest 4 - Roger Wilco & The Time Rippers (MT32) (Ge;Adventure / Point & Click;Games:S/SpaceQuest4DeMT32/SpaceQuest4DeMT32.slaveSpaceQuest4DeMT32.slaveSpaceQuest4DeMT32.slaveSpaceQuest4DeMT32.slave;0;0;0;0
0;Space Quest 4 - Roger Wilco & The Time Rippers (NTSC);Adventure / Point & Click;Games:S/SpaceQuest4NTSC/SpaceQuest4NTSC.slaveSpaceQuest4NTSC.slaveSpaceQuest4NTSC.slaveSpaceQuest4NTSC.slave;0;0;0;0
0;Space Quest 4 - Roger Wilco & The Time Rippers (NTSC) (MT;Adventure / Point & Click;Games:S/SpaceQuest4NTSCMT32/SpaceQuest4NTSCMT32.slaveSpaceQuest4NTSCMT32.slaveSpaceQuest4NTSCMT32.slaveSpaceQuest4NTSCMT32.slave;0;0;0;0
0;Space Racer;Racing / Futuristic;Games:S/SpaceRacer/SpaceRacer.SlaveSpaceRacer.SlaveSpaceRacer.SlaveSpaceRacer.Slave;0;0;0;0
0;Space Racer (French);Racing / Futuristic;Games:S/SpaceRacerFr/SpaceRacerFr.SlaveSpaceRacerFr.SlaveSpaceRacerFr.SlaveSpaceRacerFr.Slave;0;0;0;0
0;Space Ranger (Arcadia);Action / Shooter / Horizontal;Games:S/SpaceRangerArcadia/SpaceRangerArcadia.SlaveSpaceRangerArcadia.SlaveSpaceRangerArcadia.SlaveSpaceRangerArcadia.Slave;0;0;0;0
0;Space Rogue;Strategy / Space;Games:S/SpaceRogue/SpaceRogue.SlaveSpaceRogue.SlaveSpaceRogue.SlaveSpaceRogue.Slave;0;0;0;0
0;Space Station (Part 1);Action / Shooter / 2D;Games:S/SpaceStation/SpaceStation.SlaveSpaceStation.SlaveSpaceStation.SlaveSpaceStation.Slave;0;0;0;0
0;Spaceball;Bat & Ball / 2D;Games:S/Spaceball/Spaceball.slaveSpaceball.slaveSpaceball.slaveSpaceball.slave;0;0;0;0
0;Spacecutter (NTSC);Action / Shooter / 3D;Games:S/SpacecutterNTSC/SpacecutterNTSC.SlaveSpacecutterNTSC.SlaveSpacecutterNTSC.SlaveSpacecutterNTSC.Slave;0;0;0;0
0;Spaceport;Action / Shooter / 2D;Games:S/Spaceport/Spaceport.SlaveSpaceport.SlaveSpaceport.SlaveSpaceport.Slave;0;0;0;0
0;Spacewrecked (NTSC);RPG / Dungeon Crawler;Games:S/SpacewreckedNTSC/SpacewreckedNTSC.SlaveSpacewreckedNTSC.SlaveSpacewreckedNTSC.SlaveSpacewreckedNTSC.Slave;0;0;0;0
0;Special Forces;Strategy / Action;Games:S/SpecialForces/SpecialForces.slaveSpecialForces.slaveSpecialForces.slaveSpecialForces.slave;0;0;0;0
0;Speed Buggy (NTSC);Racing / Car / Chase View;Games:S/SpeedBuggyNTSC/SpeedBuggyNTSC.slaveSpeedBuggyNTSC.slaveSpeedBuggyNTSC.slaveSpeedBuggyNTSC.slave;0;0;0;0
0;Speedball;Sport / Futuristic;Games:S/Speedball/Speedball.slaveSpeedball.slaveSpeedball.slaveSpeedball.slave;0;0;0;0
0;Speedball (NTSC);Sport / Futuristic;Games:S/SpeedballNTSC/SpeedballNTSC.slaveSpeedballNTSC.slaveSpeedballNTSC.slaveSpeedballNTSC.slave;0;0;0;0
0;Speedball 2 - Brutal Deluxe;Sport / Futuristic;Games:S/Speedball2/Speedball2.SlaveSpeedball2.SlaveSpeedball2.SlaveSpeedball2.Slave;0;0;0;0
0;Speedball 2 - Brutal Deluxe (CD32);Sport / Futuristic;Games:S/Speedball2CD32/Speedball2CD32.slaveSpeedball2CD32.slaveSpeedball2CD32.slaveSpeedball2CD32.slave;0;0;0;0
0;Speedball 2 - Brutal Deluxe (NTSC);Sport / Futuristic;Games:S/Speedball2NTSC/Speedball2NTSC.SlaveSpeedball2NTSC.SlaveSpeedball2NTSC.SlaveSpeedball2NTSC.Slave;0;0;0;0
0;Speedboat Assassin;Action / Shooter / Vehicle;Games:S/SpeedboatAssassins/SpeedboatAssassins.SlaveSpeedboatAssassins.SlaveSpeedboatAssassins.SlaveSpeedboatAssassins.Slave;0;0;0;0
0;Spell Bound;Unknown;Games:S/SpellBound/SpellBound.SlaveSpellBound.SlaveSpellBound.SlaveSpellBound.Slave;0;0;0;0
0;Spellbound Dizzy;Platform / Action;Games:S/SpellboundDizzy/SpellboundDizzy.SlaveSpellboundDizzy.SlaveSpellboundDizzy.SlaveSpellboundDizzy.Slave;0;0;0;0
0;Spellfire the Sorceror;Platform / Action;Games:S/SpellfireTheSorcerer/SpellfireTheSorcerer.slaveSpellfireTheSorcerer.slaveSpellfireTheSorcerer.slaveSpellfireTheSorcerer.slave;0;0;0;0
0;Speris Legacy, The (AGA);RPG / Open World;Games:S/SperisLegacyAGA/SperisLegacyAGA.SlaveSperisLegacyAGA.SlaveSperisLegacyAGA.SlaveSperisLegacyAGA.Slave;0;0;0;0
0;Speris Legacy, The (CD32);RPG / Open World;Games:S/SperisLegacyCD32/SperisLegacyCD32.SlaveSperisLegacyCD32.SlaveSperisLegacyCD32.SlaveSperisLegacyCD32.Slave;0;0;0;0
0;Spherical;Puzzle / 2D;Games:S/Spherical/Spherical.SlaveSpherical.SlaveSpherical.SlaveSpherical.Slave;0;0;0;0
0;Spherical Worlds;Action / Shooter / Multi Way;Games:S/SphericalWorlds/SphericalWorlds.SlaveSphericalWorlds.SlaveSphericalWorlds.SlaveSphericalWorlds.Slave;0;0;0;0
0;Spherical Worlds (CD-ROM);Action / Shooter / Multi Way;Games:S/SphericalWorldsCD/SphericalWorldsCD.SlaveSphericalWorldsCD.SlaveSphericalWorldsCD.SlaveSphericalWorldsCD.Slave;0;0;0;0
0;Spiderman 1 - L'Uomo Ragno - Il Ritorno Di Hobgoblin;Adventure / Action;Games:S/Spiderman/Spiderman.SlaveSpiderman.SlaveSpiderman.SlaveSpiderman.Slave;0;0;0;0
0;Spiderman 2 - L'Uomo Ragno - E Ora, Carnage!;Adventure / Action;Games:S/Spiderman2/Spiderman2.SlaveSpiderman2.SlaveSpiderman2.SlaveSpiderman2.Slave;0;0;0;0
0;Spiderman 3 - L'Uomo Ragno - Destino Incrociato!;Adventure / Action;Games:S/Spiderman3/Spiderman3.SlaveSpiderman3.SlaveSpiderman3.SlaveSpiderman3.Slave;0;0;0;0
0;Spidertronic;Puzzle / Isometric;Games:S/Spidertronic/Spidertronic.SlaveSpidertronic.SlaveSpidertronic.SlaveSpidertronic.Slave;0;0;0;0
0;Spike in Transylvania;Platform / Action;Games:S/SpikeInTransylvania/SpikeInTransylvania.SlaveSpikeInTransylvania.SlaveSpikeInTransylvania.SlaveSpikeInTransylvania.Slave;0;0;0;0
0;Spindizzy Worlds;Puzzle / Isometric;Games:S/SpindizzyWorlds/SpindizzyWorlds.slaveSpindizzyWorlds.slaveSpindizzyWorlds.slaveSpindizzyWorlds.slave;0;0;0;0
0;Spirilon (AGA);Action / Shooter / Horizontal;Games:S/SpirilonAGA/SpirilonAGA.SlaveSpirilonAGA.SlaveSpirilonAGA.SlaveSpirilonAGA.Slave;0;0;0;0
0;Spirit Of Adventure (One Disk) (German);RPG / Dungeon Crawler;Games:S/SpiritOfAdventureDe1Disk/SpiritOfAdventureDe1Disk.slaveSpiritOfAdventureDe1Disk.slaveSpiritOfAdventureDe1Disk.slaveSpiritOfAdventureDe1Disk.slave;0;0;0;0
0;Spirit Of Adventure (Three Disk) (German);RPG / Dungeon Crawler;Games:S/SpiritOfAdventureDe3Disk/SpiritOfAdventureDe3Disk.slaveSpiritOfAdventureDe3Disk.slaveSpiritOfAdventureDe3Disk.slaveSpiritOfAdventureDe3Disk.slave;0;0;0;0
0;Spirit of Excalibur;Adventure / Action;Games:S/SpiritOfExcalibur/SpiritOfExcalibur.slaveSpiritOfExcalibur.slaveSpiritOfExcalibur.slaveSpiritOfExcalibur.slave;0;0;0;0
0;Spirit of Excalibur (NTSC);Adventure / Action;Games:S/SpiritOfExcaliburNTSC/SpiritOfExcaliburNTSC.slaveSpiritOfExcaliburNTSC.slaveSpiritOfExcaliburNTSC.slaveSpiritOfExcaliburNTSC.slave;0;0;0;0
0;Spitting Image - The Computer Game;Beat 'Em Up;Games:S/SpittingImage/SpittingImage.slaveSpittingImage.slaveSpittingImage.slaveSpittingImage.slave;0;0;0;0
0;SportTime Table Hockey (Arcadia);Sport / Bar / Saloon / Pub;Games:T/TableHockeyArcadia/TableHockeyArcadia.SlaveTableHockeyArcadia.SlaveTableHockeyArcadia.SlaveTableHockeyArcadia.Slave;0;0;0;0
0;SportTime Ten Pin Bowling (Arcadia);Sport / Bowling;Games:T/TenPinBowlingArcadia/TenPinBowlingArcadia.SlaveTenPinBowlingArcadia.SlaveTenPinBowlingArcadia.SlaveTenPinBowlingArcadia.Slave;0;0;0;0
0;Spot;Puzzle / 2D;Games:S/Spot/Spot.SlaveSpot.SlaveSpot.SlaveSpot.Slave;0;0;0;0
0;Spot (Arcadia);Puzzle / 2D;Games:S/SpotArcadia/SpotArcadia.SlaveSpotArcadia.SlaveSpotArcadia.SlaveSpotArcadia.Slave;0;0;0;0
0;Spy Vs Spy;Action / Duel / Versus;Games:S/SpyVsSpy/SpyVsSpy.SlaveSpyVsSpy.SlaveSpyVsSpy.SlaveSpyVsSpy.Slave;0;0;0;0
0;Spy Vs Spy 2 - The Island Caper;Action / Duel / Versus;Games:S/SpyVsSpy2TheIslandCaper/SpyVsSpy2TheIslandCaper.SlaveSpyVsSpy2TheIslandCaper.SlaveSpyVsSpy2TheIslandCaper.SlaveSpyVsSpy2TheIslandCaper.Slave;0;0;0;0
0;Spy Vs Spy 3 - Arctic Antics;Action / Duel / Versus;Games:S/SpyVsSpy3ArcticAntics/SpyVsSpy3ArcticAntics.SlaveSpyVsSpy3ArcticAntics.SlaveSpyVsSpy3ArcticAntics.SlaveSpyVsSpy3ArcticAntics.Slave;0;0;0;0
0;Spy Who Loved Me, The;Action / Multi Level;Games:S/SpyWhoLovedMe/SpyWhoLovedMe.SlaveSpyWhoLovedMe.SlaveSpyWhoLovedMe.SlaveSpyWhoLovedMe.Slave;0;0;0;0
0;Sqrxz (PD);Platform / Action;Games:S/Sqrxz/Sqrxz.SlaveSqrxz.SlaveSqrxz.SlaveSqrxz.Slave;0;0;0;0
0;Stack Up;Reaction / Tetris;Games:S/StackUp/StackUp.SlaveStackUp.SlaveStackUp.SlaveStackUp.Slave;0;0;0;0
0;Star Command;Strategy / Space;Games:S/StarCommand/StarCommand.SlaveStarCommand.SlaveStarCommand.SlaveStarCommand.Slave;0;0;0;0
0;Star Control;Strategy / Space;Games:S/StarControl/StarControl.SlaveStarControl.SlaveStarControl.SlaveStarControl.Slave;0;0;0;0
0;Star Crusader (AGA);Action / Shooter / 3D;Games:S/StarCrusaderAGA/StarCrusaderAGA.SlaveStarCrusaderAGA.SlaveStarCrusaderAGA.SlaveStarCrusaderAGA.Slave;0;0;0;0
0;Star Goose!;Action / Shooter / Vertical;Games:S/StarGoose/StarGoose.SlaveStarGoose.SlaveStarGoose.SlaveStarGoose.Slave;0;0;0;0
0;Star Trek - 25th Anniversary (AGA);Adventure / Point & Click;Games:S/StarTrek25thAnnivAGA/StarTrek25thAnnivAGA.SlaveStarTrek25thAnnivAGA.SlaveStarTrek25thAnnivAGA.SlaveStarTrek25thAnnivAGA.Slave;0;0;0;0
0;Star Trek - 25th Anniversary (AGA) (French);Adventure / Point & Click;Games:S/StarTrek25thAnnivAGAFr/StarTrek25thAnnivAGAFr.SlaveStarTrek25thAnnivAGAFr.SlaveStarTrek25thAnnivAGAFr.SlaveStarTrek25thAnnivAGAFr.Slave;0;0;0;0
0;Star Trek - 25th Anniversary (AGA) (German);Adventure / Point & Click;Games:S/StarTrek25thAnnivAGADe/StarTrek25thAnnivAGADe.SlaveStarTrek25thAnnivAGADe.SlaveStarTrek25thAnnivAGADe.SlaveStarTrek25thAnnivAGADe.Slave;0;0;0;0
0;Star Wars;Action / Shooter / 3D;Games:S/StarWars/StarWars.SlaveStarWars.SlaveStarWars.SlaveStarWars.Slave;0;0;0;0
0;Star Wars - Return Of The Jedi;Action / Shooter / Isometric;Games:R/ReturnOfTheJedi/ReturnOfTheJedi.slaveReturnOfTheJedi.slaveReturnOfTheJedi.slaveReturnOfTheJedi.slave;0;0;0;0
0;Star Wars - The Empire Strikes Back;Action / Shooter / 3D;Games:E/EmpireStrikesBack/EmpireStrikesBack.SlaveEmpireStrikesBack.SlaveEmpireStrikesBack.SlaveEmpireStrikesBack.Slave;0;0;0;0
0;Starball;Bat & Ball / 2D;Games:S/Starball/Starball.slaveStarball.slaveStarball.slaveStarball.slave;0;0;0;0
0;Starbirds (PD);Action / Shooter / Horizontal;Games:S/Starbirds/Starbirds.SlaveStarbirds.SlaveStarbirds.SlaveStarbirds.Slave;0;0;0;0
0;Starblade;Adventure / Action;Games:S/Starblade/Starblade.SlaveStarblade.SlaveStarblade.SlaveStarblade.Slave;0;0;0;0
0;Starblade (Fast Mem);Adventure / Action;Games:S/StarbladeFast/StarbladeFast.slaveStarbladeFast.slaveStarbladeFast.slaveStarbladeFast.slave;0;0;0;0
0;Starblade (Fast Mem) (French);Adventure / Action;Games:S/StarbladeFastFr/StarbladeFastFr.slaveStarbladeFastFr.slaveStarbladeFastFr.slaveStarbladeFastFr.slave;0;0;0;0
0;Starblade (French);Adventure / Action;Games:S/StarbladeFr/StarbladeFr.SlaveStarbladeFr.SlaveStarbladeFr.SlaveStarbladeFr.Slave;0;0;0;0
0;Starblaze;Action / Shooter / 3D;Games:S/Starblaze/Starblaze.slaveStarblaze.slaveStarblaze.slaveStarblaze.slave;0;0;0;0
0;Stardust;Action / Shooter / Multi Way;Games:S/Stardust/Stardust.slaveStardust.slaveStardust.slaveStardust.slave;0;0;0;0
0;Starflight;Strategy / Space;Games:S/Starflight/Starflight.SlaveStarflight.SlaveStarflight.SlaveStarflight.Slave;0;0;0;0
0;Starglider;Action / Shooter / 3D;Games:S/Starglider/Starglider.SlaveStarglider.SlaveStarglider.SlaveStarglider.Slave;0;0;0;0
0;Starglider 2;Action / Shooter / 3D;Games:S/Starglider2/Starglider2.SlaveStarglider2.SlaveStarglider2.SlaveStarglider2.Slave;0;0;0;0
0;Starians (Coverdisk);Platform / Action;Games:S/Starians/Starians.slaveStarians.slaveStarians.slaveStarians.slave;0;0;0;0
0;Starlord;Strategy / Space;Games:S/Starlord/Starlord.SlaveStarlord.SlaveStarlord.SlaveStarlord.Slave;0;0;0;0
0;Starlord (French);Strategy / Space;Games:S/StarlordFr/StarlordFr.SlaveStarlordFr.SlaveStarlordFr.SlaveStarlordFr.Slave;0;0;0;0
0;Starlord (German);Strategy / Space;Games:S/StarlordDe/StarlordDe.SlaveStarlordDe.SlaveStarlordDe.SlaveStarlordDe.Slave;0;0;0;0
0;StarQuake;Action / Shooter / 2D;Games:S/Starquake/Starquake.slaveStarquake.slaveStarquake.slaveStarquake.slave;0;0;0;0
0;StarRay;Action / Shooter / Horizontal;Games:S/StarRay/StarRay.slaveStarRay.slaveStarRay.slaveStarRay.slave;0;0;0;0
0;StarRay (No Intro);Action / Shooter / Horizontal;Games:S/StarRayNoIntro/StarRayNoIntro.slaveStarRayNoIntro.slaveStarRayNoIntro.slaveStarRayNoIntro.slave;0;0;0;0
0;StarTrash;Puzzle / Isometric;Games:S/StarTrash/StarTrash.slaveStarTrash.slaveStarTrash.slaveStarTrash.slave;0;0;0;0
0;Starush (Files);Action / Shooter / Horizontal;Games:S/StarushFiles/StarushFiles.SlaveStarushFiles.SlaveStarushFiles.SlaveStarushFiles.Slave;0;0;0;0
0;Starush (Image);Action / Shooter / Horizontal;Games:S/StarushImage/StarushImage.SlaveStarushImage.SlaveStarushImage.SlaveStarushImage.Slave;0;0;0;0
0;Steel;Action / Shooter / 2D;Games:S/Steel/Steel.SlaveSteel.SlaveSteel.SlaveSteel.Slave;0;0;0;0
0;Steel Empire;Strategy / Action;Games:S/SteelEmpire/SteelEmpire.SlaveSteelEmpire.SlaveSteelEmpire.SlaveSteelEmpire.Slave;0;0;0;0
0;Steg the Slug;Platform / Action;Games:S/StegTheSlug/StegTheSlug.slaveStegTheSlug.slaveStegTheSlug.slaveStegTheSlug.slave;0;0;0;0
0;Steigar;Action / Shooter / Horizontal;Games:S/Steigar/Steigar.SlaveSteigar.SlaveSteigar.SlaveSteigar.Slave;0;0;0;0
0;Stellar 7 (German);Action / Shooter / 3D;Games:S/Stellar7De/Stellar7De.SlaveStellar7De.SlaveStellar7De.SlaveStellar7De.Slave;0;0;0;0
0;Stellar 7 (NTSC);Action / Shooter / 3D;Games:S/Stellar7NTSC/Stellar7NTSC.SlaveStellar7NTSC.SlaveStellar7NTSC.SlaveStellar7NTSC.Slave;0;0;0;0
0;Stone Age;Puzzle / 2D;Games:S/StoneAge/StoneAge.slaveStoneAge.slaveStoneAge.slaveStoneAge.slave;0;0;0;0
0;Storia Ancestrale - Chapter 4;Adventure / Action;Games:S/StoriaAncestrale/StoriaAncestrale.SlaveStoriaAncestrale.SlaveStoriaAncestrale.SlaveStoriaAncestrale.Slave;0;0;0;0
0;Storm Master;Strategy / Action;Games:S/StormMaster/StormMaster.SlaveStormMaster.SlaveStormMaster.SlaveStormMaster.Slave;0;0;0;0
0;Storm Master (Fast Mem);Strategy / Action;Games:S/StormMasterFast/StormMasterFast.SlaveStormMasterFast.SlaveStormMasterFast.SlaveStormMasterFast.Slave;0;0;0;0
0;Storm Master (Fast Mem) (French);Strategy / Action;Games:S/StormMasterFastFr/StormMasterFastFr.SlaveStormMasterFastFr.SlaveStormMasterFastFr.SlaveStormMasterFastFr.Slave;0;0;0;0
0;Storm Master (Fast Mem) (German);Strategy / Action;Games:S/StormMasterFastDe/StormMasterFastDe.slaveStormMasterFastDe.slaveStormMasterFastDe.slaveStormMasterFastDe.slave;0;0;0;0
0;Storm Master (French);Strategy / Action;Games:S/StormMasterFr/StormMasterFr.SlaveStormMasterFr.SlaveStormMasterFr.SlaveStormMasterFr.Slave;0;0;0;0
0;Storm Master (German);Strategy / Action;Games:S/StormMasterDe/StormMasterDe.SlaveStormMasterDe.SlaveStormMasterDe.SlaveStormMasterDe.Slave;0;0;0;0
0;Stormball;Sport / Futuristic;Games:S/Stormball/Stormball.SlaveStormball.SlaveStormball.SlaveStormball.Slave;0;0;0;0
0;Stormlord;Action / Shooter / 2D;Games:S/Stormlord/Stormlord.SlaveStormlord.SlaveStormlord.SlaveStormlord.Slave;0;0;0;0
0;Stormlord (NTSC);Action / Shooter / 2D;Games:S/StormlordNTSC/StormlordNTSC.SlaveStormlordNTSC.SlaveStormlordNTSC.SlaveStormlordNTSC.Slave;0;0;0;0
0;Stormlord (Pre Release);Action / Shooter / 2D;Games:S/StormlordPrerelease/StormlordPrerelease.SlaveStormlordPrerelease.SlaveStormlordPrerelease.SlaveStormlordPrerelease.Slave;0;0;0;0
0;Stratego;Strategy / Battle / 2D;Games:S/Stratego/Stratego.SlaveStratego.SlaveStratego.SlaveStratego.Slave;0;0;0;0
0;Street Fighter;Beat 'Em Up;Games:S/StreetFighter/StreetFighter.slaveStreetFighter.slaveStreetFighter.slaveStreetFighter.slave;0;0;0;0
0;Street Fighter 2 - The World Warrior;Beat 'Em Up;Games:S/StreetFighter2/StreetFighter2.slaveStreetFighter2.slaveStreetFighter2.slaveStreetFighter2.slave;0;0;0;0
0;Street Gang;Action / Fighter 2D;Games:S/StreetGang/StreetGang.slaveStreetGang.slaveStreetGang.slaveStreetGang.slave;0;0;0;0
0;Street Hockey;Sport / Other;Games:S/StreetHockey/StreetHockey.SlaveStreetHockey.SlaveStreetHockey.SlaveStreetHockey.Slave;0;0;0;0
0;Street Racer (CD-ROM) (AGA);Racing / Car / Chase View;Games:S/StreetRacerAGACD/StreetRacerAGACD.slaveStreetRacerAGACD.slaveStreetRacerAGACD.slaveStreetRacerAGACD.slave;0;0;0;0
0;Street Rod;Racing / Car / Driver View;Games:S/StreetRod/StreetRod.slaveStreetRod.slaveStreetRod.slaveStreetRod.slave;0;0;0;0
0;Street Rod 2;Racing / Car / Driver View;Games:S/StreetRod2/StreetRod2.slaveStreetRod2.slaveStreetRod2.slaveStreetRod2.slave;0;0;0;0
0;Street Sports Basketball (NTSC);Sport / Basketball;Games:S/StreetSportsBBNTSC/StreetSportsBBNTSC.SlaveStreetSportsBBNTSC.SlaveStreetSportsBBNTSC.SlaveStreetSportsBBNTSC.Slave;0;0;0;0
0;Strider;Action / Fighter 2D;Games:S/Strider/Strider.SlaveStrider.SlaveStrider.SlaveStrider.Slave;0;0;0;0
0;Strider 2;Action / Fighter 2D;Games:S/Strider2/Strider2.SlaveStrider2.SlaveStrider2.SlaveStrider2.Slave;0;0;0;0
0;Strike Aces (NTSC);Simulator / Plane / Combat;Games:S/StrikeAcesNTSC/StrikeAcesNTSC.SlaveStrikeAcesNTSC.SlaveStrikeAcesNTSC.SlaveStrikeAcesNTSC.Slave;0;0;0;0
0;Strike Fleet;Strategy / Action;Games:S/Strikefleet/Strikefleet.slaveStrikefleet.slaveStrikefleet.slaveStrikefleet.slave;0;0;0;0
0;Strike Force Harrier;Simulator / Plane / Combat;Games:S/StrikeForceHarrier/StrikeForceHarrier.SlaveStrikeForceHarrier.SlaveStrikeForceHarrier.SlaveStrikeForceHarrier.Slave;0;0;0;0
0;Striker;Sport / Football / Soccer;Games:S/Striker/Striker.slaveStriker.slaveStriker.slaveStriker.slave;0;0;0;0
0;Strip Poker;Tabletop / Cards / Adult;Games:S/StripPoker/StripPoker.slaveStripPoker.slaveStripPoker.slaveStripPoker.slave;0;0;0;0
0;Strip Poker 2;Tabletop / Cards / Adult;Games:S/StripPoker2/StripPoker2.slaveStripPoker2.slaveStripPoker2.slaveStripPoker2.slave;0;0;0;0
0;Strip Poker 2+;Tabletop / Cards / Adult;Games:S/StripPoker2+/StripPoker2+.SlaveStripPoker2+.SlaveStripPoker2+.SlaveStripPoker2+.Slave;0;0;0;0
0;Strip Poker 2+ & Data Disk;Tabletop / Cards / Adult;Games:S/StripPoker2+&DataDisk1/StripPoker2+&DataDisk1.SlaveStripPoker2+&DataDisk1.SlaveStripPoker2+&DataDisk1.SlaveStripPoker2+&DataDisk1.Slave;0;0;0;0
0;Strip Pot (AGA);Gambling / Adult;Games:S/StripPotAGA/StripPotAGA.SlaveStripPotAGA.SlaveStripPotAGA.SlaveStripPotAGA.Slave;0;0;0;0
0;Strip Pot (CD32);Gambling / Adult;Games:S/StripPotCD32/StripPotCD32.SlaveStripPotCD32.SlaveStripPotCD32.SlaveStripPotCD32.Slave;0;0;0;0
0;Stryx;Platform / Action;Games:S/Stryx/Stryx.SlaveStryx.SlaveStryx.SlaveStryx.Slave;0;0;0;0
0;Stunt Car Racer;Racing / Car / Driver View;Games:S/StuntCarRacer/StuntCarRacer.SlaveStuntCarRacer.SlaveStuntCarRacer.SlaveStuntCarRacer.Slave;0;0;0;0
0;Stunt Car Racer TNT;Racing / Car / Driver View;Games:S/StuntCarRacerTNT/StuntCarRacerTNT.SlaveStuntCarRacerTNT.SlaveStuntCarRacerTNT.SlaveStuntCarRacerTNT.Slave;0;0;0;0
0;Stunt Track Racer (NTSC);Racing / Car / Driver View;Games:S/StuntTrackRacerNTSC/StuntTrackRacerNTSC.SlaveStuntTrackRacerNTSC.SlaveStuntTrackRacerNTSC.SlaveStuntTrackRacerNTSC.Slave;0;0;0;0
0;Sub Battle Simulator (NTSC);Simulator / Submarine;Games:S/SubBattleSimulatorNTSC/SubBattleSimulatorNTSC.SlaveSubBattleSimulatorNTSC.SlaveSubBattleSimulatorNTSC.SlaveSubBattleSimulatorNTSC.Slave;0;0;0;0
0;Subbuteo - The Computer Game;Tabletop / Board Game;Games:S/Subbuteo/Subbuteo.SlaveSubbuteo.SlaveSubbuteo.SlaveSubbuteo.Slave;0;0;0;0
0;Subtrade Return To Irata;Strategy / Space;Games:S/Subtrade/Subtrade.slaveSubtrade.slaveSubtrade.slaveSubtrade.slave;0;0;0;0
0;Suburban Commando;Action / Multi Level;Games:S/SuburbanCommando/SuburbanCommando.SlaveSuburbanCommando.SlaveSuburbanCommando.SlaveSuburbanCommando.Slave;0;0;0;0
0;Subwar 2050 (AGA);Action / Shooter / 3D;Games:S/Subwar2050AGA/Subwar2050AGA.slaveSubwar2050AGA.slaveSubwar2050AGA.slaveSubwar2050AGA.slave;0;0;0;0
0;Subwar 2050 (CD32);Action / Shooter / 3D;Games:S/Subwar2050CD32/Subwar2050CD32.slaveSubwar2050CD32.slaveSubwar2050CD32.slaveSubwar2050CD32.slave;0;0;0;0
0;Summer Camp;Platform / Action;Games:S/SummerCamp/SummerCamp.SlaveSummerCamp.SlaveSummerCamp.SlaveSummerCamp.Slave;0;0;0;0
0;Summer Challenge;Sport / Multi;Games:S/SummerChallenge/SummerChallenge.SlaveSummerChallenge.SlaveSummerChallenge.SlaveSummerChallenge.Slave;0;0;0;0
0;Summer Games;Sport / Multi;Games:S/SummerGames/SummerGames.slaveSummerGames.slaveSummerGames.slaveSummerGames.slave;0;0;0;0
0;Summer Games 1 & 2;Sport / Multi;Games:S/SummerGames&SummerGames2/SummerGames&SummerGames2.slaveSummerGames&SummerGames2.slaveSummerGames&SummerGames2.slaveSummerGames&SummerGames2.slave;0;0;0;0
0;Summer Games 2;Sport / Multi;Games:S/SummerGames2/SummerGames2.slaveSummerGames2.slaveSummerGames2.slaveSummerGames2.slave;0;0;0;0
0;Summer Olympiad;Sport / Multi;Games:S/SummerOlympiad/SummerOlympiad.SlaveSummerOlympiad.SlaveSummerOlympiad.SlaveSummerOlympiad.Slave;0;0;0;0
0;Supaplex;Maze / Digger;Games:S/Supaplex/Supaplex.SlaveSupaplex.SlaveSupaplex.SlaveSupaplex.Slave;0;0;0;0
0;Super C;Action / Fighter 2.5D;Games:S/SuperC/SuperC.SlaveSuperC.SlaveSuperC.SlaveSuperC.Slave;0;0;0;0
0;Super C (Fast Mem);Action / Fighter 2.5D;Games:S/SuperCFast/SuperCFast.SlaveSuperCFast.SlaveSuperCFast.SlaveSuperCFast.Slave;0;0;0;0
0;Super Cars (One Disk);Racing / Car / Top Down;Games:S/SuperCars1Disk/SuperCars1Disk.SlaveSuperCars1Disk.SlaveSuperCars1Disk.SlaveSuperCars1Disk.Slave;0;0;0;0
0;Super Cars (Two Disk);Racing / Car / Top Down;Games:S/SuperCars2Disk/SuperCars2Disk.SlaveSuperCars2Disk.SlaveSuperCars2Disk.SlaveSuperCars2Disk.Slave;0;0;0;0
0;Super Cars 2;Racing / Car / Top Down;Games:S/SuperCars2/SuperCars2.slaveSuperCars2.slaveSuperCars2.slaveSuperCars2.slave;0;0;0;0
0;Super Cauldron;Platform / Action;Games:S/SuperCauldron/SuperCauldron.SlaveSuperCauldron.SlaveSuperCauldron.SlaveSuperCauldron.Slave;0;0;0;0
0;Super Gem Z;Puzzle / 2D;Games:S/SuperGemZ/SuperGemZ.slaveSuperGemZ.slaveSuperGemZ.slaveSuperGemZ.slave;0;0;0;0
0;Super Grand Prix;Racing / Car / Top Down;Games:S/SuperGrandPrix/SuperGrandPrix.SlaveSuperGrandPrix.SlaveSuperGrandPrix.SlaveSuperGrandPrix.Slave;0;0;0;0
0;Super Grid Runner;Action / Shooter / 2D;Games:S/SuperGridRunner/SuperGridRunner.SlaveSuperGridRunner.SlaveSuperGridRunner.SlaveSuperGridRunner.Slave;0;0;0;0
0;Super Hang On;Racing / Bike / Chase View;Games:S/SuperHangOn/SuperHangOn.slaveSuperHangOn.slaveSuperHangOn.slaveSuperHangOn.slave;0;0;0;0
0;Super Loopz (AGA);Puzzle / 2D;Games:S/SuperLoopzAGA/SuperLoopzAGA.SlaveSuperLoopzAGA.SlaveSuperLoopzAGA.SlaveSuperLoopzAGA.Slave;0;0;0;0
0;Super Methane Bros;Platform / Puzzle;Games:S/SuperMethaneBros/SuperMethaneBros.slaveSuperMethaneBros.slaveSuperMethaneBros.slaveSuperMethaneBros.slave;0;0;0;0
0;Super Methane Bros (CD32);Platform / Puzzle;Games:S/SuperMethaneBrosCD32/SuperMethaneBrosCD32.slaveSuperMethaneBrosCD32.slaveSuperMethaneBrosCD32.slaveSuperMethaneBrosCD32.slave;0;0;0;0
0;Super Monaco GP;Racing / Car / Driver View;Games:S/SuperMonacoGP/SuperMonacoGP.slaveSuperMonacoGP.slaveSuperMonacoGP.slaveSuperMonacoGP.slave;0;0;0;0
0;Super Obliteration (PD);Action / Shooter / 2D;Games:S/SuperObliteration/SuperObliteration.SlaveSuperObliteration.SlaveSuperObliteration.SlaveSuperObliteration.Slave;0;0;0;0
0;Super OsWALD (Danish);Puzzle / 2D;Games:S/SuperOsWALDDk/SuperOsWALDDk.SlaveSuperOsWALDDk.SlaveSuperOsWALDDk.SlaveSuperOsWALDDk.Slave;0;0;0;0
0;Super Putty (CD32);Platform / Action;Games:S/SuperPuttyCD32/SuperPuttyCD32.SlaveSuperPuttyCD32.SlaveSuperPuttyCD32.SlaveSuperPuttyCD32.Slave;0;0;0;0
0;Super Scramble Simulator;Racing / Bike / Side View;Games:S/SuperScrambleSimulator/SuperScrambleSimulator.slaveSuperScrambleSimulator.slaveSuperScrambleSimulator.slaveSuperScrambleSimulator.slave;0;0;0;0
0;Super Seymour Saves The Planet;Platform / Action;Games:S/SuperSeymourSavesPlanet/SuperSeymourSavesPlanet.slaveSuperSeymourSavesPlanet.slaveSuperSeymourSavesPlanet.slaveSuperSeymourSavesPlanet.slave;0;0;0;0
0;Super Silly Skid Marks (CD-ROM);Racing / Car / Isometric;Games:S/SuperSillySkidmarksCD/SuperSillySkidmarksCD.slaveSuperSillySkidmarksCD.slaveSuperSillySkidmarksCD.slaveSuperSillySkidmarksCD.slave;0;0;0;0
0;Super Silly Skid Marks (CD-ROM) (Low Mem);Racing / Car / Isometric;Games:S/SuperSillySkidmarksLMCD/SuperSillySkidmarksLMCD.slaveSuperSillySkidmarksLMCD.slaveSuperSillySkidmarksLMCD.slaveSuperSillySkidmarksLMCD.slave;0;0;0;0
0;Super Ski (French);Sport / Winter;Games:S/SuperSkiFr/SuperSkiFr.SlaveSuperSkiFr.SlaveSuperSkiFr.SlaveSuperSkiFr.Slave;0;0;0;0
0;Super Ski II;Sport / Winter;Games:S/SuperSki2/SuperSki2.slaveSuperSki2.slaveSuperSki2.slaveSuperSki2.slave;0;0;0;0
0;Super Skid Marks;Racing / Car / Isometric;Games:S/SuperSkidmarks/SuperSkidmarks.slaveSuperSkidmarks.slaveSuperSkidmarks.slaveSuperSkidmarks.slave;0;0;0;0
0;Super Skid Marks (CD-ROM);Racing / Car / Isometric;Games:S/SuperSkidmarksCD/SuperSkidmarksCD.slaveSuperSkidmarksCD.slaveSuperSkidmarksCD.slaveSuperSkidmarksCD.slave;0;0;0;0
0;Super Skid Marks (CD-ROM) (Low Mem);Racing / Car / Isometric;Games:S/SuperSkidmarksLMCD/SuperSkidmarksLMCD.slaveSuperSkidmarksLMCD.slaveSuperSkidmarksLMCD.slaveSuperSkidmarksLMCD.slave;0;0;0;0
0;Super Skid Marks (Farm Yard Ed.) (CD-ROM);Racing / Car / Isometric;Games:S/SuperSkidmarksFYEdCD//Games:S/SuperSkidmarksFYEdCD//Games:S/SuperSkidmarksFYEdCD//Games:S/SuperSkidmarksFYEdCD//;0;0;0;0
0;Super Skid Marks (Farm Yard Ed.) (CD-ROM);Racing / Car / Isometric;Games:S/SuperSkidmarksFYEdCD/SuperSkidmarksFYEdCD.slaveSuperSkidmarksFYEdCD.slaveSuperSkidmarksFYEdCD.slaveSuperSkidmarksFYEdCD.slave;0;0;0;0
0;Super Skid Marks (Farm Yard Ed.) (CD-ROM) (Low Mem);Racing / Car / Isometric;Games:S/SuperSkidmarksFYEdLMCD/SuperSkidmarksFYEdLMCD.slaveSuperSkidmarksFYEdLMCD.slaveSuperSkidmarksFYEdLMCD.slaveSuperSkidmarksFYEdLMCD.slave;0;0;0;0
0;Super Skid Marks (Low Mem);Racing / Car / Isometric;Games:S/SuperSkidmarksLowMem/SuperSkidmarksLowMem.slaveSuperSkidmarksLowMem.slaveSuperSkidmarksLowMem.slaveSuperSkidmarksLowMem.slave;0;0;0;0
0;Super Skid Marks+ (CD-ROM);Racing / Car / Isometric;Games:S/SuperSkidmarks+CD/SuperSkidmarks+CD.slaveSuperSkidmarks+CD.slaveSuperSkidmarks+CD.slaveSuperSkidmarks+CD.slave;0;0;0;0
0;Super Skid Marks+ (CD-ROM) (Low Mem);Racing / Car / Isometric;Games:S/SuperSkidmarks+LMCD/SuperSkidmarks+LMCD.slaveSuperSkidmarks+LMCD.slaveSuperSkidmarks+LMCD.slaveSuperSkidmarks+LMCD.slave;0;0;0;0
0;Super SkidMarks (CD32);Racing / Car / Isometric;Games:S/SuperSkidmarksCD32/SuperSkidmarksCD32.slaveSuperSkidmarksCD32.slaveSuperSkidmarksCD32.slaveSuperSkidmarksCD32.slave;0;0;0;0
0;Super SkidMarks (CD32) (Low Mem);Racing / Car / Isometric;Games:S/SuperSkidmarksLowMemCD32/SuperSkidmarksLowMemCD32.slaveSuperSkidmarksLowMemCD32.slaveSuperSkidmarksLowMemCD32.slaveSuperSkidmarksLowMemCD32.slave;0;0;0;0
0;Super Skweek (1MB);Puzzle / 2D;Games:S/SuperSkweek1MB/SuperSkweek1MB.SlaveSuperSkweek1MB.SlaveSuperSkweek1MB.SlaveSuperSkweek1MB.Slave;0;0;0;0
0;Super Skweek (512KB);Puzzle / 2D;Games:S/SuperSkweek512KB/SuperSkweek512KB.SlaveSuperSkweek512KB.SlaveSuperSkweek512KB.SlaveSuperSkweek512KB.Slave;0;0;0;0
0;Super Space Invaders;Action / Shooter / 2D;Games:S/SuperSpaceInvaders/SuperSpaceInvaders.slaveSuperSpaceInvaders.slaveSuperSpaceInvaders.slaveSuperSpaceInvaders.slave;0;0;0;0
0;Super Space Invaders (NTSC);Action / Shooter / 2D;Games:S/SuperSpaceInvadersNTSC/SuperSpaceInvadersNTSC.slaveSuperSpaceInvadersNTSC.slaveSuperSpaceInvadersNTSC.slaveSuperSpaceInvadersNTSC.slave;0;0;0;0
0;Super Stardust (AGA);Action / Shooter / 2D;Games:S/SuperStardustAGA/SuperStardustAGA.slaveSuperStardustAGA.slaveSuperStardustAGA.slaveSuperStardustAGA.slave;0;0;0;0
0;Super Street Fighter II - The New Challengers;Beat 'Em Up;Games:S/SuperStreetFighter2/SuperStreetFighter2.SlaveSuperStreetFighter2.SlaveSuperStreetFighter2.SlaveSuperStreetFighter2.Slave;0;0;0;0
0;Super Street Fighter II - The New Challengers (AGA);Beat 'Em Up;Games:S/SuperStreetFighter2AGA/SuperStreetFighter2AGA.SlaveSuperStreetFighter2AGA.SlaveSuperStreetFighter2AGA.SlaveSuperStreetFighter2AGA.Slave;0;0;0;0
0;Super Street Fighter II - The New Challengers Deluxe (AGA;Beat 'Em Up;Games:S/SuperStreetFighter2DXAGA/SuperStreetFighter2DXAGA.SlaveSuperStreetFighter2DXAGA.SlaveSuperStreetFighter2DXAGA.SlaveSuperStreetFighter2DXAGA.Slave;0;0;0;0
0;Super Street Fighter II Turbo (Intro) (AGA);Misc / Intro Disk;Games:S/SuprStrtFtr2TrboAGA/SuprStrtFtr2TrboAGA.slaveSuprStrtFtr2TrboAGA.slaveSuprStrtFtr2TrboAGA.slaveSuprStrtFtr2TrboAGA.slave;0;0;0;0
0;Super Street Fighter II Turbo (Intro) (AGA);Misc / Intro Disk;Games:S/SuprStrtFtr2TrboAGA/SuprStrtFtr2TrboIntroAGA.slaveSuprStrtFtr2TrboIntroAGA.slaveSuprStrtFtr2TrboIntroAGA.slaveSuprStrtFtr2TrboIntroAGA.slave;0;0;0;0
0;Super Street Fighter II Turbo (Intro) (CD32);Misc / Intro Disk;Games:S/SuprStrtFtr2TrboCD32/SuprStrtFtr2TrboIntroCD32.slaveSuprStrtFtr2TrboIntroCD32.slaveSuprStrtFtr2TrboIntroCD32.slaveSuprStrtFtr2TrboIntroCD32.slave;0;0;0;0
0;Super Street Fighter II Turbo (Intro) (CD32);Misc / Intro Disk;Games:S/SuprStrtFtr2TrboCD32/SuprStrtFtr2TrboCD32.slaveSuprStrtFtr2TrboCD32.slaveSuprStrtFtr2TrboCD32.slaveSuprStrtFtr2TrboCD32.slave;0;0;0;0
0;Super Tennis Champs;Sport / Tennis;Games:S/SuprTennisChmps/SuprTennisChmps.SlaveSuprTennisChmps.SlaveSuprTennisChmps.SlaveSuprTennisChmps.Slave;0;0;0;0
0;Super Tennis Champs & Data Disk;Sport / Tennis;Games:S/SuprTennisChmps&DataDisks/SuprTennisChmps&DataDisks.SlaveSuprTennisChmps&DataDisks.SlaveSuprTennisChmps&DataDisks.SlaveSuprTennisChmps&DataDisks.Slave;0;0;0;0
0;Super Tetris;Reaction / Tetris;Games:S/SuperTetris/SuperTetris.SlaveSuperTetris.SlaveSuperTetris.SlaveSuperTetris.Slave;0;0;0;0
0;Super Twintris (Coverdisk);Reaction / Tetris;Games:S/SuperTwintris/SuperTwintris.SlaveSuperTwintris.SlaveSuperTwintris.SlaveSuperTwintris.Slave;0;0;0;0
0;Superfrog (Amiga Action) (Game Demo) (Coverdisk);Platform / Action;Games:S/SuperfrogDemoAmigaAction/SuperfrogDemoAmigaAction.SlaveSuperfrogDemoAmigaAction.SlaveSuperfrogDemoAmigaAction.SlaveSuperfrogDemoAmigaAction.Slave;0;0;0;0
0;Superfrog (CU Amiga) (Game Demo) (Coverdisk);Platform / Action;Games:S/SuperfrogDemoCUAmiga/SuperfrogDemoCUAmiga.SlaveSuperfrogDemoCUAmiga.SlaveSuperfrogDemoCUAmiga.SlaveSuperfrogDemoCUAmiga.Slave;0;0;0;0
0;Superfrog (Intro);Misc / Intro Disk;Games:S/Superfrog/Superfrog.slaveSuperfrog.slaveSuperfrog.slaveSuperfrog.slave;0;0;0;0
0;Superfrog (Intro);Misc / Intro Disk;Games:S/Superfrog/SuperfrogIntro.slaveSuperfrogIntro.slaveSuperfrogIntro.slaveSuperfrogIntro.slave;0;0;0;0
0;Superfrog (Intro) (CD32);Misc / Intro Disk;Games:S/SuperfrogCD32/SuperfrogIntroCD32.slaveSuperfrogIntroCD32.slaveSuperfrogIntroCD32.slaveSuperfrogIntroCD32.slave;0;0;0;0
0;Superfrog (Intro) (CD32);Misc / Intro Disk;Games:S/SuperfrogCD32/SuperfrogCD32.slaveSuperfrogCD32.slaveSuperfrogCD32.slaveSuperfrogCD32.slave;0;0;0;0
0;Superfrog (The One) (Game Demo) (Coverdisk);Platform / Action;Games:S/SuperfrogDemoTheOne/SuperfrogDemoTheOne.SlaveSuperfrogDemoTheOne.SlaveSuperfrogDemoTheOne.SlaveSuperfrogDemoTheOne.Slave;0;0;0;0
0;Superhero (Game Demo);Action / Fighter 2D;Games:S/SuperheroDemo/SuperheroDemo.SlaveSuperheroDemo.SlaveSuperheroDemo.SlaveSuperheroDemo.Slave;0;0;0;0
0;Superman - The Man of Steel;Action / Shooter / 3D;Games:S/Superman/Superman.SlaveSuperman.SlaveSuperman.SlaveSuperman.Slave;0;0;0;0
0;Superstar Ice Hockey;Sport / Ice Hockey;Games:S/SuperstarIceHockey/SuperstarIceHockey.SlaveSuperstarIceHockey.SlaveSuperstarIceHockey.SlaveSuperstarIceHockey.Slave;0;0;0;0
0;Supremacy - Your Will Be Done;Strategy / Space;Games:S/Supremacy/Supremacy.SlaveSupremacy.SlaveSupremacy.SlaveSupremacy.Slave;0;0;0;0
0;Surf Ninjas (AGA);Action / Fighter 2D;Games:S/SurfNinjasAGA/SurfNinjasAGA.slaveSurfNinjasAGA.slaveSurfNinjasAGA.slaveSurfNinjasAGA.slave;0;0;0;0
0;Suspicious Cargo;Adventure / Graphic;Games:S/SuspiciousCargo/SuspiciousCargo.SlaveSuspiciousCargo.SlaveSuspiciousCargo.SlaveSuspiciousCargo.Slave;0;0;0;0
0;Swap;Puzzle / 2D;Games:S/Swap/Swap.SlaveSwap.SlaveSwap.SlaveSwap.Slave;0;0;0;0
0;Swap (French);Puzzle / 2D;Games:S/SwapFr/SwapFr.SlaveSwapFr.SlaveSwapFr.SlaveSwapFr.Slave;0;0;0;0
0;Switchblade;Action / Shooter / 2D;Games:S/Switchblade/Switchblade.SlaveSwitchblade.SlaveSwitchblade.SlaveSwitchblade.Slave;0;0;0;0
0;Switchblade 2;Action / Shooter / 2D;Games:S/Switchblade2/Switchblade2.SlaveSwitchblade2.SlaveSwitchblade2.SlaveSwitchblade2.Slave;0;0;0;0
0;SWIV;Action / Shooter / Vertical;Games:S/SWIV/SWIV.SlaveSWIV.SlaveSWIV.SlaveSWIV.Slave;0;0;0;0
0;Swooper;Action / Shooter / 2D;Games:S/Swooper/Swooper.SlaveSwooper.SlaveSwooper.SlaveSwooper.Slave;0;0;0;0
0;Sword;Platform / Action;Games:S/Sword/Sword.SlaveSword.SlaveSword.SlaveSword.Slave;0;0;0;0
0;Sword & The Rose, The;Action / Shooter / 2D;Games:S/Sword&TheRose/Sword&TheRose.slaveSword&TheRose.slaveSword&TheRose.slaveSword&TheRose.slave;0;0;0;0
0;Sword Of Aragon;Strategy / Battle / 2D;Games:S/SwordOfAragon/SwordOfAragon.SlaveSwordOfAragon.SlaveSwordOfAragon.SlaveSwordOfAragon.Slave;0;0;0;0
0;Sword Of Honour;Action / Fighter 2D;Games:S/SwordOfHonour/SwordOfHonour.slaveSwordOfHonour.slaveSwordOfHonour.slaveSwordOfHonour.slave;0;0;0;0
0;Sword Of Sodan;Action / Fighter 2D;Games:S/SwordOfSodan/SwordOfSodan.SlaveSwordOfSodan.SlaveSwordOfSodan.SlaveSwordOfSodan.Slave;0;0;0;0
0;Swords & Galleons;Adventure / Action;Games:S/Swords&Galleons/Swords&Galleons.slaveSwords&Galleons.slaveSwords&Galleons.slaveSwords&Galleons.slave;0;0;0;0
0;Swords Of Twilight;RPG / Open World;Games:S/SwordsOfTwilight/SwordsOfTwilight.SlaveSwordsOfTwilight.SlaveSwordsOfTwilight.SlaveSwordsOfTwilight.Slave;0;0;0;0
0;Syndicate;Action / Shooter / Isometric;Games:S/Syndicate/Syndicate.slaveSyndicate.slaveSyndicate.slaveSyndicate.slave;0;0;0;0
0;Syndicate (CD32);Action / Shooter / Isometric;Games:S/SyndicateCD32/SyndicateCD32.slaveSyndicateCD32.slaveSyndicateCD32.slaveSyndicateCD32.slave;0;0;0;0
0;Syndicate (German);Action / Shooter / Isometric;Games:S/SyndicateDe/SyndicateDe.slaveSyndicateDe.slaveSyndicateDe.slaveSyndicateDe.slave;0;0;0;0
0;Syndicate & American Revolt (Coverdisk);Action / Shooter / Isometric;Games:S/SyndicateAmericanRevolt/SyndicateAmericanRevolt.slaveSyndicateAmericanRevolt.slaveSyndicateAmericanRevolt.slaveSyndicateAmericanRevolt.slave;0;0;0;0
0;T-Bird;Action / Shooter / 3D;Games:T/TBird/TBird.SlaveTBird.SlaveTBird.SlaveTBird.Slave;0;0;0;0
0;T-Racer;Action / Shooter / Horizontal;Games:T/TRacer/TRacer.SlaveTRacer.SlaveTRacer.SlaveTRacer.Slave;0;0;0;0
0;T-Zer0 (Game Demo) (AGA);Action / Shooter / Horizontal;Games:T/TZer0DemoAGA/TZer0DemoAGA.SlaveTZer0DemoAGA.SlaveTZer0DemoAGA.SlaveTZer0DemoAGA.Slave;0;0;0;0
0;T-Zer0 (No Movie) (Game Demo) (AGA);Action / Shooter / Horizontal;Games:T/TZer0DemoNoMovieAGA/TZer0DemoNoMovieAGA.SlaveTZer0DemoNoMovieAGA.SlaveTZer0DemoNoMovieAGA.SlaveTZer0DemoNoMovieAGA.Slave;0;0;0;0
0;T2 - The Arcade Game;Action / Shooter / Crosshair;Games:T/Terminator2Arcade/Terminator2Arcade.slaveTerminator2Arcade.slaveTerminator2Arcade.slaveTerminator2Arcade.slave;0;0;0;0
0;Table Tennis Simulation;Sport / Other;Games:T/TableTennisSimulation/TableTennisSimulation.SlaveTableTennisSimulation.SlaveTableTennisSimulation.SlaveTableTennisSimulation.Slave;0;0;0;0
0;Taekwondo;Beat 'Em Up;Games:T/Taekwondo/Taekwondo.SlaveTaekwondo.SlaveTaekwondo.SlaveTaekwondo.Slave;0;0;0;0
0;Take'em Out;Action / Shooter / Crosshair;Games:T/TakeEmOut/TakeEmOut.slaveTakeEmOut.slaveTakeEmOut.slaveTakeEmOut.slave;0;0;0;0
0;Tanglewood;RPG / Open World;Games:T/Tanglewood/Tanglewood.SlaveTanglewood.SlaveTanglewood.SlaveTanglewood.Slave;0;0;0;0
0;Tangram;Puzzle / 2D;Games:T/Tangram/Tangram.slaveTangram.slaveTangram.slaveTangram.slave;0;0;0;0
0;Targhan;Adventure / Action;Games:T/Targhan/Targhan.SlaveTarghan.SlaveTarghan.SlaveTarghan.Slave;0;0;0;0
0;Targhan (Fast Mem);Adventure / Action;Games:T/TarghanFast/TarghanFast.slaveTarghanFast.slaveTarghanFast.slaveTarghanFast.slave;0;0;0;0
0;Targhan (Fast Mem) (French);Adventure / Action;Games:T/TarghanFastFr/TarghanFastFr.slaveTarghanFastFr.slaveTarghanFastFr.slaveTarghanFastFr.slave;0;0;0;0
0;Targhan (French);Adventure / Action;Games:T/TarghanFr/TarghanFr.SlaveTarghanFr.SlaveTarghanFr.SlaveTarghanFr.Slave;0;0;0;0
0;Targhan (NTSC);Adventure / Action;Games:T/TarghanNTSC/TarghanNTSC.SlaveTarghanNTSC.SlaveTarghanNTSC.SlaveTarghanNTSC.Slave;0;0;0;0
0;Tass Times In Tonetown;Adventure / Text;Games:T/TassTimesInTonetown/TassTimesInTonetown.SlaveTassTimesInTonetown.SlaveTassTimesInTonetown.SlaveTassTimesInTonetown.Slave;0;0;0;0
0;Team Suzuki;Racing / Bike / Rider View;Games:T/TeamSuzuki/TeamSuzuki.SlaveTeamSuzuki.SlaveTeamSuzuki.SlaveTeamSuzuki.Slave;0;0;0;0
0;Team Yankee;Simulator / Tank;Games:T/TeamYankee/TeamYankee.SlaveTeamYankee.SlaveTeamYankee.SlaveTeamYankee.Slave;0;0;0;0
0;Tearaway Thomas;Platform / Action;Games:T/TearawayThomas/TearawayThomas.slaveTearawayThomas.slaveTearawayThomas.slaveTearawayThomas.slave;0;0;0;0
0;Tech;Reaction / Light Cycle;Games:T/Tech/Tech.SlaveTech.SlaveTech.SlaveTech.Slave;0;0;0;0
0;Technocop;Action / Multi Level;Games:T/Technocop/Technocop.SlaveTechnocop.SlaveTechnocop.SlaveTechnocop.Slave;0;0;0;0
0;Technology 2 (PD);Gambling / Fruit Machine;Games:T/Technology2/Technology2.SlaveTechnology2.SlaveTechnology2.SlaveTechnology2.Slave;0;0;0;0
0;Tecnoball;Bat & Ball / 2D;Games:T/Tecnoball/Tecnoball.slaveTecnoball.slaveTecnoball.slaveTecnoball.slave;0;0;0;0
0;Teenage Mutant Hero Turtles;Action / Fighter 2D;Games:T/TeenageMtntHeroTurtles/TeenageMtntHeroTurtles.SlaveTeenageMtntHeroTurtles.SlaveTeenageMtntHeroTurtles.SlaveTeenageMtntHeroTurtles.Slave;0;0;0;0
0;Teenage Mutant Hero Turtles Coin-Op;Action / Fighter 2.5D;Games:T/TeenageMtntHeroTurtlesCOp/TeenageMtntHeroTurtlesCOp.slaveTeenageMtntHeroTurtlesCOp.slaveTeenageMtntHeroTurtlesCOp.slaveTeenageMtntHeroTurtlesCOp.slave;0;0;0;0
0;Teenage Mutant Ninja Turtles;Action / Fighter 2D;Games:T/TeenageMtntNinjaTurtles/TeenageMtntNinjaTurtles.SlaveTeenageMtntNinjaTurtles.SlaveTeenageMtntNinjaTurtles.SlaveTeenageMtntNinjaTurtles.Slave;0;0;0;0
0;Teenage Queen;Tabletop / Cards / Adult;Games:T/TeenageQueen/TeenageQueen.SlaveTeenageQueen.SlaveTeenageQueen.SlaveTeenageQueen.Slave;0;0;0;0
0;Teller, The (French);Puzzle / 2D;Games:T/TellerFr/TellerFr.SlaveTellerFr.SlaveTellerFr.SlaveTellerFr.Slave;0;0;0;0
0;Temple of Apshai Trilogy;RPG / Open World;Games:T/TempleOfApshaiTrilogy/TempleOfApshaiTrilogy.SlaveTempleOfApshaiTrilogy.SlaveTempleOfApshaiTrilogy.SlaveTempleOfApshaiTrilogy.Slave;0;0;0;0
0;Temple Of Enlightened Souls;Beat 'Em Up;Games:T/TempleOfEnlightenedSouls/TempleOfEnlightenedSouls.SlaveTempleOfEnlightenedSouls.SlaveTempleOfEnlightenedSouls.SlaveTempleOfEnlightenedSouls.Slave;0;0;0;0
0;Templos Sagrados, Los (Spanish);Adventure / Text;Games:T/TemplosSagradosEs/TemplosSagradosEs.slaveTemplosSagradosEs.slaveTemplosSagradosEs.slaveTemplosSagradosEs.slave;0;0;0;0
0;Tennis Champs (Coverdisk);Sport / Tennis;Games:T/TennisChamps/TennisChamps.SlaveTennisChamps.SlaveTennisChamps.SlaveTennisChamps.Slave;0;0;0;0
0;Tennis Cup (1MB);Sport / Tennis;Games:T/TennisCup1Mb/TennisCup1Mb.SlaveTennisCup1Mb.SlaveTennisCup1Mb.SlaveTennisCup1Mb.Slave;0;0;0;0
0;Tennis Cup (1MB) (French);Sport / Tennis;Games:T/TennisCup1MbFr/TennisCup1MbFr.SlaveTennisCup1MbFr.SlaveTennisCup1MbFr.SlaveTennisCup1MbFr.Slave;0;0;0;0
0;Tennis Cup (512KB);Sport / Tennis;Games:T/TennisCup512Kb/TennisCup512Kb.SlaveTennisCup512Kb.SlaveTennisCup512Kb.SlaveTennisCup512Kb.Slave;0;0;0;0
0;Tennis Cup (512KB) (French);Sport / Tennis;Games:T/TennisCup512KbFr/TennisCup512KbFr.SlaveTennisCup512KbFr.SlaveTennisCup512KbFr.SlaveTennisCup512KbFr.Slave;0;0;0;0
0;Tennis Cup 2;Sport / Tennis;Games:T/TennisCup2/TennisCup2.slaveTennisCup2.slaveTennisCup2.slaveTennisCup2.slave;0;0;0;0
0;Tensai (Game Demo);Action / Fighter 2D;Games:T/TensaiDemo/TensaiDemo.SlaveTensaiDemo.SlaveTensaiDemo.SlaveTensaiDemo.Slave;0;0;0;0
0;Terminator 2 - Judgment Day;Action / Multi Level;Games:T/Terminator2JudgmentDay/Terminator2JudgmentDay.SlaveTerminator2JudgmentDay.SlaveTerminator2JudgmentDay.SlaveTerminator2JudgmentDay.Slave;0;0;0;0
0;Terramex;Adventure / Action;Games:T/Terramex/Terramex.SlaveTerramex.SlaveTerramex.SlaveTerramex.Slave;0;0;0;0
0;Terrorpods;Strategy / Action;Games:T/Terrorpods/Terrorpods.SlaveTerrorpods.SlaveTerrorpods.SlaveTerrorpods.Slave;0;0;0;0
0;Terry's Big Adventure;Platform / Action;Games:T/TerrysBigAdventure/TerrysBigAdventure.SlaveTerrysBigAdventure.SlaveTerrysBigAdventure.SlaveTerrysBigAdventure.Slave;0;0;0;0
0;Test Drive;Racing / Car / Driver View;Games:T/TestDrive/TestDrive.slaveTestDrive.slaveTestDrive.slaveTestDrive.slave;0;0;0;0
0;Test Drive 2;Racing / Car / Driver View;Games:T/TestDrive2/TestDrive2.slaveTestDrive2.slaveTestDrive2.slaveTestDrive2.slave;0;0;0;0
0;Test Drive 2 & Data Disks;Racing / Car / Driver View;Games:T/TestDrive2&DataDisks/TestDrive2&DataDisks.slaveTestDrive2&DataDisks.slaveTestDrive2&DataDisks.slaveTestDrive2&DataDisks.slave;0;0;0;0
0;Tetra Quest;Puzzle / 2D;Games:T/TetraQuest/TetraQuest.slaveTetraQuest.slaveTetraQuest.slaveTetraQuest.slave;0;0;0;0
0;Tetris - The Soviet Challenge;Reaction / Tetris;Games:T/TetrisInfogrames/TetrisInfogrames.SlaveTetrisInfogrames.SlaveTetrisInfogrames.SlaveTetrisInfogrames.Slave;0;0;0;0
0;Tetris (Mirrorsoft);Reaction / Tetris;Games:T/TetrisMirrorsoft/TetrisMirrorsoft.SlaveTetrisMirrorsoft.SlaveTetrisMirrorsoft.SlaveTetrisMirrorsoft.Slave;0;0;0;0
0;Tetris Pro;Reaction / Tetris;Games:T/TetrisPro/TetrisPro.SlaveTetrisPro.SlaveTetrisPro.SlaveTetrisPro.Slave;0;0;0;0
0;Tetrix (Coverdisk);Reaction / Tetris;Games:T/Tetrix/Tetrix.SlaveTetrix.SlaveTetrix.SlaveTetrix.Slave;0;0;0;0
0;Tex - Piombo Caldo - Part 1 (Italian);Adventure / Action;Games:T/TexPiomboCaldoPart1It/TexPiomboCaldoPart1It.SlaveTexPiomboCaldoPart1It.SlaveTexPiomboCaldoPart1It.SlaveTexPiomboCaldoPart1It.Slave;0;0;0;0
0;Tex - Piombo Caldo - Part 2 (Italian);Adventure / Action;Games:T/TexPiomboCaldoPart2It/TexPiomboCaldoPart2It.SlaveTexPiomboCaldoPart2It.SlaveTexPiomboCaldoPart2It.SlaveTexPiomboCaldoPart2It.Slave;0;0;0;0
0;Tex 01 - Mefisto (Italian);Adventure / Action;Games:T/Tex01It/Tex01It.SlaveTex01It.SlaveTex01It.SlaveTex01It.Slave;0;0;0;0
0;Tex 02 - Il Drago Rosso (Italian);Adventure / Action;Games:T/Tex02It/Tex02It.SlaveTex02It.SlaveTex02It.SlaveTex02It.Slave;0;0;0;0
0;Tex 03 - Spettri (Italian);Adventure / Action;Games:T/Tex03It/Tex03It.SlaveTex03It.SlaveTex03It.SlaveTex03It.Slave;0;0;0;0
0;Tex 04 - San Francisco (Italian);Adventure / Action;Games:T/Tex04It/Tex04It.SlaveTex04It.SlaveTex04It.SlaveTex04It.Slave;0;0;0;0
0;Tex 05 - Diabolico Intrigo (Italian);Adventure / Action;Games:T/Tex05It/Tex05It.SlaveTex05It.SlaveTex05It.SlaveTex05It.Slave;0;0;0;0
0;Tex 06 - Lotta Sul Mare (Italian);Adventure / Action;Games:T/Tex06It/Tex06It.SlaveTex06It.SlaveTex06It.SlaveTex06It.Slave;0;0;0;0
0;Tex 07 - Il Morisco (Italian);Adventure / Action;Games:T/Tex07It/Tex07It.SlaveTex07It.SlaveTex07It.SlaveTex07It.Slave;0;0;0;0
0;Tex 08 - Dramma Al Circo (Italian);Adventure / Action;Games:T/Tex08It/Tex08It.SlaveTex08It.SlaveTex08It.SlaveTex08It.Slave;0;0;0;0
0;Tex 09 - Il Fiore lla Morte (Italian);Adventure / Action;Games:T/Tex09It/Tex09It.SlaveTex09It.SlaveTex09It.SlaveTex09It.Slave;0;0;0;0
0;Tex 10 - Kento Non Perdona (Italian);Adventure / Action;Games:T/Tex10It/Tex10It.SlaveTex10It.SlaveTex10It.SlaveTex10It.Slave;0;0;0;0
0;Tex 11 - Duello All'Alba (Italian);Adventure / Action;Games:T/Tex11It/Tex11It.SlaveTex11It.SlaveTex11It.SlaveTex11It.Slave;0;0;0;0
0;Tex 12 - La Mano Rossa (Italian);Adventure / Action;Games:T/Tex12It/Tex12It.SlaveTex12It.SlaveTex12It.SlaveTex12It.Slave;0;0;0;0
0;TFX (Coverdisk) (AGA);Simulator / Plane / Combat;Games:T/TFXAGA/TFXAGA.slaveTFXAGA.slaveTFXAGA.slaveTFXAGA.slave;0;0;0;0
0;Theatre Of Death;Action / Shooter / 2D;Games:T/TheatreOfDeath/TheatreOfDeath.SlaveTheatreOfDeath.SlaveTheatreOfDeath.SlaveTheatreOfDeath.Slave;0;0;0;0
0;Their Finest Hour - The Battle of Britain;Simulator / Plane / WW2;Games:T/TheirFinestHour/TheirFinestHour.SlaveTheirFinestHour.SlaveTheirFinestHour.SlaveTheirFinestHour.Slave;0;0;0;0
0;Their Finest Hour - The Battle of Britain & Missions;Simulator / Plane / WW2;Games:T/TheirFinestHour&Missions/TheirFinestHour&Missions.SlaveTheirFinestHour&Missions.SlaveTheirFinestHour&Missions.SlaveTheirFinestHour&Missions.Slave;0;0;0;0
0;Theme Park;Management / Business;Games:T/ThemePark/ThemePark.SlaveThemePark.SlaveThemePark.SlaveThemePark.Slave;0;0;0;0
0;Theme Park (AGA);Management / Business;Games:T/ThemeParkAGA/ThemeParkAGA.SlaveThemeParkAGA.SlaveThemeParkAGA.SlaveThemeParkAGA.Slave;0;0;0;0
0;Theme Park (CD32);Management / Business;Games:T/ThemeParkCD32/ThemeParkCD32.slaveThemeParkCD32.slaveThemeParkCD32.slaveThemeParkCD32.slave;0;0;0;0
0;Theme Park Mystery;Adventure / Graphic;Games:T/ThemeParkMystery/ThemeParkMystery.slaveThemeParkMystery.slaveThemeParkMystery.slaveThemeParkMystery.slave;0;0;0;0
0;Theme Park Mystery (NTSC);Adventure / Graphic;Games:T/ThemeParkMysteryNTSC/ThemeParkMysteryNTSC.slaveThemeParkMysteryNTSC.slaveThemeParkMysteryNTSC.slaveThemeParkMysteryNTSC.slave;0;0;0;0
0;Thexder;Action / Multi Level;Games:T/Thexder/Thexder.slaveThexder.slaveThexder.slaveThexder.slave;0;0;0;0
0;Third Courier, The;Adventure / Graphic;Games:T/ThirdCourier/ThirdCourier.SlaveThirdCourier.SlaveThirdCourier.SlaveThirdCourier.Slave;0;0;0;0
0;Thomas The Tank Engine;Puzzle / 2D;Games:T/ThomasTheTankEngine/ThomasTheTankEngine.SlaveThomasTheTankEngine.SlaveThomasTheTankEngine.SlaveThomasTheTankEngine.Slave;0;0;0;0
0;Thomas The Tank Engine 2;Puzzle / 2D;Games:T/ThomasTheTankEngine2/ThomasTheTankEngine2.slaveThomasTheTankEngine2.slaveThomasTheTankEngine2.slaveThomasTheTankEngine2.slave;0;0;0;0
0;Thomas The Tank Engine's Pinball (AGA);Pinball;Games:T/ThomasTankEngPinballAGA/ThomasTankEngPinballAGA.SlaveThomasTankEngPinballAGA.SlaveThomasTankEngPinballAGA.SlaveThomasTankEngPinballAGA.Slave;0;0;0;0
0;Thomas The Tank Engine's Pinball (CD32);Pinball;Games:T/ThomasTankEngPinballCD32/ThomasTankEngPinballCD32.SlaveThomasTankEngPinballCD32.SlaveThomasTankEngPinballCD32.SlaveThomasTankEngPinballCD32.Slave;0;0;0;0
0;Three Stooges, The;Action / Multi Level;Games:T/ThreeStooges/ThreeStooges.SlaveThreeStooges.SlaveThreeStooges.SlaveThreeStooges.Slave;0;0;0;0
0;Three Stooges, The (NTSC);Action / Multi Level;Games:T/ThreeStoogesNTSC/ThreeStoogesNTSC.SlaveThreeStoogesNTSC.SlaveThreeStoogesNTSC.SlaveThreeStoogesNTSC.Slave;0;0;0;0
0;Thunder Blade;Action / Shooter / 3D;Games:T/ThunderBlade/ThunderBlade.SlaveThunderBlade.SlaveThunderBlade.SlaveThunderBlade.Slave;0;0;0;0
0;Thunder Blade (NTSC);Action / Shooter / 3D;Games:T/ThunderBladeNTSC/ThunderBladeNTSC.SlaveThunderBladeNTSC.SlaveThunderBladeNTSC.SlaveThunderBladeNTSC.Slave;0;0;0;0
0;Thunder Boy;Platform / Action;Games:T/ThunderBoy/ThunderBoy.SlaveThunderBoy.SlaveThunderBoy.SlaveThunderBoy.Slave;0;0;0;0
0;Thunder Burner;Action / Shooter / 3D;Games:T/ThunderBurner/ThunderBurner.SlaveThunderBurner.SlaveThunderBurner.SlaveThunderBurner.Slave;0;0;0;0
0;Thunder Hawk AH 73 M;Unknown;Games:T/ThunderHawkAH73M/ThunderHawkAH73M.SlaveThunderHawkAH73M.SlaveThunderHawkAH73M.SlaveThunderHawkAH73M.Slave;0;0;0;0
0;Thunder Hawk AH 73 MDe;Unknown;Games:T/ThunderHawkAH73MDe/ThunderHawkAH73MDe.SlaveThunderHawkAH73MDe.SlaveThunderHawkAH73MDe.SlaveThunderHawkAH73MDe.Slave;0;0;0;0
0;Thunder Hawk AH 73 MFr;Unknown;Games:T/ThunderHawkAH73MFr/ThunderHawkAH73MFr.SlaveThunderHawkAH73MFr.SlaveThunderHawkAH73MFr.SlaveThunderHawkAH73MFr.Slave;0;0;0;0
0;Thunder Jaws (Files);Action / Shooter / Horizontal;Games:T/ThunderJawsFiles/ThunderJawsFiles.slaveThunderJawsFiles.slaveThunderJawsFiles.slaveThunderJawsFiles.slave;0;0;0;0
0;Thunder Jaws (Image);Action / Shooter / Horizontal;Games:T/ThunderJawsImage/ThunderJawsImage.slaveThunderJawsImage.slaveThunderJawsImage.slaveThunderJawsImage.slave;0;0;0;0
0;Thunderbirds;Adventure / Action;Games:T/Thunderbirds/Thunderbirds.slaveThunderbirds.slaveThunderbirds.slaveThunderbirds.slave;0;0;0;0
0;ThunderCats;Action / Fighter 2D;Games:T/ThunderCats/ThunderCats.slaveThunderCats.slaveThunderCats.slaveThunderCats.slave;0;0;0;0
0;ThunderStrike;Action / Shooter / 3D;Games:T/ThunderStrike/ThunderStrike.slaveThunderStrike.slaveThunderStrike.slaveThunderStrike.slave;0;0;0;0
0;Tiger Road;Action / Fighter 2D;Games:T/TigerRoad/TigerRoad.SlaveTigerRoad.SlaveTigerRoad.SlaveTigerRoad.Slave;0;0;0;0
0;Time;Adventure / Graphic;Games:T/Time/Time.SlaveTime.SlaveTime.SlaveTime.Slave;0;0;0;0
0;Time (French);Adventure / Graphic;Games:T/TimeFr/TimeFr.SlaveTimeFr.SlaveTimeFr.SlaveTimeFr.Slave;0;0;0;0
0;Time (German);Adventure / Graphic;Games:T/TimeDe/TimeDe.SlaveTimeDe.SlaveTimeDe.SlaveTimeDe.Slave;0;0;0;0
0;Time And Magik - The Trilogy;Adventure / Text;Games:T/TimeAndMagik/TimeAndMagik.SlaveTimeAndMagik.SlaveTimeAndMagik.SlaveTimeAndMagik.Slave;0;0;0;0
0;Time Bandit;Adventure / Action;Games:T/TimeBandit/TimeBandit.slaveTimeBandit.slaveTimeBandit.slaveTimeBandit.slave;0;0;0;0
0;Time Lock;Puzzle / 2D;Games:T/TimeLock/TimeLock.slaveTimeLock.slaveTimeLock.slaveTimeLock.slave;0;0;0;0
0;Time Machine;Adventure / Action;Games:T/TimeMachine/TimeMachine.SlaveTimeMachine.SlaveTimeMachine.SlaveTimeMachine.Slave;0;0;0;0
0;Time Race;Puzzle / 2D;Games:T/TimeRace/TimeRace.SlaveTimeRace.SlaveTimeRace.SlaveTimeRace.Slave;0;0;0;0
0;Time Runners 01 - Gateways in Time;Adventure / Action;Games:T/TimeRunners01/TimeRunners01.SlaveTimeRunners01.SlaveTimeRunners01.SlaveTimeRunners01.Slave;0;0;0;0
0;Time Runners 02 - The Space Stone;Adventure / Action;Games:T/TimeRunners02/TimeRunners02.SlaveTimeRunners02.SlaveTimeRunners02.SlaveTimeRunners02.Slave;0;0;0;0
0;Time Runners 03 - The Big Run;Adventure / Action;Games:T/TimeRunners03/TimeRunners03.SlaveTimeRunners03.SlaveTimeRunners03.SlaveTimeRunners03.Slave;0;0;0;0
0;Time Runners 04 - The Castle Of Fear;Adventure / Action;Games:T/TimeRunners04/TimeRunners04.SlaveTimeRunners04.SlaveTimeRunners04.SlaveTimeRunners04.Slave;0;0;0;0
0;Time Runners 05 - The Black Knight;Adventure / Action;Games:T/TimeRunners05/TimeRunners05.SlaveTimeRunners05.SlaveTimeRunners05.SlaveTimeRunners05.Slave;0;0;0;0
0;Time Runners 06 - The Bewitched Forest;Adventure / Action;Games:T/TimeRunners06/TimeRunners06.SlaveTimeRunners06.SlaveTimeRunners06.SlaveTimeRunners06.Slave;0;0;0;0
0;Time Runners 07 - The Land Of The Invaders;Adventure / Action;Games:T/TimeRunners07/TimeRunners07.SlaveTimeRunners07.SlaveTimeRunners07.SlaveTimeRunners07.Slave;0;0;0;0
0;Time Runners 08 - The Impregnable Fortress;Adventure / Action;Games:T/TimeRunners08/TimeRunners08.SlaveTimeRunners08.SlaveTimeRunners08.SlaveTimeRunners08.Slave;0;0;0;0
0;Time Runners 09 - The Time Demon;Adventure / Action;Games:T/TimeRunners09/TimeRunners09.SlaveTimeRunners09.SlaveTimeRunners09.SlaveTimeRunners09.Slave;0;0;0;0
0;Time Runners 10 - The Time Sentry;Adventure / Action;Games:T/TimeRunners10/TimeRunners10.SlaveTimeRunners10.SlaveTimeRunners10.SlaveTimeRunners10.Slave;0;0;0;0
0;Time Runners 11 - The Steel City;Adventure / Action;Games:T/TimeRunners11/TimeRunners11.SlaveTimeRunners11.SlaveTimeRunners11.SlaveTimeRunners11.Slave;0;0;0;0
0;Time Runners 12 - A Target For The Cyborg;Adventure / Action;Games:T/TimeRunners12/TimeRunners12.SlaveTimeRunners12.SlaveTimeRunners12.SlaveTimeRunners12.Slave;0;0;0;0
0;Time Runners 13 - Cyberkiller;Adventure / Action;Games:T/TimeRunners13/TimeRunners13.SlaveTimeRunners13.SlaveTimeRunners13.SlaveTimeRunners13.Slave;0;0;0;0
0;Time Runners 14 - Toraxid - War Star;Adventure / Action;Games:T/TimeRunners14/TimeRunners14.SlaveTimeRunners14.SlaveTimeRunners14.SlaveTimeRunners14.Slave;0;0;0;0
0;Time Runners 15 - At The Speed Of Light;Adventure / Action;Games:T/TimeRunners15/TimeRunners15.SlaveTimeRunners15.SlaveTimeRunners15.SlaveTimeRunners15.Slave;0;0;0;0
0;Time Runners 16 - The Galaxy Emperor;Adventure / Action;Games:T/TimeRunners16/TimeRunners16.SlaveTimeRunners16.SlaveTimeRunners16.SlaveTimeRunners16.Slave;0;0;0;0
0;Time Runners 17 - The Living Labyrinth;Adventure / Action;Games:T/TimeRunners17/TimeRunners17.SlaveTimeRunners17.SlaveTimeRunners17.SlaveTimeRunners17.Slave;0;0;0;0
0;Time Runners 18 - The Killer Shadow;Adventure / Action;Games:T/TimeRunners18/TimeRunners18.SlaveTimeRunners18.SlaveTimeRunners18.SlaveTimeRunners18.Slave;0;0;0;0
0;Time Runners 19 - The Nightmare Prince;Adventure / Action;Games:T/TimeRunners19/TimeRunners19.SlaveTimeRunners19.SlaveTimeRunners19.SlaveTimeRunners19.Slave;0;0;0;0
0;Time Runners 20 - The Mountains Of Death;Adventure / Action;Games:T/TimeRunners20/TimeRunners20.SlaveTimeRunners20.SlaveTimeRunners20.SlaveTimeRunners20.Slave;0;0;0;0
0;Time Runners 21 - The Black Dragon's Course;Adventure / Action;Games:T/TimeRunners21/TimeRunners21.SlaveTimeRunners21.SlaveTimeRunners21.SlaveTimeRunners21.Slave;0;0;0;0
0;Time Runners 22 - The Eternal Damned;Adventure / Action;Games:T/TimeRunners22/TimeRunners22.SlaveTimeRunners22.SlaveTimeRunners22.SlaveTimeRunners22.Slave;0;0;0;0
0;Time Runners 23 - The Time Monarch;Adventure / Action;Games:T/TimeRunners23/TimeRunners23.SlaveTimeRunners23.SlaveTimeRunners23.SlaveTimeRunners23.Slave;0;0;0;0
0;Time Runners 24 - Beyond All Dimensions;Adventure / Action;Games:T/TimeRunners24/TimeRunners24.SlaveTimeRunners24.SlaveTimeRunners24.SlaveTimeRunners24.Slave;0;0;0;0
0;Time Runners 25 - The Lost Planet Earth;Adventure / Action;Games:T/TimeRunners25/TimeRunners25.SlaveTimeRunners25.SlaveTimeRunners25.SlaveTimeRunners25.Slave;0;0;0;0
0;Time Runners 26 - The Time Warrior;Adventure / Action;Games:T/TimeRunners26/TimeRunners26.SlaveTimeRunners26.SlaveTimeRunners26.SlaveTimeRunners26.Slave;0;0;0;0
0;Time Runners 27 - Red Night;Adventure / Action;Games:T/TimeRunners27/TimeRunners27.SlaveTimeRunners27.SlaveTimeRunners27.SlaveTimeRunners27.Slave;0;0;0;0
0;Time Runners 28 - Beyond The End;Adventure / Action;Games:T/TimeRunners28/TimeRunners28.SlaveTimeRunners28.SlaveTimeRunners28.SlaveTimeRunners28.Slave;0;0;0;0
0;Time Runners 29 - The Last Revelation;Adventure / Action;Games:T/TimeRunners29/TimeRunners29.SlaveTimeRunners29.SlaveTimeRunners29.SlaveTimeRunners29.Slave;0;0;0;0
0;Time Runners 30 - The Final Duel;Adventure / Action;Games:T/TimeRunners30/TimeRunners30.SlaveTimeRunners30.SlaveTimeRunners30.SlaveTimeRunners30.Slave;0;0;0;0
0;Time Runners Series - 30 - The Final Duel;Adventure / Action;Games:T/TimeRunnersSeries/TimeRunners19.SlaveTimeRunners19.SlaveTimeRunners19.SlaveTimeRunners19.Slave;0;0;0;0
0;Time Runners Series - 30 - The Final Duel;Adventure / Action;Games:T/TimeRunnersSeries/TimeRunners20.SlaveTimeRunners20.SlaveTimeRunners20.SlaveTimeRunners20.Slave;0;0;0;0
0;Time Runners Series - 30 - The Final Duel;Adventure / Action;Games:T/TimeRunnersSeries/TimeRunners21.SlaveTimeRunners21.SlaveTimeRunners21.SlaveTimeRunners21.Slave;0;0;0;0
0;Time Runners Series - 30 - The Final Duel;Adventure / Action;Games:T/TimeRunnersSeries/TimeRunners22.SlaveTimeRunners22.SlaveTimeRunners22.SlaveTimeRunners22.Slave;0;0;0;0
0;Time Runners Series - 30 - The Final Duel;Adventure / Action;Games:T/TimeRunnersSeries/TimeRunners23.SlaveTimeRunners23.SlaveTimeRunners23.SlaveTimeRunners23.Slave;0;0;0;0
0;Time Runners Series - 30 - The Final Duel;Adventure / Action;Games:T/TimeRunnersSeries/TimeRunners24.SlaveTimeRunners24.SlaveTimeRunners24.SlaveTimeRunners24.Slave;0;0;0;0
0;Time Runners Series - 30 - The Final Duel;Adventure / Action;Games:T/TimeRunnersSeries/TimeRunners27.SlaveTimeRunners27.SlaveTimeRunners27.SlaveTimeRunners27.Slave;0;0;0;0
0;Time Runners Series - 30 - The Final Duel;Adventure / Action;Games:T/TimeRunnersSeries/TimeRunners25.SlaveTimeRunners25.SlaveTimeRunners25.SlaveTimeRunners25.Slave;0;0;0;0
0;Time Runners Series - 30 - The Final Duel;Adventure / Action;Games:T/TimeRunnersSeries/TimeRunners26.SlaveTimeRunners26.SlaveTimeRunners26.SlaveTimeRunners26.Slave;0;0;0;0
0;Time Runners Series - 30 - The Final Duel;Adventure / Action;Games:T/TimeRunnersSeries/TimeRunners30.SlaveTimeRunners30.SlaveTimeRunners30.SlaveTimeRunners30.Slave;0;0;0;0
0;Time Runners Series - 30 - The Final Duel;Adventure / Action;Games:T/TimeRunnersSeries/TimeRunners28.SlaveTimeRunners28.SlaveTimeRunners28.SlaveTimeRunners28.Slave;0;0;0;0
0;Time Runners Series - 30 - The Final Duel;Adventure / Action;Games:T/TimeRunnersSeries/TimeRunners29.SlaveTimeRunners29.SlaveTimeRunners29.SlaveTimeRunners29.Slave;0;0;0;0
0;Time Runners Series - 30 - The Final Duel;Adventure / Action;Games:T/TimeRunnersSeries/TimeRunners18.SlaveTimeRunners18.SlaveTimeRunners18.SlaveTimeRunners18.Slave;0;0;0;0
0;Time Runners Series - 30 - The Final Duel;Adventure / Action;Games:T/TimeRunnersSeries/TimeRunners17.SlaveTimeRunners17.SlaveTimeRunners17.SlaveTimeRunners17.Slave;0;0;0;0
0;Time Runners Series - 30 - The Final Duel;Adventure / Action;Games:T/TimeRunnersSeries/TimeRunners08.SlaveTimeRunners08.SlaveTimeRunners08.SlaveTimeRunners08.Slave;0;0;0;0
0;Time Runners Series - 30 - The Final Duel;Adventure / Action;Games:T/TimeRunnersSeries/TimeRunners15.SlaveTimeRunners15.SlaveTimeRunners15.SlaveTimeRunners15.Slave;0;0;0;0
0;Time Runners Series - 30 - The Final Duel;Adventure / Action;Games:T/TimeRunnersSeries/TimeRunners04.SlaveTimeRunners04.SlaveTimeRunners04.SlaveTimeRunners04.Slave;0;0;0;0
0;Time Runners Series - 30 - The Final Duel;Adventure / Action;Games:T/TimeRunnersSeries/TimeRunners06.SlaveTimeRunners06.SlaveTimeRunners06.SlaveTimeRunners06.Slave;0;0;0;0
0;Time Runners Series - 30 - The Final Duel;Adventure / Action;Games:T/TimeRunnersSeries/TimeRunners16.SlaveTimeRunners16.SlaveTimeRunners16.SlaveTimeRunners16.Slave;0;0;0;0
0;Time Runners Series - 30 - The Final Duel;Adventure / Action;Games:T/TimeRunnersSeries/TimeRunners14.SlaveTimeRunners14.SlaveTimeRunners14.SlaveTimeRunners14.Slave;0;0;0;0
0;Time Runners Series - 30 - The Final Duel;Adventure / Action;Games:T/TimeRunnersSeries/TimeRunners02.SlaveTimeRunners02.SlaveTimeRunners02.SlaveTimeRunners02.Slave;0;0;0;0
0;Time Runners Series - 30 - The Final Duel;Adventure / Action;Games:T/TimeRunnersSeries/TimeRunners03.SlaveTimeRunners03.SlaveTimeRunners03.SlaveTimeRunners03.Slave;0;0;0;0
0;Time Runners Series - 30 - The Final Duel;Adventure / Action;Games:T/TimeRunnersSeries/TimeRunners07.SlaveTimeRunners07.SlaveTimeRunners07.SlaveTimeRunners07.Slave;0;0;0;0
0;Time Runners Series - 30 - The Final Duel;Adventure / Action;Games:T/TimeRunnersSeries/TimeRunners01.SlaveTimeRunners01.SlaveTimeRunners01.SlaveTimeRunners01.Slave;0;0;0;0
0;Time Runners Series - 30 - The Final Duel;Adventure / Action;Games:T/TimeRunnersSeries/TimeRunners05.SlaveTimeRunners05.SlaveTimeRunners05.SlaveTimeRunners05.Slave;0;0;0;0
0;Time Runners Series - 30 - The Final Duel;Adventure / Action;Games:T/TimeRunnersSeries/TimeRunners09.SlaveTimeRunners09.SlaveTimeRunners09.SlaveTimeRunners09.Slave;0;0;0;0
0;Time Runners Series - 30 - The Final Duel;Adventure / Action;Games:T/TimeRunnersSeries/TimeRunners10.SlaveTimeRunners10.SlaveTimeRunners10.SlaveTimeRunners10.Slave;0;0;0;0
0;Time Runners Series - 30 - The Final Duel;Adventure / Action;Games:T/TimeRunnersSeries/TimeRunners11.SlaveTimeRunners11.SlaveTimeRunners11.SlaveTimeRunners11.Slave;0;0;0;0
0;Time Runners Series - 30 - The Final Duel;Adventure / Action;Games:T/TimeRunnersSeries/TimeRunners12.SlaveTimeRunners12.SlaveTimeRunners12.SlaveTimeRunners12.Slave;0;0;0;0
0;Time Runners Series - 30 - The Final Duel;Adventure / Action;Games:T/TimeRunnersSeries/TimeRunners13.SlaveTimeRunners13.SlaveTimeRunners13.SlaveTimeRunners13.Slave;0;0;0;0
0;Time Scanner;Pinball;Games:T/TimeScanner/TimeScanner.SlaveTimeScanner.SlaveTimeScanner.SlaveTimeScanner.Slave;0;0;0;0
0;Time Soldier;Action / Shooter / Vertical;Games:T/TimeSoldier/TimeSoldier.SlaveTimeSoldier.SlaveTimeSoldier.SlaveTimeSoldier.Slave;0;0;0;0
0;Times of Lore;RPG / Open World;Games:T/TimesOfLore/TimesOfLore.SlaveTimesOfLore.SlaveTimesOfLore.SlaveTimesOfLore.Slave;0;0;0;0
0;Tin Toy Adventure (AGA);Platform / Action;Games:T/TinToyAdventureAGA/TinToyAdventureAGA.slaveTinToyAdventureAGA.slaveTinToyAdventureAGA.slaveTinToyAdventureAGA.slave;0;0;0;0
0;Tintin On The Moon (Files);Adventure / Action;Games:T/TintinOnTheMoonFiles/TintinOnTheMoonFiles.slaveTintinOnTheMoonFiles.slaveTintinOnTheMoonFiles.slaveTintinOnTheMoonFiles.slave;0;0;0;0
0;Tintin On The Moon (Image);Adventure / Action;Games:T/TintinOnTheMoonImage/TintinOnTheMoonImage.slaveTintinOnTheMoonImage.slaveTintinOnTheMoonImage.slaveTintinOnTheMoonImage.slave;0;0;0;0
0;Tiny Bobble;Platform / Action;Games:T/TinyBobble/TinyBobble.slaveTinyBobble.slaveTinyBobble.slaveTinyBobble.slave;0;0;0;0
0;Tiny Galaga;Action / Shooter / 2D;Games:T/TinyGalaga/TinyGalaga.slaveTinyGalaga.slaveTinyGalaga.slaveTinyGalaga.slave;0;0;0;0
0;Tiny Invaders;Action / Shooter / 2D;Games:T/TinyInvaders/TinyInvaders.slaveTinyInvaders.slaveTinyInvaders.slaveTinyInvaders.slave;0;0;0;0
0;Tiny Skweeks;Puzzle / 2D;Games:T/TinySkweeks/TinySkweeks.SlaveTinySkweeks.SlaveTinySkweeks.SlaveTinySkweeks.Slave;0;0;0;0
0;Tiny Troops;Strategy / Battle / 2D;Games:T/TinyTroops/TinyTroops.SlaveTinyTroops.SlaveTinyTroops.SlaveTinyTroops.Slave;0;0;0;0
0;Tiny Troops (CD-ROM);Strategy / Battle / 2D;Games:T/TinyTroopsCD/TinyTroopsCD.SlaveTinyTroopsCD.SlaveTinyTroopsCD.SlaveTinyTroopsCD.Slave;0;0;0;0
0;Tiny Troops (CD-ROM) (German);Strategy / Battle / 2D;Games:T/TinyTroopsCDDe/TinyTroopsCDDe.SlaveTinyTroopsCDDe.SlaveTinyTroopsCDDe.SlaveTinyTroopsCDDe.Slave;0;0;0;0
0;Tip Off;Sport / Basketball;Games:T/TipOff/TipOff.SlaveTipOff.SlaveTipOff.SlaveTipOff.Slave;0;0;0;0
0;Tip Off (Multi Language);Sport / Basketball;Games:T/TipOffDeEsFrIt/TipOffDeEsFrIt.SlaveTipOffDeEsFrIt.SlaveTipOffDeEsFrIt.SlaveTipOffDeEsFrIt.Slave;0;0;0;0
0;Tip Off (NTSC);Sport / Basketball;Games:T/TipOffNTSC/TipOffNTSC.SlaveTipOffNTSC.SlaveTipOffNTSC.SlaveTipOffNTSC.Slave;0;0;0;0
0;Titan;Maze / 2D;Games:T/Titan/Titan.slaveTitan.slaveTitan.slaveTitan.slave;0;0;0;0
0;Titanic Blinky;Platform / Action;Games:T/TitanicBlinky/TitanicBlinky.SlaveTitanicBlinky.SlaveTitanicBlinky.SlaveTitanicBlinky.Slave;0;0;0;0
0;Titus The Fox - To Marrakech And Back;Platform / Action;Games:T/TitusTheFox/TitusTheFox.slaveTitusTheFox.slaveTitusTheFox.slaveTitusTheFox.slave;0;0;0;0
0;Toki;Platform / Action;Games:T/Toki/Toki.slaveToki.slaveToki.slaveToki.slave;0;0;0;0
0;Tom & Jerry;Platform / Action;Games:T/Tom&Jerry/Tom&Jerry.SlaveTom&Jerry.SlaveTom&Jerry.SlaveTom&Jerry.Slave;0;0;0;0
0;Tom & Jerry - Hunting High & Low;Platform / Action;Games:T/Tom&JerryHHAL/Tom&JerryHHAL.SlaveTom&JerryHHAL.SlaveTom&JerryHHAL.SlaveTom&JerryHHAL.Slave;0;0;0;0
0;Tom & Jerry 2 (Re-Release);Platform / Action;Games:T/Tom&Jerry2/Tom&Jerry2.SlaveTom&Jerry2.SlaveTom&Jerry2.SlaveTom&Jerry2.Slave;0;0;0;0
0;Tom And The Ghost;Platform / Puzzle;Games:T/TomAndTheGhost/TomAndTheGhost.SlaveTomAndTheGhost.SlaveTomAndTheGhost.SlaveTomAndTheGhost.Slave;0;0;0;0
0;Tom Landry Strategy Football;Sport / American Football;Games:T/TomLandryFootball/TomLandryFootball.SlaveTomLandryFootball.SlaveTomLandryFootball.SlaveTomLandryFootball.Slave;0;0;0;0
0;Tom Landry Strategy Football Deluxe;Sport / American Football;Games:T/TomLandryFootballDeluxe/TomLandryFootballDeluxe.SlaveTomLandryFootballDeluxe.SlaveTomLandryFootballDeluxe.SlaveTomLandryFootballDeluxe.Slave;0;0;0;0
0;Tommy Gun;Action / Shooter / Crosshair;Games:T/TommyGun/TommyGun.SlaveTommyGun.SlaveTommyGun.SlaveTommyGun.Slave;0;0;0;0
0;Tony & Friends in Kelloggs Land (German);Platform / Action;Games:T/Tony&FriendsDe/Tony&FriendsDe.SlaveTony&FriendsDe.SlaveTony&FriendsDe.SlaveTony&FriendsDe.Slave;0;0;0;0
0;Toobin';Racing / Other;Games:T/Toobin/Toobin.SlaveToobin.SlaveToobin.SlaveToobin.Slave;0;0;0;0
0;Top Banana;Platform / Puzzle;Games:T/TopBanana/TopBanana.SlaveTopBanana.SlaveTopBanana.SlaveTopBanana.Slave;0;0;0;0
0;Top Cat;Action / Shooter / Multi Way;Games:T/TopCat/TopCat.SlaveTopCat.SlaveTopCat.SlaveTopCat.Slave;0;0;0;0
0;Top Gear 2;Racing / Car / Chase View;Games:T/TopGear2/TopGear2.SlaveTopGear2.SlaveTopGear2.SlaveTopGear2.Slave;0;0;0;0
0;Top Gear 2 (AGA);Racing / Car / Chase View;Games:T/TopGear2AGA/TopGear2AGA.SlaveTopGear2AGA.SlaveTopGear2AGA.SlaveTopGear2AGA.Slave;0;0;0;0
0;Top Gear 2 (CD32);Racing / Car / Chase View;Games:T/TopGear2CD32/TopGear2CD32.SlaveTopGear2CD32.SlaveTopGear2CD32.SlaveTopGear2CD32.Slave;0;0;0;0
0;Top Secret (Coverdisk);Platform / Action;Games:T/TopSecret/TopSecret.SlaveTopSecret.SlaveTopSecret.SlaveTopSecret.Slave;0;0;0;0
0;Top Wrestling;Sport / Wrestling;Games:T/TopWrestling/TopWrestling.SlaveTopWrestling.SlaveTopWrestling.SlaveTopWrestling.Slave;0;0;0;0
0;Tornado;Simulator / Plane / Combat;Games:T/Tornado/Tornado.slaveTornado.slaveTornado.slaveTornado.slave;0;0;0;0
0;Tornado (AGA);Simulator / Plane / Combat;Games:T/TornadoAGA/TornadoAGA.slaveTornadoAGA.slaveTornadoAGA.slaveTornadoAGA.slave;0;0;0;0
0;Tornado Ground Attack;Action / Shooter / Horizontal;Games:T/TornadoGroundAttack/TornadoGroundAttack.SlaveTornadoGroundAttack.SlaveTornadoGroundAttack.SlaveTornadoGroundAttack.Slave;0;0;0;0
0;Torvak The Warrior;Action / Fighter 2D;Games:T/TorvakTheWarrior/TorvakTheWarrior.slaveTorvakTheWarrior.slaveTorvakTheWarrior.slaveTorvakTheWarrior.slave;0;0;0;0
0;Total Carnage (AGA);Action / Shooter / Multi Way;Games:T/TotalCarnageAGA/TotalCarnageAGA.SlaveTotalCarnageAGA.SlaveTotalCarnageAGA.SlaveTotalCarnageAGA.Slave;0;0;0;0
0;Total Eclipse;Adventure / 3D;Games:T/TotalEclipse/TotalEclipse.SlaveTotalEclipse.SlaveTotalEclipse.SlaveTotalEclipse.Slave;0;0;0;0
0;Total Eclipse (NTSC);Adventure / 3D;Games:T/TotalEclipseNTSC/TotalEclipseNTSC.SlaveTotalEclipseNTSC.SlaveTotalEclipseNTSC.SlaveTotalEclipseNTSC.Slave;0;0;0;0
0;Total Football;Sport / Football / Soccer;Games:T/TotalFootball/TotalFootball.SlaveTotalFootball.SlaveTotalFootball.SlaveTotalFootball.Slave;0;0;0;0
0;Total Recall (Files);Action / Shooter / 2D;Games:T/TotalRecallFiles/TotalRecallFiles.SlaveTotalRecallFiles.SlaveTotalRecallFiles.SlaveTotalRecallFiles.Slave;0;0;0;0
0;Total Recall (Image);Action / Shooter / 2D;Games:T/TotalRecallImage/TotalRecallImage.SlaveTotalRecallImage.SlaveTotalRecallImage.SlaveTotalRecallImage.Slave;0;0;0;0
0;Tournament Golf;Sport / Golf;Games:T/TournamentGolf/TournamentGolf.SlaveTournamentGolf.SlaveTournamentGolf.SlaveTournamentGolf.Slave;0;0;0;0
0;Tower of Babel;Puzzle / 3D;Games:T/TowerOfBabel/TowerOfBabel.SlaveTowerOfBabel.SlaveTowerOfBabel.SlaveTowerOfBabel.Slave;0;0;0;0
0;Tower Of Souls (AGA);RPG / Isometric;Games:T/TowerOfSoulsAGA/TowerOfSoulsAGA.SlaveTowerOfSoulsAGA.SlaveTowerOfSoulsAGA.SlaveTowerOfSoulsAGA.Slave;0;0;0;0
0;Tower Toppler (NTSC);Platform / Action;Games:T/TowerTopplerNTSC/TowerTopplerNTSC.SlaveTowerTopplerNTSC.SlaveTowerTopplerNTSC.SlaveTowerTopplerNTSC.Slave;0;0;0;0
0;Town With No Name, The (CDTV);Adventure / Action;Games:T/TownWithNoNameCDTV/TownWithNoNameCDTV.SlaveTownWithNoNameCDTV.SlaveTownWithNoNameCDTV.SlaveTownWithNoNameCDTV.Slave;0;0;0;0
0;Toyota Celica GT Rally;Racing / Car / Driver View;Games:T/ToyotaCelicaGTRally/ToyotaCelicaGTRally.SlaveToyotaCelicaGTRally.SlaveToyotaCelicaGTRally.SlaveToyotaCelicaGTRally.Slave;0;0;0;0
0;Toyottes, The (Files);Platform / Puzzle;Games:T/ToyottesFiles/ToyottesFiles.SlaveToyottesFiles.SlaveToyottesFiles.SlaveToyottesFiles.Slave;0;0;0;0
0;Toyottes, The (Image);Platform / Puzzle;Games:T/ToyottesImage/ToyottesImage.SlaveToyottesImage.SlaveToyottesImage.SlaveToyottesImage.Slave;0;0;0;0
0;Tracker;Strategy / Action;Games:T/Tracker/Tracker.SlaveTracker.SlaveTracker.SlaveTracker.Slave;0;0;0;0
0;Traders;Strategy / Trading;Games:T/Traders/Traders.slaveTraders.slaveTraders.slaveTraders.slave;0;0;0;0
0;Traders (German);Strategy / Trading;Games:T/TradersDe/TradersDe.slaveTradersDe.slaveTradersDe.slaveTradersDe.slave;0;0;0;0
0;Trained Assassin;Action / Shooter / Horizontal;Games:T/TrainedAssassin/TrainedAssassin.SlaveTrainedAssassin.SlaveTrainedAssassin.SlaveTrainedAssassin.Slave;0;0;0;0
0;Transarctica;Strategy / Action;Games:T/Transarctica/Transarctica.SlaveTransarctica.SlaveTransarctica.SlaveTransarctica.Slave;0;0;0;0
0;Transarctica (AGA);Strategy / Action;Games:T/TransarcticaAGA/TransarcticaAGA.SlaveTransarcticaAGA.SlaveTransarcticaAGA.SlaveTransarcticaAGA.Slave;0;0;0;0
0;Transplant (Coverdisk) (PD);Action / Shooter / Multi Way;Games:T/Transplant/Transplant.SlaveTransplant.SlaveTransplant.SlaveTransplant.Slave;0;0;0;0
0;Transworld (German);Adventure / Graphic;Games:T/TransworldDe/TransworldDe.SlaveTransworldDe.SlaveTransworldDe.SlaveTransworldDe.Slave;0;0;0;0
0;Traps'n'Treasures;Platform / Puzzle;Games:T/TrapsNTreasures/TrapsNTreasures.SlaveTrapsNTreasures.SlaveTrapsNTreasures.SlaveTrapsNTreasures.Slave;0;0;0;0
0;Traps'n'Treasures (German);Platform / Puzzle;Games:T/TrapsNTreasuresDe/TrapsNTreasuresDe.SlaveTrapsNTreasuresDe.SlaveTrapsNTreasuresDe.SlaveTrapsNTreasuresDe.Slave;0;0;0;0
0;Treasure Island Dizzy;Platform / Puzzle;Games:T/TreasureIslandDizzy/TreasureIslandDizzy.slaveTreasureIslandDizzy.slaveTreasureIslandDizzy.slaveTreasureIslandDizzy.slave;0;0;0;0
0;Treasure Island Dizzy (CD32);Platform / Puzzle;Games:T/TreasureIslandDizzyCD32/TreasureIslandDizzyCD32.slaveTreasureIslandDizzyCD32.slaveTreasureIslandDizzyCD32.slaveTreasureIslandDizzyCD32.slave;0;0;0;0
0;Treasure Trap;Adventure / Isometric;Games:T/TreasureTrap/TreasureTrap.slaveTreasureTrap.slaveTreasureTrap.slaveTreasureTrap.slave;0;0;0;0
0;Treasures Of The Savage Frontier (NTSC);RPG / Dungeon Crawler;Games:T/TreasureSavageFrontNTSC/TreasureSavageFrontNTSC.SlaveTreasureSavageFrontNTSC.SlaveTreasureSavageFrontNTSC.SlaveTreasureSavageFrontNTSC.Slave;0;0;0;0
0;Trex Warrior;Action / Shooter / 3D;Games:T/TrexWarrior/TrexWarrior.slaveTrexWarrior.slaveTrexWarrior.slaveTrexWarrior.slave;0;0;0;0
0;TrianGO;Puzzle / 2D;Games:T/TrianGO/TrianGO.SlaveTrianGO.SlaveTrianGO.SlaveTrianGO.Slave;0;0;0;0
0;Tricky Quiky Games (German);Platform / Action;Games:T/TrickyQuikyGamesDe/TrickyQuikyGamesDe.SlaveTrickyQuikyGamesDe.SlaveTrickyQuikyGamesDe.SlaveTrickyQuikyGamesDe.Slave;0;0;0;0
0;Tripple X;Maze / Digger;Games:T/TripleX/TripleX.SlaveTripleX.SlaveTripleX.SlaveTripleX.Slave;0;0;0;0
0;Trivial Pursuit - A New Beginning;Tabletop / Board Game;Games:T/TrivialPursuitANB/TrivialPursuitANB.SlaveTrivialPursuitANB.SlaveTrivialPursuitANB.SlaveTrivialPursuitANB.Slave;0;0;0;0
0;Trivial Pursuit - A New Beginning (French);Tabletop / Board Game;Games:T/TrivialPursuitANBFr/TrivialPursuitANBFr.SlaveTrivialPursuitANBFr.SlaveTrivialPursuitANBFr.SlaveTrivialPursuitANBFr.Slave;0;0;0;0
0;Trivial Pursuit - A New Beginning (German);Tabletop / Board Game;Games:T/TrivialPursuitANBDe/TrivialPursuitANBDe.SlaveTrivialPursuitANBDe.SlaveTrivialPursuitANBDe.SlaveTrivialPursuitANBDe.Slave;0;0;0;0
0;Trivial Pursuit - Amiga Genus Edition;Quiz;Games:T/TrivialPursuit/TrivialPursuit.slaveTrivialPursuit.slaveTrivialPursuit.slaveTrivialPursuit.slave;0;0;0;0
0;Trivial Pursuit - Amiga Genus Edition (French);Quiz;Games:T/TrivialPursuitFr/TrivialPursuitFr.slaveTrivialPursuitFr.slaveTrivialPursuitFr.slaveTrivialPursuitFr.slave;0;0;0;0
0;Trivial Pursuit - Amiga Genus Edition (German);Quiz;Games:T/TrivialPursuitDe/TrivialPursuitDe.slaveTrivialPursuitDe.slaveTrivialPursuitDe.slaveTrivialPursuitDe.slave;0;0;0;0
0;Troddlers (Files);Platform / Puzzle;Games:T/TroddlersFiles/TroddlersFiles.SlaveTroddlersFiles.SlaveTroddlersFiles.SlaveTroddlersFiles.Slave;0;0;0;0
0;Troddlers (Image);Platform / Puzzle;Games:T/TroddlersImage/TroddlersImage.SlaveTroddlersImage.SlaveTroddlersImage.SlaveTroddlersImage.Slave;0;0;0;0
0;Trog!;Platform / Action;Games:T/Trog/Trog.SlaveTrog.SlaveTrog.SlaveTrog.Slave;0;0;0;0
0;Trolls;Platform / Action;Games:T/Trolls/Trolls.SlaveTrolls.SlaveTrolls.SlaveTrolls.Slave;0;0;0;0
0;Trolls (AGA);Platform / Action;Games:T/TrollsAGA/TrollsAGA.SlaveTrollsAGA.SlaveTrollsAGA.SlaveTrollsAGA.Slave;0;0;0;0
0;Trolls (CD32);Platform / Action;Games:T/TrollsCD32/TrollsCD32.SlaveTrollsCD32.SlaveTrollsCD32.SlaveTrollsCD32.Slave;0;0;0;0
0;Tube Warriors (AGA);Beat 'Em Up;Games:T/TubeWarriorsAGA/TubeWarriorsAGA.SlaveTubeWarriorsAGA.SlaveTubeWarriorsAGA.SlaveTubeWarriorsAGA.Slave;0;0;0;0
0;Tubular Worlds (1MB);Action / Shooter / Horizontal;Games:T/TubularWorlds1MB/TubularWorlds1MB.SlaveTubularWorlds1MB.SlaveTubularWorlds1MB.SlaveTubularWorlds1MB.Slave;0;0;0;0
0;Tubular Worlds (512KB);Action / Shooter / Horizontal;Games:T/TubularWorlds512KB/TubularWorlds512KB.SlaveTubularWorlds512KB.SlaveTubularWorlds512KB.SlaveTubularWorlds512KB.Slave;0;0;0;0
0;Tubular Worlds (AGA);Action / Shooter / Horizontal;Games:T/TubularWorldsAGA/TubularWorldsAGA.SlaveTubularWorldsAGA.SlaveTubularWorldsAGA.SlaveTubularWorldsAGA.Slave;0;0;0;0
0;Turbo;Racing / Car / Top Down;Games:T/Turbo/Turbo.SlaveTurbo.SlaveTurbo.SlaveTurbo.Slave;0;0;0;0
0;Turbo Cup;Racing / Car / Chase View;Games:T/TurboCup/TurboCup.SlaveTurboCup.SlaveTurboCup.SlaveTurboCup.Slave;0;0;0;0
0;Turbo Cup (French);Racing / Car / Chase View;Games:T/TurboCupFr/TurboCupFr.SlaveTurboCupFr.SlaveTurboCupFr.SlaveTurboCupFr.Slave;0;0;0;0
0;Turbo Out Run;Racing / Car / Chase View;Games:T/TurboOutRun/TurboOutRun.SlaveTurboOutRun.SlaveTurboOutRun.SlaveTurboOutRun.Slave;0;0;0;0
0;Turbo Trax (1MB);Racing / Car / Top Down;Games:T/TurboTraxArcane1MB/TurboTraxArcane1MB.SlaveTurboTraxArcane1MB.SlaveTurboTraxArcane1MB.SlaveTurboTraxArcane1MB.Slave;0;0;0;0
0;Turbo Trax (512KB);Racing / Car / Top Down;Games:T/TurboTraxArcane512KB/TurboTraxArcane512KB.SlaveTurboTraxArcane512KB.SlaveTurboTraxArcane512KB.SlaveTurboTraxArcane512KB.Slave;0;0;0;0
0;TurboRaketti II (PD) (Finnish);Reaction / Gravity;Games:T/TurboRaketti2Fi/TurboRaketti2Fi.SlaveTurboRaketti2Fi.SlaveTurboRaketti2Fi.SlaveTurboRaketti2Fi.Slave;0;0;0;0
0;Turn 'n' Burn;Action / Shooter / 2D;Games:T/TurnNBurn/TurnNBurn.slaveTurnNBurn.slaveTurnNBurn.slaveTurnNBurn.slave;0;0;0;0
0;Turrican;Action / Shooter / 2D;Games:T/Turrican/Turrican.SlaveTurrican.SlaveTurrican.SlaveTurrican.Slave;0;0;0;0
0;Turrican (CDTV);Action / Shooter / 2D;Games:T/TurricanCDTV/TurricanCDTV.SlaveTurricanCDTV.SlaveTurricanCDTV.SlaveTurricanCDTV.Slave;0;0;0;0
0;Turrican (Game Demo);Action / Shooter / 2D;Games:T/TurricanDemo/TurricanDemo.SlaveTurricanDemo.SlaveTurricanDemo.SlaveTurricanDemo.Slave;0;0;0;0
0;Turrican (NTSC);Action / Shooter / 2D;Games:T/TurricanNTSC/TurricanNTSC.SlaveTurricanNTSC.SlaveTurricanNTSC.SlaveTurricanNTSC.Slave;0;0;0;0
0;Turrican 2 - The Final Fight;Action / Shooter / 2D;Games:T/Turrican2/Turrican2.SlaveTurrican2.SlaveTurrican2.SlaveTurrican2.Slave;0;0;0;0
0;Turrican 2 - The Final Fight (CDTV);Action / Shooter / 2D;Games:T/Turrican2CDTV/Turrican2CDTV.SlaveTurrican2CDTV.SlaveTurrican2CDTV.SlaveTurrican2CDTV.Slave;0;0;0;0
0;Turrican 2 - The Final Fight (Game Demo);Action / Shooter / 2D;Games:T/Turrican2Demo/Turrican2Demo.SlaveTurrican2Demo.SlaveTurrican2Demo.SlaveTurrican2Demo.Slave;0;0;0;0
0;Turrican 3;Action / Shooter / 2D;Games:T/Turrican3/Turrican3.SlaveTurrican3.SlaveTurrican3.SlaveTurrican3.Slave;0;0;0;0
0;Turrican 3 (Game Demo);Action / Shooter / 2D;Games:T/Turrican3Demo/Turrican3Demo.SlaveTurrican3Demo.SlaveTurrican3Demo.SlaveTurrican3Demo.Slave;0;0;0;0
0;Tusker;Adventure / Action;Games:T/Tusker/Tusker.SlaveTusker.SlaveTusker.SlaveTusker.Slave;0;0;0;0
0;TV Sports Baseball;Sport / Baseball;Games:T/TVSportsBaseball/TVSportsBaseball.SlaveTVSportsBaseball.SlaveTVSportsBaseball.SlaveTVSportsBaseball.Slave;0;0;0;0
0;TV Sports Basketball;Sport / Basketball;Games:T/TVSportsBasketball/TVSportsBasketball.slaveTVSportsBasketball.slaveTVSportsBasketball.slaveTVSportsBasketball.slave;0;0;0;0
0;TV Sports Boxing;Sport / Boxing;Games:T/TVSportsBoxing/TVSportsBoxing.SlaveTVSportsBoxing.SlaveTVSportsBoxing.SlaveTVSportsBoxing.Slave;0;0;0;0
0;TV Sports Football;Sport / American Football;Games:T/TVSportsFootball/TVSportsFootball.slaveTVSportsFootball.slaveTVSportsFootball.slaveTVSportsFootball.slave;0;0;0;0
0;Twin Turbos;Racing / Car / Top Down;Games:T/TwinTurbos/TwinTurbos.slaveTwinTurbos.slaveTwinTurbos.slaveTwinTurbos.slave;0;0;0;0
0;Twintris;Reaction / Tetris;Games:T/Twintris/Twintris.SlaveTwintris.SlaveTwintris.SlaveTwintris.Slave;0;0;0;0
0;Twinworld - Land Of Vision;Platform / Action;Games:T/TwinWorld/Twinworld.slaveTwinworld.slaveTwinworld.slaveTwinworld.slave;0;0;0;0
0;Twylyte;Action / Shooter / 3D;Games:T/Twylyte/Twylyte.SlaveTwylyte.SlaveTwylyte.SlaveTwylyte.Slave;0;0;0;0
0;Typhoon;Action / Shooter / Vertical;Games:T/Typhoon/Typhoon.SlaveTyphoon.SlaveTyphoon.SlaveTyphoon.Slave;0;0;0;0
0;Typhoon Thompson In Search For The Sea Child (NTSC);Action / Shooter / 3D;Games:T/TyphoonThompsonNTSC/TyphoonThompsonNTSC.slaveTyphoonThompsonNTSC.slaveTyphoonThompsonNTSC.slaveTyphoonThompsonNTSC.slave;0;0;0;0
0;Typhoon Thompson In Search For The Sea Child (NTSC) (512K;Action / Shooter / 3D;Games:T/TyphoonThompson512kNTSC/TyphoonThompson512kNTSC.slaveTyphoonThompson512kNTSC.slaveTyphoonThompson512kNTSC.slaveTyphoonThompson512kNTSC.slave;0;0;0;0
0;U.S.S. John Young;Simulator / Boat;Games:U/USSJohnYoung/USSJohnYoung.SlaveUSSJohnYoung.SlaveUSSJohnYoung.SlaveUSSJohnYoung.Slave;0;0;0;0
0;UFO Enemy Unknown;Strategy / Action;Games:U/UFOEnemyUnknown/UFOEnemyUnknown.SlaveUFOEnemyUnknown.SlaveUFOEnemyUnknown.SlaveUFOEnemyUnknown.Slave;0;0;0;0
0;UFO Enemy Unknown (AGA);Strategy / Action;Games:U/UFOEnemyUnknownAGA/UFOEnemyUnknownAGA.SlaveUFOEnemyUnknownAGA.SlaveUFOEnemyUnknownAGA.SlaveUFOEnemyUnknownAGA.Slave;0;0;0;0
0;UFO Enemy Unknown (CD32);Strategy / Action;Games:U/UFOEnemyUnknownCD32/UFOEnemyUnknownCD32.SlaveUFOEnemyUnknownCD32.SlaveUFOEnemyUnknownCD32.SlaveUFOEnemyUnknownCD32.Slave;0;0;0;0
0;Ugh!;Platform / Action;Games:U/Ugh/Ugh.slaveUgh.slaveUgh.slaveUgh.slave;0;0;0;0
0;Ultima III - Exodus;RPG / Open World;Games:U/Ultima3/Ultima3.SlaveUltima3.SlaveUltima3.SlaveUltima3.Slave;0;0;0;0
0;Ultima IV - Quest of the Avatar (NTSC);RPG / Open World;Games:U/Ultima4NTSC/Ultima4NTSC.slaveUltima4NTSC.slaveUltima4NTSC.slaveUltima4NTSC.slave;0;0;0;0
0;Ultima V - Warriors Of Destiny;RPG / Open World;Games:U/Ultima5/Ultima5.SlaveUltima5.SlaveUltima5.SlaveUltima5.Slave;0;0;0;0
0;Ultima VI - The False Prophet;RPG / Dungeon Crawler;Games:U/Ultima6/Ultima6.SlaveUltima6.SlaveUltima6.SlaveUltima6.Slave;0;0;0;0
0;Ultimate Body Blows (CD32);Beat 'Em Up;Games:U/UltimateBodyBlowsCD32/UltimateBodyBlowsCD32.slaveUltimateBodyBlowsCD32.slaveUltimateBodyBlowsCD32.slaveUltimateBodyBlowsCD32.slave;0;0;0;0
0;Ultimate Pinball Quest;Pinball;Games:U/UltimatePinballQuest/UltimatePinballQuest.slaveUltimatePinballQuest.slaveUltimatePinballQuest.slaveUltimatePinballQuest.slave;0;0;0;0
0;Ultimate Ride, The;Racing / Bike / Rider View;Games:U/UltimateRide/UltimateRide.slaveUltimateRide.slaveUltimateRide.slaveUltimateRide.slave;0;0;0;0
0;Ultimate XTreme Racing (CD-ROM) (AGA);Racing / Car / Chase View;Games:U/UltimateXTremeRacingCD/UltimateXTremeRacingCD.slaveUltimateXTremeRacingCD.slaveUltimateXTremeRacingCD.slaveUltimateXTremeRacingCD.slave;0;0;0;0
0;UMS - Universal Military Simulator;Strategy / Battle / 2D;Games:U/UniversalMilitarySim/UniversalMilitarySim.SlaveUniversalMilitarySim.SlaveUniversalMilitarySim.SlaveUniversalMilitarySim.Slave;0;0;0;0
0;UMS II - Nations at War;Strategy / Battle / 2D;Games:U/UMS2NationsAtWar/UMS2NationsAtWar.SlaveUMS2NationsAtWar.SlaveUMS2NationsAtWar.SlaveUMS2NationsAtWar.Slave;0;0;0;0
0;UN Squadron;Action / Shooter / Horizontal;Games:U/UNSquadron/UNSquadron.slaveUNSquadron.slaveUNSquadron.slaveUNSquadron.slave;0;0;0;0
0;Under Pressure;Action / Shooter / Horizontal;Games:U/UnderPressure/UnderPressure.SlaveUnderPressure.SlaveUnderPressure.SlaveUnderPressure.Slave;0;0;0;0
0;Uninvited;Adventure / Graphic;Games:U/Uninvited/Uninvited.SlaveUninvited.SlaveUninvited.SlaveUninvited.Slave;0;0;0;0
0;Universal Monsters;Adventure / Isometric;Games:U/UniversalMonsters/UniversalMonsters.SlaveUniversalMonsters.SlaveUniversalMonsters.SlaveUniversalMonsters.Slave;0;0;0;0
0;Universal Warrior;Action / Shooter / Multi Way;Games:U/UniversalWarrior/UniversalWarrior.SlaveUniversalWarrior.SlaveUniversalWarrior.SlaveUniversalWarrior.Slave;0;0;0;0
0;Universe;Adventure / Point & Click;Games:U/Universe/Universe.SlaveUniverse.SlaveUniverse.SlaveUniverse.Slave;0;0;0;0
0;Universe (CD32);Adventure / Point & Click;Games:U/UniverseCD32/UniverseCD32.SlaveUniverseCD32.SlaveUniverseCD32.SlaveUniverseCD32.Slave;0;0;0;0
0;Universe 3 (NTSC);RPG / Open World;Games:U/Universe3NTSC/Universe3NTSC.SlaveUniverse3NTSC.SlaveUniverse3NTSC.SlaveUniverse3NTSC.Slave;0;0;0;0
0;Unreal;Action / Shooter / 3D;Games:U/Unreal/Unreal.SlaveUnreal.SlaveUnreal.SlaveUnreal.Slave;0;0;0;0
0;Unreal (NTSC);Action / Shooter / 3D;Games:U/UnrealNTSC/UnrealNTSC.SlaveUnrealNTSC.SlaveUnrealNTSC.SlaveUnrealNTSC.Slave;0;0;0;0
0;Unsensible Soccer (Coverdisk);Sport / Football / Soccer;Games:U/UnsensibleSoccer/UnsensibleSoccer.SlaveUnsensibleSoccer.SlaveUnsensibleSoccer.SlaveUnsensibleSoccer.Slave;0;0;0;0
0;Untouchables, The;Action / Multi Level;Games:U/Untouchables/Untouchables.SlaveUntouchables.SlaveUntouchables.SlaveUntouchables.Slave;0;0;0;0
0;Up Scope;Action / Shooter / 3D;Games:U/UpScope/UpScope.SlaveUpScope.SlaveUpScope.SlaveUpScope.Slave;0;0;0;0
0;Up Scope (Arcadia);Action / Shooter / 3D;Games:U/UpScopeArcadia/UpScopeArcadia.SlaveUpScopeArcadia.SlaveUpScopeArcadia.SlaveUpScopeArcadia.Slave;0;0;0;0
0;Uridium 2 (1MB);Action / Shooter / Horizontal;Games:U/Uridium21MB/Uridium21MB.SlaveUridium21MB.SlaveUridium21MB.SlaveUridium21MB.Slave;0;0;0;0
0;Uridium 2 (2MB);Action / Shooter / Horizontal;Games:U/Uridium22MB/Uridium22MB.SlaveUridium22MB.SlaveUridium22MB.SlaveUridium22MB.Slave;0;0;0;0
0;Utopia;Management / Space;Games:U/Utopia/Utopia.slaveUtopia.slaveUtopia.slaveUtopia.slave;0;0;0;0
0;Utopia - The New Worlds;Management / Space;Games:U/Utopia&NewWorlds/Utopia&NewWorlds.slaveUtopia&NewWorlds.slaveUtopia&NewWorlds.slaveUtopia&NewWorlds.slave;0;0;0;0
0;Vac-Suit Jack (Game Demo);Platform / Action;Games:V/VacSuitJackDemo/VacSuitJackDemo.SlaveVacSuitJackDemo.SlaveVacSuitJackDemo.SlaveVacSuitJackDemo.Slave;0;0;0;0
0;Vader;Action / Shooter / Vertical;Games:V/Vader/Vader.SlaveVader.SlaveVader.SlaveVader.Slave;0;0;0;0
0;Valhalla - Before The War;Adventure / Action;Games:V/ValhallaBeforeTheWar/ValhallaBeforeTheWar.slaveValhallaBeforeTheWar.slaveValhallaBeforeTheWar.slaveValhallaBeforeTheWar.slave;0;0;0;0
0;Valhalla & The Lord of Infinity;Adventure / Action;Games:V/ValhallaLordOfInfinity/ValhallaLordOfInfinity.slaveValhallaLordOfInfinity.slaveValhallaLordOfInfinity.slaveValhallaLordOfInfinity.slave;0;0;0;0
0;Vampire's Empire;Platform / Action;Games:V/VampiresEmpire/VampiresEmpire.SlaveVampiresEmpire.SlaveVampiresEmpire.SlaveVampiresEmpire.Slave;0;0;0;0
0;Vaxine;Puzzle / 3D;Games:V/Vaxine/Vaxine.SlaveVaxine.SlaveVaxine.SlaveVaxine.Slave;0;0;0;0
0;Vector Championship Run;Racing / Car / Driver View;Games:C/ChampionshipRun/ChampionshipRun.SlaveChampionshipRun.SlaveChampionshipRun.SlaveChampionshipRun.Slave;0;0;0;0
0;Vectorball;Sport / Futuristic;Games:V/Vectorball/Vectorball.SlaveVectorball.SlaveVectorball.SlaveVectorball.Slave;0;0;0;0
0;Vegas Gambler;Gambling / Casino;Games:V/VegasGambler/VegasGambler.SlaveVegasGambler.SlaveVegasGambler.SlaveVegasGambler.Slave;0;0;0;0
0;Vengeance of Excalibur;RPG / Open World;Games:V/VengeanceOfExcalibur/VengeanceOfExcalibur.slaveVengeanceOfExcalibur.slaveVengeanceOfExcalibur.slaveVengeanceOfExcalibur.slave;0;0;0;0
0;Vengeance of Excalibur (French);RPG / Open World;Games:V/VengeanceOfExcaliburFr/VengeanceOfExcaliburFr.slaveVengeanceOfExcaliburFr.slaveVengeanceOfExcaliburFr.slaveVengeanceOfExcaliburFr.slave;0;0;0;0
0;Vengeance of Excalibur (German);RPG / Open World;Games:V/VengeanceOfExcaliburDe/VengeanceOfExcaliburDe.slaveVengeanceOfExcaliburDe.slaveVengeanceOfExcaliburDe.slaveVengeanceOfExcaliburDe.slave;0;0;0;0
0;Venom Wing;Action / Shooter / Horizontal;Games:V/VenomWing/VenomWing.SlaveVenomWing.SlaveVenomWing.SlaveVenomWing.Slave;0;0;0;0
0;Venus The Flytrap;Platform / Action;Games:V/VenusTheFlytrap/VenusTheFlytrap.SlaveVenusTheFlytrap.SlaveVenusTheFlytrap.SlaveVenusTheFlytrap.Slave;0;0;0;0
0;Venus The Flytrap (No Intro);Action / Shooter / 2D;Games:V/VenusTheFlytrapNoIntro/VenusTheFlytrapNoIntro.SlaveVenusTheFlytrapNoIntro.SlaveVenusTheFlytrapNoIntro.SlaveVenusTheFlytrapNoIntro.Slave;0;0;0;0
0;Vermeer (German);Strategy / Trading;Games:V/VermeerDe/VermeerDe.SlaveVermeerDe.SlaveVermeerDe.SlaveVermeerDe.Slave;0;0;0;0
0;Verteidiger Der Krone 2 (CD32) (German);Strategy / Historical;Games:V/VerteidigerKrone2CD32De/VerteidigerKrone2CD32De.slaveVerteidigerKrone2CD32De.slaveVerteidigerKrone2CD32De.slaveVerteidigerKrone2CD32De.slave;0;0;0;0
0;Veteran;Action / Shooter / Crosshair;Games:V/Veteran/Veteran.SlaveVeteran.SlaveVeteran.SlaveVeteran.Slave;0;0;0;0
0;Viaje Al Centro De La Tierra (Spanish);Adventure / Action;Games:V/ViajeAlCentroDeLaTierraEs/ViajeAlCentroDeLaTierraEs.slaveViajeAlCentroDeLaTierraEs.slaveViajeAlCentroDeLaTierraEs.slaveViajeAlCentroDeLaTierraEs.slave;0;0;0;0
0;Victory Road - The Pathway To Fear;Action / Shooter / Vertical;Games:V/VictoryRoad/VictoryRoad.slaveVictoryRoad.slaveVictoryRoad.slaveVictoryRoad.slave;0;0;0;0
0;Video Kid;Platform / Action;Games:V/VideoKid/VideoKid.slaveVideoKid.slaveVideoKid.slaveVideoKid.slave;0;0;0;0
0;Vigilante;Action / Fighter 2.5D;Games:V/Vigilante/Vigilante.SlaveVigilante.SlaveVigilante.SlaveVigilante.Slave;0;0;0;0
0;Vindex;Action / Shooter / 3D;Games:V/Vindex/Vindex.SlaveVindex.SlaveVindex.SlaveVindex.Slave;0;0;0;0
0;Vindicators;Action / Shooter / Vertical;Games:V/Vindicators/Vindicators.SlaveVindicators.SlaveVindicators.SlaveVindicators.Slave;0;0;0;0
0;Violator;Action / Shooter / Vertical;Games:V/Violator/Violator.SlaveViolator.SlaveViolator.SlaveViolator.Slave;0;0;0;0
0;Virocop;Action / Shooter / Multi Way;Games:V/Virocop/Virocop.slaveVirocop.slaveVirocop.slaveVirocop.slave;0;0;0;0
0;Virocop (AGA);Action / Shooter / Multi Way;Games:V/VirocopAGA/VirocopAGA.slaveVirocopAGA.slaveVirocopAGA.slaveVirocopAGA.slave;0;0;0;0
0;Virtual Karting (AGA);Racing / Car / Driver View;Games:V/VirtualKartingAGA/VirtualKartingAGA.SlaveVirtualKartingAGA.SlaveVirtualKartingAGA.SlaveVirtualKartingAGA.Slave;0;0;0;0
0;Virtual Karting (Game Demo) (AGA);Racing / Car / Driver View;Games:V/VirtualKartingDemoAGA/VirtualKartingDemoAGA.SlaveVirtualKartingDemoAGA.SlaveVirtualKartingDemoAGA.SlaveVirtualKartingDemoAGA.Slave;0;0;0;0
0;Virtual Karting 2 (AGA);Racing / Car / Driver View;Games:V/VirtualKarting2AGA/VirtualKarting2AGA.slaveVirtualKarting2AGA.slaveVirtualKarting2AGA.slaveVirtualKarting2AGA.slave;0;0;0;0
0;Virtual Karting 2 (CD-ROM) (AGA);Racing / Car / Driver View;Games:V/VirtualKarting2AGACD/VirtualKarting2AGACD.slaveVirtualKarting2AGACD.slaveVirtualKarting2AGACD.slaveVirtualKarting2AGACD.slave;0;0;0;0
0;Virtual Karting 2 (Game Demo) (AGA);Racing / Car / Driver View;Games:V/VirtualKarting2DemoAGA/VirtualKarting2DemoAGA.SlaveVirtualKarting2DemoAGA.SlaveVirtualKarting2DemoAGA.SlaveVirtualKarting2DemoAGA.Slave;0;0;0;0
0;Virus;Action / Shooter / 3D;Games:V/Virus/Virus.slaveVirus.slaveVirus.slaveVirus.slave;0;0;0;0
0;Vital Light;Puzzle / 2D;Games:V/VitalLight/VitalLight.slaveVitalLight.slaveVitalLight.slaveVitalLight.slave;0;0;0;0
0;Vixen;Action / Fighter 2D;Games:V/Vixen/Vixen.slaveVixen.slaveVixen.slaveVixen.slave;0;0;0;0
0;Viz - The Game;Action / Multi Level;Games:V/Viz/Viz.SlaveViz.SlaveViz.SlaveViz.Slave;0;0;0;0
0;Volfied;Reaction / 2D;Games:V/Volfied/Volfied.SlaveVolfied.SlaveVolfied.SlaveVolfied.Slave;0;0;0;0
0;Voodoo Nightmare;Adventure / Isometric;Games:V/VoodooNightmare/VoodooNightmare.SlaveVoodooNightmare.SlaveVoodooNightmare.SlaveVoodooNightmare.Slave;0;0;0;0
0;Vortex (NTSC);Action / Shooter / 2D;Games:V/VortexNTSC/VortexNTSC.SlaveVortexNTSC.SlaveVortexNTSC.SlaveVortexNTSC.Slave;0;0;0;0
0;Voyager;Action / Shooter / 3D;Games:V/Voyager/Voyager.slaveVoyager.slaveVoyager.slaveVoyager.slave;0;0;0;0
0;Voyages Of Discovery;Strategy / Trading;Games:V/VoyagesOfDiscovery/VoyagesOfDiscovery.slaveVoyagesOfDiscovery.slaveVoyagesOfDiscovery.slaveVoyagesOfDiscovery.slave;0;0;0;0
0;Voyageurs du Temps, Les - La Menace (French);Adventure / Point & Click;Games:V/VoyageursDuTempsFr/VoyageursDuTempsFr.slaveVoyageursDuTempsFr.slaveVoyageursDuTempsFr.slaveVoyageursDuTempsFr.slave;0;0;0;0
0;Vroom;Racing / Car / Driver View;Games:V/Vroom/Vroom.SlaveVroom.SlaveVroom.SlaveVroom.Slave;0;0;0;0
0;Vroom & Data Disk;Racing / Car / Driver View;Games:V/Vroom&DataDisk/Vroom.SlaveVroom.SlaveVroom.SlaveVroom.Slave;0;0;0;0
0;Vroom & Data Disk;Racing / Car / Driver View;Games:V/Vroom&DataDisk/DataDisk.SlaveDataDisk.SlaveDataDisk.SlaveDataDisk.Slave;0;0;0;0
0;Vroom Multiplayer;Racing / Car / Driver View;Games:V/VroomMultiPlayer/VroomMultiplayer.SlaveVroomMultiplayer.SlaveVroomMultiplayer.SlaveVroomMultiplayer.Slave;0;0;0;0
0;Vyper;Action / Shooter / Vertical;Games:V/Vyper/Vyper.SlaveVyper.SlaveVyper.SlaveVyper.Slave;0;0;0;0
0;Vyrus (Coverdisk);Action / Shooter / Multi Way;Games:V/Vyrus/Vyrus.SlaveVyrus.SlaveVyrus.SlaveVyrus.Slave;0;0;0;0
0;W Potrzasku (Polish);RPG / Dungeon Crawler;Games:W/WPotrzaskuPl/WPotrzaskuPl.SlaveWPotrzaskuPl.SlaveWPotrzaskuPl.SlaveWPotrzaskuPl.Slave;0;0;0;0
0;Wacky Darts;Sport / Darts;Games:W/WackyDarts/WackyDarts.slaveWackyDarts.slaveWackyDarts.slaveWackyDarts.slave;0;0;0;0
0;Wacky Races;Platform / Vehicle;Games:W/WackyRaces/WackyRaces.SlaveWackyRaces.SlaveWackyRaces.SlaveWackyRaces.Slave;0;0;0;0
0;Wacus The Detective (Polish);Platform / Action;Games:W/WacusTheDetectivePl/WacusTheDetectivePl.SlaveWacusTheDetectivePl.SlaveWacusTheDetectivePl.SlaveWacusTheDetectivePl.Slave;0;0;0;0
0;Walker;Action / Shooter / 2D;Games:W/WalkerCrunched/WalkerCrunched.SlaveWalkerCrunched.SlaveWalkerCrunched.SlaveWalkerCrunched.Slave;0;0;0;0
0;Walker (No Speech);Action / Shooter / 2D;Games:W/WalkerCrunchedNoSpeech/WalkerCrunchedNoSpeech.SlaveWalkerCrunchedNoSpeech.SlaveWalkerCrunchedNoSpeech.SlaveWalkerCrunchedNoSpeech.Slave;0;0;0;0
0;Walker Decrunched;Unknown;Games:W/WalkerDecrunched/WalkerDecrunched.SlaveWalkerDecrunched.SlaveWalkerDecrunched.SlaveWalkerDecrunched.Slave;0;0;0;0
0;Walker Decrunched No Speech;Unknown;Games:W/WalkerDecrunchedNoSpeech/WalkerDecrunchedNoSpeech.SlaveWalkerDecrunchedNoSpeech.SlaveWalkerDecrunchedNoSpeech.SlaveWalkerDecrunchedNoSpeech.Slave;0;0;0;0
0;Wall, The;Bat & Ball / 2D;Games:W/Wall/Wall.SlaveWall.SlaveWall.SlaveWall.Slave;0;0;0;0
0;Wanderer 3D;Action / Shooter / 3D;Games:W/Wanderer3D/Wanderer3D.SlaveWanderer3D.SlaveWanderer3D.SlaveWanderer3D.Slave;0;0;0;0
0;Wanted;Action / Shooter / Multi Way;Games:W/Wanted/Wanted.SlaveWanted.SlaveWanted.SlaveWanted.Slave;0;0;0;0
0;War In Middle Earth;Strategy / Battle / 2D;Games:W/WarInMiddleEarth/WarInMiddleEarth.SlaveWarInMiddleEarth.SlaveWarInMiddleEarth.SlaveWarInMiddleEarth.Slave;0;0;0;0
0;War In The Gulf;Simulator / Tank;Games:W/WarInTheGulf/WarInTheGulf.SlaveWarInTheGulf.SlaveWarInTheGulf.SlaveWarInTheGulf.Slave;0;0;0;0
0;War Machine;Action / Shooter / 2D;Games:W/WarMachine/WarMachine.SlaveWarMachine.SlaveWarMachine.SlaveWarMachine.Slave;0;0;0;0
0;War Zone (Core Design);Action / Shooter / Vertical;Games:W/WarZoneCoreDesign/WarzoneCoreDesign.slaveWarzoneCoreDesign.slaveWarzoneCoreDesign.slaveWarzoneCoreDesign.slave;0;0;0;0
0;War Zone (Paradox);Action / Shooter / Vertical;Games:W/WarZoneParadox/WarzoneParadox.SlaveWarzoneParadox.SlaveWarzoneParadox.SlaveWarzoneParadox.Slave;0;0;0;0
0;Warhead;Action / Shooter / 3D;Games:W/Warhead/Warhead.SlaveWarhead.SlaveWarhead.SlaveWarhead.Slave;0;0;0;0
0;Warlock The Avenger;Action / Shooter / Multi Way;Games:W/WarlockTheAvenger/WarlockTheAvenger.SlaveWarlockTheAvenger.SlaveWarlockTheAvenger.SlaveWarlockTheAvenger.Slave;0;0;0;0
0;Warlock's Quest;Action / Shooter / 2D;Games:W/WarlocksQuest/WarlocksQuest.SlaveWarlocksQuest.SlaveWarlocksQuest.SlaveWarlocksQuest.Slave;0;0;0;0
0;Warlords;Strategy / Historical;Games:W/Warlords/Warlords.SlaveWarlords.SlaveWarlords.SlaveWarlords.Slave;0;0;0;0
0;Warm Up;Racing / Car / Top Down;Games:W/WarmUp/WarmUp.SlaveWarmUp.SlaveWarmUp.SlaveWarmUp.Slave;0;0;0;0
0;Warp;Action / Shooter / Multi Way;Games:W/Warp/Warp.slaveWarp.slaveWarp.slaveWarp.slave;0;0;0;0
0;Watchtower (AGA);Action / Shooter / Multi Way;Games:W/WatchtowerAGA/WatchTowerAGA.slaveWatchTowerAGA.slaveWatchTowerAGA.slaveWatchTowerAGA.slave;0;0;0;0
0;Waterloo;Strategy / Battle / 3D;Games:W/Waterloo/Waterloo.SlaveWaterloo.SlaveWaterloo.SlaveWaterloo.Slave;0;0;0;0
0;WaxWorks;Adventure / Graphic;Games:W/Waxworks/Waxworks.SlaveWaxworks.SlaveWaxworks.SlaveWaxworks.Slave;0;0;0;0
0;WaxWorks (French);Adventure / Graphic;Games:W/WaxworksFr/WaxworksFr.SlaveWaxworksFr.SlaveWaxworksFr.SlaveWaxworksFr.Slave;0;0;0;0
0;WaxWorks (German);Adventure / Graphic;Games:W/WaxworksDe/WaxworksDe.SlaveWaxworksDe.SlaveWaxworksDe.SlaveWaxworksDe.Slave;0;0;0;0
0;Way of the Little Dragon, The;Beat 'Em Up;Games:W/WayOfTheLittleDragon/WayOfTheLittleDragon.SlaveWayOfTheLittleDragon.SlaveWayOfTheLittleDragon.SlaveWayOfTheLittleDragon.Slave;0;0;0;0
0;Way of the Little Dragon, The (AmigaStar Collection);Beat 'Em Up;Games:W/WayOfTheLittleDragonAStar/WayOfTheLittleDragonAStar.SlaveWayOfTheLittleDragonAStar.SlaveWayOfTheLittleDragonAStar.SlaveWayOfTheLittleDragonAStar.Slave;0;0;0;0
0;Wayne Gretzky Hockey;Sport / Ice Hockey;Games:W/WayneGretzkyHockey//Games:W/WayneGretzkyHockey//Games:W/WayneGretzkyHockey//Games:W/WayneGretzkyHockey//;0;0;0;0
0;Wayne Gretzky Hockey;Sport / Ice Hockey;Games:W/WayneGretzkyHockey/WayneGretzkyHockey.slaveWayneGretzkyHockey.slaveWayneGretzkyHockey.slaveWayneGretzkyHockey.slave;0;0;0;0
0;Wayne Gretzky Hockey 2;Sport / Ice Hockey;Games:W/WayneGretzkyHockey2/WayneGretzkyHockey2.SlaveWayneGretzkyHockey2.SlaveWayneGretzkyHockey2.SlaveWayneGretzkyHockey2.Slave;0;0;0;0
0;Web Of Terror;Action / Shooter / 2D;Games:W/WebOfTerror/WebOfTerror.slaveWebOfTerror.slaveWebOfTerror.slaveWebOfTerror.slave;0;0;0;0
0;Ween The Prophecy;Adventure / Point & Click;Games:W/WeenTheProphecy/WeenTheProphecy.slaveWeenTheProphecy.slaveWeenTheProphecy.slaveWeenTheProphecy.slave;0;0;0;0
0;Ween The Prophecy (French);Adventure / Point & Click;Games:W/WeenTheProphecyFr/WeenTheProphecyFr.slaveWeenTheProphecyFr.slaveWeenTheProphecyFr.slaveWeenTheProphecyFr.slave;0;0;0;0
0;Ween The Prophecy (German);Adventure / Point & Click;Games:W/WeenTheProphecyDe/WeenTheProphecyDe.slaveWeenTheProphecyDe.slaveWeenTheProphecyDe.slaveWeenTheProphecyDe.slave;0;0;0;0
0;Ween The Prophecy (Italian);Adventure / Point & Click;Games:W/WeenTheProphecyIt/WeenTheProphecyIt.slaveWeenTheProphecyIt.slaveWeenTheProphecyIt.slaveWeenTheProphecyIt.slave;0;0;0;0
0;Ween The Prophecy (Spanish);Adventure / Point & Click;Games:W/WeenTheProphecyEs/WeenTheProphecyEs.slaveWeenTheProphecyEs.slaveWeenTheProphecyEs.slaveWeenTheProphecyEs.slave;0;0;0;0
0;Weird Dreams;Adventure / Action;Games:W/WeirdDreams/WeirdDreams.SlaveWeirdDreams.SlaveWeirdDreams.SlaveWeirdDreams.Slave;0;0;0;0
0;Welltris;Puzzle / 3D;Games:W/Welltris/Welltris.slaveWelltris.slaveWelltris.slaveWelltris.slave;0;0;0;0
0;Wembley International Soccer;Sport / Football / Soccer;Games:W/WembleyIntSoccer/WembleyIntSoccer.SlaveWembleyIntSoccer.SlaveWembleyIntSoccer.SlaveWembleyIntSoccer.Slave;0;0;0;0
0;Wembley International Soccer (AGA);Sport / Football / Soccer;Games:W/WembleyIntSoccerAGA/WembleyIntSoccerAGA.SlaveWembleyIntSoccerAGA.SlaveWembleyIntSoccerAGA.SlaveWembleyIntSoccerAGA.Slave;0;0;0;0
0;Wembley Rugby League;Sport / Rugby;Games:W/WembleyRugbyLeague/WembleyRugbyLeague.SlaveWembleyRugbyLeague.SlaveWembleyRugbyLeague.SlaveWembleyRugbyLeague.Slave;0;0;0;0
0;West Phaser;Action / Shooter / Crosshair;Games:W/WestPhaser/WestPhaser.SlaveWestPhaser.SlaveWestPhaser.SlaveWestPhaser.Slave;0;0;0;0
0;West Phaser (French);Action / Shooter / Crosshair;Games:W/WestPhaserFr/WestPhaserFr.SlaveWestPhaserFr.SlaveWestPhaserFr.SlaveWestPhaserFr.Slave;0;0;0;0
0;Western Games;Action / Wild West;Games:W/WesternGames/WesternGames.SlaveWesternGames.SlaveWesternGames.SlaveWesternGames.Slave;0;0;0;0
0;Wheels On Fire (AGA);Racing / Car / Chase View;Games:W/WheelsOnFireAGA/WheelsOnFireAGA.SlaveWheelsOnFireAGA.SlaveWheelsOnFireAGA.SlaveWheelsOnFireAGA.Slave;0;0;0;0
0;Where in Europe is Carmen Sandiego;Adventure / Graphic;Games:W/WIEuropeIsCarmenSandiego/WIEuropeIsCarmenSandiego.SlaveWIEuropeIsCarmenSandiego.SlaveWIEuropeIsCarmenSandiego.SlaveWIEuropeIsCarmenSandiego.Slave;0;0;0;0
0;Where in the USA is Carmen Sandiego;Adventure / Graphic;Games:W/WITUSAIsCarmenSandiego/WITUSAIsCarmenSandiego.slaveWITUSAIsCarmenSandiego.slaveWITUSAIsCarmenSandiego.slaveWITUSAIsCarmenSandiego.slave;0;0;0;0
0;Where in the World is Carmen Sandiego (NTSC);Adventure / Graphic;Games:W/WITWIsCarmenSandiegoNTSC/WITWIsCarmenSandiegoNTSC.slaveWITWIsCarmenSandiegoNTSC.slaveWITWIsCarmenSandiegoNTSC.slaveWITWIsCarmenSandiegoNTSC.slave;0;0;0;0
0;Where Time Stood Still;Adventure / Isometric;Games:W/WhereTimeStoodStill/WhereTimeStoodStill.SlaveWhereTimeStoodStill.SlaveWhereTimeStoodStill.SlaveWhereTimeStoodStill.Slave;0;0;0;0
0;Whirligig;Action / Shooter / 3D;Games:W/Whirligig/Whirligig.SlaveWhirligig.SlaveWhirligig.SlaveWhirligig.Slave;0;0;0;0
0;White Death - Battle for Velikiye Luki, November 1942;Strategy / Battle / 2D;Games:W/WhiteDeath/WhiteDeath.SlaveWhiteDeath.SlaveWhiteDeath.SlaveWhiteDeath.Slave;0;0;0;0
0;Whizz;Puzzle / Isometric;Games:W/Whizz/Whizz.SlaveWhizz.SlaveWhizz.SlaveWhizz.Slave;0;0;0;0
0;Whizz (AGA);Puzzle / Isometric;Games:W/WhizzAGA/WhizzAGA.SlaveWhizzAGA.SlaveWhizzAGA.SlaveWhizzAGA.Slave;0;0;0;0
0;Who Framed Roger Rabbit Pre-Release;Platform / Action;Games:W/WhoFramedRogerRabbitPR/WhoFramedRogerRabbitPR.slaveWhoFramedRogerRabbitPR.slaveWhoFramedRogerRabbitPR.slaveWhoFramedRogerRabbitPR.slave;0;0;0;0
0;Wibble World Giddy (PD);Platform / Action;Games:W/WibbleWorldGiddy/WibbleWorldGiddy.SlaveWibbleWorldGiddy.SlaveWibbleWorldGiddy.SlaveWibbleWorldGiddy.Slave;0;0;0;0
0;Wicked;Action / Shooter / 2D;Games:W/Wicked/Wicked.slaveWicked.slaveWicked.slaveWicked.slave;0;0;0;0
0;Wild Cup Soccer;Sport / Futuristic;Games:W/WildCupSoccer/WildCupSoccer.SlaveWildCupSoccer.SlaveWildCupSoccer.SlaveWildCupSoccer.Slave;0;0;0;0
0;Wild Life;Action / Shooter / Crosshair;Games:W/WildLife/WildLife.SlaveWildLife.SlaveWildLife.SlaveWildLife.Slave;0;0;0;0
0;Wild Streets;Action / Fighter 2D;Games:W/WildStreets/WildStreets.slaveWildStreets.slaveWildStreets.slaveWildStreets.slave;0;0;0;0
0;Wild West World;Adventure / Graphic;Games:W/WildWestWorld/WildWestWorld.SlaveWildWestWorld.SlaveWildWestWorld.SlaveWildWestWorld.Slave;0;0;0;0
0;Wild West World (German);Adventure / Graphic;Games:W/WildWestWorldDe/WildWestWorldDe.SlaveWildWestWorldDe.SlaveWildWestWorldDe.SlaveWildWestWorldDe.Slave;0;0;0;0
0;Wild Wheels;Sport / Futuristic;Games:W/WildWheels/WildWheels.SlaveWildWheels.SlaveWildWheels.SlaveWildWheels.Slave;0;0;0;0
0;Wind Surf Willy;Sport / Other;Games:W/WindSurfWilly/WindSurfWilly.SlaveWindSurfWilly.SlaveWindSurfWilly.SlaveWindSurfWilly.Slave;0;0;0;0
0;Wind Surf Willy (Fast Mem);Sport / Other;Games:W/WindSurfWillyFast/WindSurfWillyFast.slaveWindSurfWillyFast.slaveWindSurfWillyFast.slaveWindSurfWillyFast.slave;0;0;0;0
0;Wind Surf Willy (Fast Mem) (French);Sport / Other;Games:W/WindSurfWillyFastFr/WindSurfWillyFastFr.SlaveWindSurfWillyFastFr.SlaveWindSurfWillyFastFr.SlaveWindSurfWillyFastFr.Slave;0;0;0;0
0;Wind Surf Willy (French);Sport / Other;Games:W/WindSurfWillyFr/WindSurfWillyFr.SlaveWindSurfWillyFr.SlaveWindSurfWillyFr.SlaveWindSurfWillyFr.Slave;0;0;0;0
0;Window Wizard (Files);Reaction / 2D;Games:W/WindowWizardFiles/WindowWizardFiles.SlaveWindowWizardFiles.SlaveWindowWizardFiles.SlaveWindowWizardFiles.Slave;0;0;0;0
0;Window Wizard (Image);Reaction / 2D;Games:W/WindowWizardImage/WindowWizardImage.SlaveWindowWizardImage.SlaveWindowWizardImage.SlaveWindowWizardImage.Slave;0;0;0;0
0;Windwalker (NTSC);RPG / Action;Games:W/WindwalkerNTSC/WindwalkerNTSC.SlaveWindwalkerNTSC.SlaveWindwalkerNTSC.SlaveWindwalkerNTSC.Slave;0;0;0;0
0;Wing Commander;Action / Shooter / 3D;Games:W/WingCommander/WingCommander.SlaveWingCommander.SlaveWingCommander.SlaveWingCommander.Slave;0;0;0;0
0;Wing Commander (CD32);Action / Shooter / 3D;Games:W/WingCommanderCD32/WingCommanderCD32.SlaveWingCommanderCD32.SlaveWingCommanderCD32.SlaveWingCommanderCD32.Slave;0;0;0;0
0;Wing Commander (German);Action / Shooter / 3D;Games:W/WingCommanderDe/WingCommanderDe.SlaveWingCommanderDe.SlaveWingCommanderDe.SlaveWingCommanderDe.Slave;0;0;0;0
0;Wings;Simulator / Plane / WW1;Games:W/Wings/Wings.slaveWings.slaveWings.slaveWings.slave;0;0;0;0
0;Wings of Death;Action / Shooter / Vertical;Games:W/WingsOfDeath/WingsOfDeath.SlaveWingsOfDeath.SlaveWingsOfDeath.SlaveWingsOfDeath.Slave;0;0;0;0
0;Wings Of Fury;Action / Shooter / Horizontal;Games:W/WingsOfFury/WingsOfFury.SlaveWingsOfFury.SlaveWingsOfFury.SlaveWingsOfFury.Slave;0;0;0;0
0;Wings Of Fury (Fast Mem);Action / Shooter / Horizontal;Games:W/WingsOfFuryFast/WingsOfFuryFast.SlaveWingsOfFuryFast.SlaveWingsOfFuryFast.SlaveWingsOfFuryFast.Slave;0;0;0;0
0;Winnie The Pooh in the Hundred Acre Wood;Adventure / Graphic;Games:W/WinnieThePooh/WinnieThePooh.SlaveWinnieThePooh.SlaveWinnieThePooh.SlaveWinnieThePooh.Slave;0;0;0;0
0;Winning Post;Gambling / Fruit Machine;Games:W/WinningPost/WinningPost.SlaveWinningPost.SlaveWinningPost.SlaveWinningPost.Slave;0;0;0;0
0;Winter Camp;Sport / Winter;Games:W/WinterCamp/WinterCamp.SlaveWinterCamp.SlaveWinterCamp.SlaveWinterCamp.Slave;0;0;0;0
0;Winter Challenge - World Class Competition (NTSC);Sport / Winter;Games:W/WinterChallengeNTSC/WinterChallengeNTSC.SlaveWinterChallengeNTSC.SlaveWinterChallengeNTSC.SlaveWinterChallengeNTSC.Slave;0;0;0;0
0;Winter Games;Sport / Winter;Games:W/WinterGames/WinterGames.SlaveWinterGames.SlaveWinterGames.SlaveWinterGames.Slave;0;0;0;0
0;Winter Olympiad 88;Sport / Winter;Games:W/WinterOlympiad88/WinterOlympiad88.SlaveWinterOlympiad88.SlaveWinterOlympiad88.SlaveWinterOlympiad88.Slave;0;0;0;0
0;Winter Olympics;Sport / Winter;Games:W/WinterOlympics/WinterOlympics.SlaveWinterOlympics.SlaveWinterOlympics.SlaveWinterOlympics.Slave;0;0;0;0
0;Winter Supersports 92;Sport / Winter;Games:W/WinterSupersports92/WinterSupersports92.SlaveWinterSupersports92.SlaveWinterSupersports92.SlaveWinterSupersports92.Slave;0;0;0;0
0;Winzer;Management / Business;Games:W/Winzer/Winzer.slaveWinzer.slaveWinzer.slaveWinzer.slave;0;0;0;0
0;Winzer (CDTV) (German);Management / Business;Games:W/WinzerDeCDTV/WinzerDeCDTV.slaveWinzerDeCDTV.slaveWinzerDeCDTV.slaveWinzerDeCDTV.slave;0;0;0;0
0;Winzer (German);Management / Business;Games:W/WinzerDe/WinzerDe.slaveWinzerDe.slaveWinzerDe.slaveWinzerDe.slave;0;0;0;0
0;Wipe Out;Action / Multi Level;Games:W/WipeOut/WipeOut.slaveWipeOut.slaveWipeOut.slaveWipeOut.slave;0;0;0;0
0;Wisielec (Polish);Puzzle / 2D;Games:W/WisielecPl/WisielecPl.SlaveWisielecPl.SlaveWisielecPl.SlaveWisielecPl.Slave;0;0;0;0
0;Wiz'n'Liz;Platform / Action;Games:W/WizNLiz/WizNLiz.SlaveWizNLiz.SlaveWizNLiz.SlaveWizNLiz.Slave;0;0;0;0
0;Wizardry VI - Bane of Cosmic Forge;RPG / Dungeon Crawler;Games:W/Wizardry6BaneCosmicForg/Wizardry6BaneCosmicForg.slaveWizardry6BaneCosmicForg.slaveWizardry6BaneCosmicForg.slaveWizardry6BaneCosmicForg.slave;0;0;0;0
0;Wizardry VI - Bane of Cosmic Forge (German);RPG / Dungeon Crawler;Games:W/Wizardry6BaneCosmicForgDe/Wizardry6BaneCosmicForgDe.slaveWizardry6BaneCosmicForgDe.slaveWizardry6BaneCosmicForgDe.slaveWizardry6BaneCosmicForgDe.slave;0;0;0;0
0;Wizball;Action / Shooter / Horizontal;Games:W/Wizball/Wizball.SlaveWizball.SlaveWizball.SlaveWizball.Slave;0;0;0;0
0;Wizkid - The Story Of Wizball 2;Puzzle / 2D;Games:W/Wizkid/Wizkid.slaveWizkid.slaveWizkid.slaveWizkid.slave;0;0;0;0
0;Wolfchild;Action / Fighter 2D;Games:W/Wolfchild/Wolfchild.slaveWolfchild.slaveWolfchild.slaveWolfchild.slave;0;0;0;0
0;Wolfpack;Simulator / Submarine;Games:W/Wolfpack/Wolfpack.SlaveWolfpack.SlaveWolfpack.SlaveWolfpack.Slave;0;0;0;0
0;Wonder Dog;Platform / Action;Games:W/WonderDog/WonderDog.slaveWonderDog.slaveWonderDog.slaveWonderDog.slave;0;0;0;0
0;Wonderboy in Monsterland;Platform / Action;Games:W/WonderboyInMonsterland/WonderboyInMonsterland.SlaveWonderboyInMonsterland.SlaveWonderboyInMonsterland.SlaveWonderboyInMonsterland.Slave;0;0;0;0
0;Wonderland - Dream The Dream;Adventure / Text;Games:W/Wonderland/Wonderland.SlaveWonderland.SlaveWonderland.SlaveWonderland.Slave;0;0;0;0
0;Woody's World;Platform / Action;Games:W/WoodysWorld/WoodysWorld.SlaveWoodysWorld.SlaveWoodysWorld.SlaveWoodysWorld.Slave;0;0;0;0
0;World Championship Boxing Manager;Management / Sport;Games:W/WorldChampBoxingManager/WorldChampBoxingManager.SlaveWorldChampBoxingManager.SlaveWorldChampBoxingManager.SlaveWorldChampBoxingManager.Slave;0;0;0;0
0;World Championship Soccer;Sport / Football / Soccer;Games:W/WorldChampionshipSoccer/WorldChampSoccer.SlaveWorldChampSoccer.SlaveWorldChampSoccer.SlaveWorldChampSoccer.Slave;0;0;0;0
0;World Circuit (NTSC);Racing / Car / Driver View;Games:W/WorldCircuitNTSC/WorldCircuitNTSC.SlaveWorldCircuitNTSC.SlaveWorldCircuitNTSC.SlaveWorldCircuitNTSC.Slave;0;0;0;0
0;World Class Leaderboard Golf;Sport / Golf;Games:W/WCLeaderBoard/WCLeaderBoard.slaveWCLeaderBoard.slaveWCLeaderBoard.slaveWCLeaderBoard.slave;0;0;0;0
0;World Class Leaderboard Golf & Data Disks;Sport / Golf;Games:W/WCLeaderBoard&DataDisks/WCLeaderBoard&DataDisks.slaveWCLeaderBoard&DataDisks.slaveWCLeaderBoard&DataDisks.slaveWCLeaderBoard&DataDisks.slave;0;0;0;0
0;World Class Rugby;Sport / Rugby;Games:W/WorldClassRugby/WorldClassRugby.SlaveWorldClassRugby.SlaveWorldClassRugby.SlaveWorldClassRugby.Slave;0;0;0;0
0;World Class Rugby '95;Sport / Rugby;Games:W/WorldClassRugby95/WorldClassRugby95.SlaveWorldClassRugby95.SlaveWorldClassRugby95.SlaveWorldClassRugby95.Slave;0;0;0;0
0;World Class Rugby 5 Nations Edition;Sport / Rugby;Games:W/WorldClassRugby5Nations/WorldClassRugby5Nations.SlaveWorldClassRugby5Nations.SlaveWorldClassRugby5Nations.SlaveWorldClassRugby5Nations.Slave;0;0;0;0
0;World Class Soccer;Sport / Football / Soccer;Games:W/WorldClassSoccer/WorldClassSoccer.slaveWorldClassSoccer.slaveWorldClassSoccer.slaveWorldClassSoccer.slave;0;0;0;0
0;World Cricket;Sport / Cricket;Games:W/WorldCricket/WorldCricket.SlaveWorldCricket.SlaveWorldCricket.SlaveWorldCricket.Slave;0;0;0;0
0;World Cup 90;Sport / Football / Soccer;Games:W/WorldCup90/WorldCup90.SlaveWorldCup90.SlaveWorldCup90.SlaveWorldCup90.Slave;0;0;0;0
0;World Darts;Sport / Darts;Games:W/WorldDarts/WorldDarts.SlaveWorldDarts.SlaveWorldDarts.SlaveWorldDarts.Slave;0;0;0;0
0;World Darts (Arcadia);Sport / Darts;Games:W/WorldDartsArcadia/WorldDartsArcadia.SlaveWorldDartsArcadia.SlaveWorldDartsArcadia.SlaveWorldDartsArcadia.Slave;0;0;0;0
0;World Games (NTSC);Sport / Multi;Games:W/WorldGamesNTSC/WorldGamesNTSC.SlaveWorldGamesNTSC.SlaveWorldGamesNTSC.SlaveWorldGamesNTSC.Slave;0;0;0;0
0;World Rugby;Management / Sport;Games:W/WorldRugby/WorldRugby.SlaveWorldRugby.SlaveWorldRugby.SlaveWorldRugby.Slave;0;0;0;0
0;World Soccer;Management / Sport;Games:W/WorldSoccer/WorldSoccer.SlaveWorldSoccer.SlaveWorldSoccer.SlaveWorldSoccer.Slave;0;0;0;0
0;World Tour Golf;Sport / Golf;Games:W/WorldTourGolf/WorldTourGolf.SlaveWorldTourGolf.SlaveWorldTourGolf.SlaveWorldTourGolf.Slave;0;0;0;0
0;World Trophy Soccer (Arcadia);Sport / Football / Soccer;Games:W/WorldTrophySoccerArcadia/WorldTrophySoccerArcadia.SlaveWorldTrophySoccerArcadia.SlaveWorldTrophySoccerArcadia.SlaveWorldTrophySoccerArcadia.Slave;0;0;0;0
0;Worlds of Legend - Son of the Empire;RPG / Isometric;Games:W/WorldsOfLegend/WorldsOfLegend.slaveWorldsOfLegend.slaveWorldsOfLegend.slaveWorldsOfLegend.slave;0;0;0;0
0;Worms - The Director's Cut (AGA);Action / Duel / Versus;Games:W/WormsDCAGA/WormsDCAGA.SlaveWormsDCAGA.SlaveWormsDCAGA.SlaveWormsDCAGA.Slave;0;0;0;0
0;Worms - The Director's Cut (AGA) (12MB);Action / Duel / Versus;Games:W/WormsDCAGA12MB/WormsDCAGA12MB.SlaveWormsDCAGA12MB.SlaveWormsDCAGA12MB.SlaveWormsDCAGA12MB.Slave;0;0;0;0
0;Worms - The Director's Cut (AGA) (8MB);Action / Duel / Versus;Games:W/WormsDCAGA8MB/WormsDCAGA8MB.SlaveWormsDCAGA8MB.SlaveWormsDCAGA8MB.SlaveWormsDCAGA8MB.Slave;0;0;0;0
0;Worms (1MB);Action / Duel / Versus;Games:W/Worms1MB/Worms1MB.SlaveWorms1MB.SlaveWorms1MB.SlaveWorms1MB.Slave;0;0;0;0
0;Worms (2MB);Action / Duel / Versus;Games:W/Worms2MB/Worms2MB.SlaveWorms2MB.SlaveWorms2MB.SlaveWorms2MB.Slave;0;0;0;0
0;Worms (CD32) (1MB);Action / Duel / Versus;Games:W/WormsCD321MB/WormsCD321MB.SlaveWormsCD321MB.SlaveWormsCD321MB.SlaveWormsCD321MB.Slave;0;0;0;0
0;Worms (CD32) (2MB);Action / Duel / Versus;Games:W/WormsCD322MB/WormsCD322MB.SlaveWormsCD322MB.SlaveWormsCD322MB.SlaveWormsCD322MB.Slave;0;0;0;0
0;Wormsigns;Reaction / 2D;Games:W/Wormsigns/Wormsigns.SlaveWormsigns.SlaveWormsigns.SlaveWormsigns.Slave;0;0;0;0
0;Wrangler;Puzzle / Isometric;Games:W/Wrangler/Wrangler.SlaveWrangler.SlaveWrangler.SlaveWrangler.Slave;0;0;0;0
0;Wrath Of The Demon;Adventure / Action;Games:W/WrathOfTheDemon/WrathOfTheDemon.SlaveWrathOfTheDemon.SlaveWrathOfTheDemon.SlaveWrathOfTheDemon.Slave;0;0;0;0
0;Wrath Of The Demon (CDTV);Adventure / Action;Games:W/WrathOfTheDemonCDTV/WrathOfTheDemonCDTV.slaveWrathOfTheDemonCDTV.slaveWrathOfTheDemonCDTV.slaveWrathOfTheDemonCDTV.slave;0;0;0;0
0;Wreckers;Adventure / Isometric;Games:W/Wreckers/Wreckers.SlaveWreckers.SlaveWreckers.SlaveWreckers.Slave;0;0;0;0
0;WWF European Rampage;Sport / Wrestling;Games:W/WWFEuropeanRampageTour/WWFEuropeanRampageTour.SlaveWWFEuropeanRampageTour.SlaveWWFEuropeanRampageTour.SlaveWWFEuropeanRampageTour.Slave;0;0;0;0
0;WWF Wrestlemania;Sport / Wrestling;Games:W/WWFWrestleMania/WWFWrestlemania.slaveWWFWrestlemania.slaveWWFWrestlemania.slaveWWFWrestlemania.slave;0;0;0;0
0;X-It;Puzzle / 2D;Games:X/XIt/XIt.SlaveXIt.SlaveXIt.SlaveXIt.Slave;0;0;0;0
0;X-Out (One Disk);Action / Shooter / Horizontal;Games:X/XOut1Disk/XOut1Disk.SlaveXOut1Disk.SlaveXOut1Disk.SlaveXOut1Disk.Slave;0;0;0;0
0;X-Out (Two Disk);Action / Shooter / Horizontal;Games:X/XOut2Disk/XOut2Disk.SlaveXOut2Disk.SlaveXOut2Disk.SlaveXOut2Disk.Slave;0;0;0;0
0;Xenex (PD);Action / Shooter / 2D;Games:X/Xenex/Xenex.SlaveXenex.SlaveXenex.SlaveXenex.Slave;0;0;0;0
0;Xenomorph;RPG / Dungeon Crawler;Games:X/Xenomorph/Xenomorph.slaveXenomorph.slaveXenomorph.slaveXenomorph.slave;0;0;0;0
0;Xenon;Action / Shooter / Vertical;Games:X/Xenon/Xenon.slaveXenon.slaveXenon.slaveXenon.slave;0;0;0;0
0;Xenon (Arcadia);Action / Shooter / Vertical;Games:X/XenonArcadia/XenonArcadia.slaveXenonArcadia.slaveXenonArcadia.slaveXenonArcadia.slave;0;0;0;0
0;Xenon 2 - Megablast (CDTV);Action / Shooter / Vertical;Games:X/Xenon2CDTV/Xenon2CDTV.SlaveXenon2CDTV.SlaveXenon2CDTV.SlaveXenon2CDTV.Slave;0;0;0;0
0;Xenon 2 - Megablast (Game Demo);Action / Shooter / Vertical;Games:X/Xenon2Demo/Xenon2Demo.SlaveXenon2Demo.SlaveXenon2Demo.SlaveXenon2Demo.Slave;0;0;0;0
0;Xenon 2 - Megablast (NTSC);Action / Shooter / Vertical;Games:X/Xenon2NTSC/Xenon2NTSC.SlaveXenon2NTSC.SlaveXenon2NTSC.SlaveXenon2NTSC.Slave;0;0;0;0
0;Xenon 2 - Megablast (One Disk);Action / Shooter / Vertical;Games:X/Xenon21Disk/Xenon21Disk.SlaveXenon21Disk.SlaveXenon21Disk.SlaveXenon21Disk.Slave;0;0;0;0
0;Xenon 2 - Megablast (Two Disk);Action / Shooter / Vertical;Games:X/Xenon22Disk/Xenon22Disk.SlaveXenon22Disk.SlaveXenon22Disk.SlaveXenon22Disk.Slave;0;0;0;0
0;Xenophobe;Action / Shooter / 2D;Games:X/Xenophobe/Xenophobe.slaveXenophobe.slaveXenophobe.slaveXenophobe.slave;0;0;0;0
0;Xiphos - The Universe Unfolds;Strategy / Space;Games:X/Xiphos/Xiphos.SlaveXiphos.SlaveXiphos.SlaveXiphos.Slave;0;0;0;0
0;Xmas Lemmings 1991 (Game Demo) (Coverdisk);Platform / Puzzle;Games:L/LemmingsXmasDemo1991/LemmingsXmasDemo1991.slaveLemmingsXmasDemo1991.slaveLemmingsXmasDemo1991.slaveLemmingsXmasDemo1991.slave;0;0;0;0
0;Xmas Lemmings 1992 (Game Demo);Platform / Puzzle;Games:L/LemmingsXmasDemo1992/LemmingsXmasDemo1992.SlaveLemmingsXmasDemo1992.SlaveLemmingsXmasDemo1992.SlaveLemmingsXmasDemo1992.Slave;0;0;0;0
0;XP8;Action / Shooter / Vertical;Games:X/XP8/XP8.slaveXP8.slaveXP8.slaveXP8.slave;0;0;0;0
0;XP8 (AGA);Action / Shooter / Vertical;Games:X/XP8AGA/XP8AGA.slaveXP8AGA.slaveXP8AGA.slaveXP8AGA.slave;0;0;0;0
0;XR-35;Action / Shooter / Horizontal;Games:X/XR35/XR35.SlaveXR35.SlaveXR35.SlaveXR35.Slave;0;0;0;0
0;XTreme Racing (AGA);Racing / Car / Chase View;Games:X/XTremeRacingAGA/XTremeRacingAGA.slaveXTremeRacingAGA.slaveXTremeRacingAGA.slaveXTremeRacingAGA.slave;0;0;0;0
0;XTreme Racing & Data Disks (AGA);Racing / Car / Chase View;Games:X/XTremeRacing&DataDisksAGA/XTremeRacing&DataDisksAGA.slaveXTremeRacing&DataDisksAGA.slaveXTremeRacing&DataDisksAGA.slaveXTremeRacing&DataDisksAGA.slave;0;0;0;0
0;Xybots;Action / Shooter / 3D;Games:X/Xybots/Xybots.SlaveXybots.SlaveXybots.SlaveXybots.Slave;0;0;0;0
0;Yo! Joe! - Beat The Ghosts;Platform / Action;Games:Y/YoJoe/YoJoe.SlaveYoJoe.SlaveYoJoe.SlaveYoJoe.Slave;0;0;0;0
0;Yo! Joe! (Game Demo);Platform / Action;Games:Y/YoJoeDemo/YoJoeDemo.SlaveYoJoeDemo.SlaveYoJoeDemo.SlaveYoJoeDemo.Slave;0;0;0;0
0;Yogi Bear & Friends in The Greed Monster;Adventure / Action;Games:Y/YogiBear&Friends/YogiBear&Friends.SlaveYogiBear&Friends.SlaveYogiBear&Friends.SlaveYogiBear&Friends.Slave;0;0;0;0
0;Yogi's Big Clean Up;Platform / Action;Games:Y/YogisBigCleanUp/YogisBigCleanUp.SlaveYogisBigCleanUp.SlaveYogisBigCleanUp.SlaveYogisBigCleanUp.Slave;0;0;0;0
0;Yogi's Great Escape;Platform / Action;Games:Y/YogisGreatEscape/YogisGreatEscape.SlaveYogisGreatEscape.SlaveYogisGreatEscape.SlaveYogisGreatEscape.Slave;0;0;0;0
0;Yolanda - The Ultimate Challenge (Files);Action / Fighter 2D;Games:Y/YolandaFiles/YolandaFiles.SlaveYolandaFiles.SlaveYolandaFiles.SlaveYolandaFiles.Slave;0;0;0;0
0;Yolanda - The Ultimate Challenge (Image);Action / Fighter 2D;Games:Y/YolandaImage/YolandaImage.SlaveYolandaImage.SlaveYolandaImage.SlaveYolandaImage.Slave;0;0;0;0
0;Z-Out;Action / Shooter / Horizontal;Games:Z/ZOut/ZOut.slaveZOut.slaveZOut.slaveZOut.slave;0;0;0;0
0;Za ?elazn? Bram? (Polish);Action / FPS;Games:Z/ZaZelaznaBramaPl/ZaZelaznaBramaPl.SlaveZaZelaznaBramaPl.SlaveZaZelaznaBramaPl.SlaveZaZelaznaBramaPl.Slave;0;0;0;0
0;Zak McKracken;Adventure / Point & Click;Games:Z/ZakMcKracken/ZakMcKracken.slaveZakMcKracken.slaveZakMcKracken.slaveZakMcKracken.slave;0;0;0;0
0;Zak McKracken (French);Adventure / Point & Click;Games:Z/ZakMcKrackenFr/ZakMcKrackenFr.slaveZakMcKrackenFr.slaveZakMcKrackenFr.slaveZakMcKrackenFr.slave;0;0;0;0
0;Zak McKracken (German);Adventure / Point & Click;Games:Z/ZakMcKrackenDe/ZakMcKrackenDe.slaveZakMcKrackenDe.slaveZakMcKrackenDe.slaveZakMcKrackenDe.slave;0;0;0;0
0;Zak McKracken (Italian);Adventure / Point & Click;Games:Z/ZakMcKrackenIt/ZakMcKrackenIt.slaveZakMcKrackenIt.slaveZakMcKrackenIt.slaveZakMcKrackenIt.slave;0;0;0;0
0;Zany Golf (NTSC);Sport / Miniature Golf;Games:Z/ZanyGolfNTSC/ZanyGolfNTSC.slaveZanyGolfNTSC.slaveZanyGolfNTSC.slaveZanyGolfNTSC.slave;0;0;0;0
0;Zarathrusta;Reaction / Gravity;Games:Z/Zarathrusta/Zarathrusta.slaveZarathrusta.slaveZarathrusta.slaveZarathrusta.slave;0;0;0;0
0;Zaxxon (512KB);Action / Shooter / Isometric;Games:Z/Zaxxon512KB/Zaxxon512KB.SlaveZaxxon512KB.SlaveZaxxon512KB.SlaveZaxxon512KB.Slave;0;0;0;0
0;Zaxxon (PD) (1MB);Action / Shooter / Isometric;Games:Z/Zaxxon1MB/Zaxxon1MB.SlaveZaxxon1MB.SlaveZaxxon1MB.SlaveZaxxon1MB.Slave;0;0;0;0
0;Zeewolf;Action / Shooter / 3D;Games:Z/Zeewolf/Zeewolf.slaveZeewolf.slaveZeewolf.slaveZeewolf.slave;0;0;0;0
0;Zeewolf 2 - Wild Justice;Action / Shooter / 3D;Games:Z/Zeewolf2/Zeewolf2.SlaveZeewolf2.SlaveZeewolf2.SlaveZeewolf2.Slave;0;0;0;0
0;Zero Gravity;Bat & Ball / 3D;Games:Z/ZeroGravity/ZeroGravity.SlaveZeroGravity.SlaveZeroGravity.SlaveZeroGravity.Slave;0;0;0;0
0;Ziriax;Action / Shooter / Horizontal;Games:Z/Ziriax/Ziriax.slaveZiriax.slaveZiriax.slaveZiriax.slave;0;0;0;0
0;Zombi;Adventure / Action;Games:Z/Zombi/Zombi.slaveZombi.slaveZombi.slaveZombi.slave;0;0;0;0
0;Zombi (French);Adventure / Action;Games:Z/ZombiFr/ZombiFr.SlaveZombiFr.SlaveZombiFr.SlaveZombiFr.Slave;0;0;0;0
0;Zombi (German);Adventure / Action;Games:Z/ZombiDe/ZombiDe.SlaveZombiDe.SlaveZombiDe.SlaveZombiDe.Slave;0;0;0;0
0;Zombie Apocalypse;Action / Shooter / Crosshair;Games:Z/ZombieApocalypse/ZombieApocalypse.SlaveZombieApocalypse.SlaveZombieApocalypse.SlaveZombieApocalypse.Slave;0;0;0;0
0;Zombie Apocalypse 2 (PD) (AGA);Action / Shooter / Crosshair;Games:Z/ZombieApocalypse2AGA/ZombieApocalypse2AGA.SlaveZombieApocalypse2AGA.SlaveZombieApocalypse2AGA.SlaveZombieApocalypse2AGA.Slave;0;0;0;0
0;Zone Warrior;Action / Shooter / 2D;Games:Z/ZoneWarrior/ZoneWarrior.slaveZoneWarrior.slaveZoneWarrior.slaveZoneWarrior.slave;0;0;0;0
0;Zool;Platform / Action;Games:Z/Zool/Zool.slaveZool.slaveZool.slaveZool.slave;0;0;0;0
0;Zool (AGA);Platform / Action;Games:Z/ZoolAGA/ZoolAGA.slaveZoolAGA.slaveZoolAGA.slaveZoolAGA.slave;0;0;0;0
0;Zool (CD32);Platform / Action;Games:Z/ZoolCD32/ZoolCD32.slaveZoolCD32.slaveZoolCD32.slaveZoolCD32.slave;0;0;0;0
0;Zool (NTSC) (CD32);Platform / Action;Games:Z/ZoolCD32NTSC/ZoolCD32NTSC.slaveZoolCD32NTSC.slaveZoolCD32NTSC.slaveZoolCD32NTSC.slave;0;0;0;0
0;Zool 2;Platform / Action;Games:Z/Zool2/Zool2.SlaveZool2.SlaveZool2.SlaveZool2.Slave;0;0;0;0
0;Zool 2 (AGA);Platform / Action;Games:Z/Zool2AGA/Zool2AGA.SlaveZool2AGA.SlaveZool2AGA.SlaveZool2AGA.Slave;0;0;0;0
0;Zoom!;Puzzle / Isometric;Games:Z/Zoom/Zoom.SlaveZoom.SlaveZoom.SlaveZoom.Slave;0;0;0;0
0;Zyconix;Puzzle / 2D;Games:Z/Zyconix/Zyconix.SlaveZyconix.SlaveZyconix.SlaveZyconix.Slave;0;0;0;0
0;Zynaps;Action / Shooter / Horizontal;Games:Z/Zynaps/Zynaps.slaveZynaps.slaveZynaps.slaveZynaps.slave;0;0;0;0
